url,name,discount,price,location,image_url,cleaned_name
https://www.lazada.vn/products/pdp-i3112290630.html,Điện Thoại Samsung Galaxy S23 FE 5G (8GB/128GB) Chính Hãng 100% Full Box Nguyên Seal Bảo Hành 18 Tháng,43,3899000,Hà Nội,https://img.lazcdn.com/g/p/e811068eabcb8171a28daba68fc56c08.jpg_200x200q80.avif,i n Tho i Samsung Galaxy S23 FE 5G 8GB/128GB Ch nh H ng 100 Full Box Nguy n Seal B o H nh 18 Th ng
https://www.lazada.vn/products/pdp-i3111838730.html,Điện Thoại HONOR X9A 5G (8GB/256GB) Chính hãng Full Box Nguyên Seal Bảo Hành 18 Tháng,46,3499000,Hà Nội,https://img.lazcdn.com/g/p/b4fdbbe41041e03d6edfefeb315b1890.jpg_200x200q80.avif,i n Tho i HONOR X9A 5G 8GB/256GB Ch nh h ng Full Box Nguy n Seal B o H nh 18 Th ng
https://www.lazada.vn/products/pdp-i3111829485.html,Điện thoại Samsung S24 FE 5G (8Gb/128Gb) Chính hãng Samsung Việt Nam Mới 100% Nguyên Seal,29,11990000,Hà Nội,https://img.lazcdn.com/g/p/b23e3a0fc01acd35cae1ca364555f395.jpg_200x200q80.avif,i n tho i Samsung S24 FE 5G 8Gb/128Gb Ch nh h ng Samsung Vi t Nam M i 100 Nguy n Seal
https://www.lazada.vn/products/pdp-i3111790648.html,Điện Thoại HONOR X9A 5G (8GB/256GB) Chính hãng Full Box Nguyên Seal Bảo Hành 18 Tháng,46,3599000,Hà Nội,https://img.lazcdn.com/g/p/037575ef67f1926c32e8dc6e0e316d63.jpg_200x200q80.avif,i n Tho i HONOR X9A 5G 8GB/256GB Ch nh h ng Full Box Nguy n Seal B o H nh 18 Th ng
https://www.lazada.vn/products/pdp-i3111772655.html,Điện Thoại ZTE Libero Flip 5G (6GB/128GB) Chính Hãng 100% Mới Full Box Nguyên Seal Bảo Hành 18 Tháng,32,3199000,Hà Nội,https://img.lazcdn.com/g/p/5310423905813416e3f1cacf7dd4f61b.jpg_200x200q80.avif,i n Tho i ZTE Libero Flip 5G 6GB/128GB Ch nh H ng 100 M i Full Box Nguy n Seal B o H nh 18 Th ng
https://www.lazada.vn/products/pdp-i3111772651.html,Điện Thoại POCO X6 PRO 5G (8GB/256GB) Chính Hãng 100% Full Box Nguyên Seal Bảo Hành 18 Tháng,45,3599000,Hà Nội,https://img.lazcdn.com/g/p/23d711e076fb44fc3b3750d8803af188.jpg_200x200q80.avif,i n Tho i POCO X6 Pro 5G 8GB/256GB Ch nh H ng 100 Full Box Nguy n Seal B o H nh 18 Th ng
https://www.lazada.vn/products/pdp-i3111766462.html,Điện Thoại TECNO POVA 5 4G (8+8GB/128GB) Chính Hãng 100% Full Box Nguyên Seal Bảo Hành 18 Tháng,43,2599000,Hà Nội,https://img.lazcdn.com/g/p/771933e4dbf0bca8580a609be1a4782c.jpg_200x200q80.avif,i n Tho i TECNO POVA 5 4G 8+8GB/128GB Ch nh H ng 100 Full Box Nguy n Seal B o H nh 18 Th ng
https://www.lazada.vn/products/pdp-i3111765736.html,Điện Thoại Xiaomi 15 Pro 5G (12GB-256GB) Chính Hãng Like New Mới Đến 99% Không Zin Tặng Máy Bảo Hành 8 Tháng,30,6899000,Hà Nội,https://img.lazcdn.com/g/p/270cae19f34eba55c044bcaec6e081a2.jpg_200x200q80.avif,i n Tho i Xiaomi 15 Pro 5G 12GB-256GB Ch nh H ng Like New M i n 99 Kh ng Zin T ng M y B o H nh 8 Th ng
https://www.lazada.vn/products/pdp-i3111755571.html,Điện Thoại Xiaomi Redmi Note 13 Pro 5G (8GB-256GB) Chính Hãng 100% Full Box Nguyên Seal Bảo Hành 18 Tháng,40,3999000,Hà Nội,https://img.lazcdn.com/g/p/7db35c01e561f687c664327f25f7b546.jpg_200x200q80.avif,i n Tho i Xiaomi Redmi Note 13 Pro 5G 8GB-256GB Ch nh H ng 100 Full Box Nguy n Seal B o H nh 18 Th ng
https://www.lazada.vn/products/pdp-i3111751488.html,Điện Thoại Xiaomi 14T 5G (12GB/512GB) Chính Hãng 100% Full Box Nguyên Seal Bảo Hành 18 Tháng,42,4399000,Hà Nội,https://img.lazcdn.com/g/p/5906d9a83c45a4b84bc1d743cba495f5.jpg_200x200q80.avif,i n Tho i Xiaomi 14T 5G 12GB/512GB Ch nh H ng 100 Full Box Nguy n Seal B o H nh 18 Th ng
https://www.lazada.vn/products/pdp-i3111743569.html,Điện Thoại Sony Xperia 5 Mark 2 5G (8GB-256GB) Chính Hãng Like New Mới Đến 99% Bảo Hành 6 Tháng,27,3599000,Hà Nội,https://img.lazcdn.com/g/p/5631cb3d18114bc54fc59ac2ff840453.jpg_200x200q80.avif,i n Tho i Sony Xperia 5 Mark 2 5G 8GB-256GB Ch nh H ng Like New M i n 99 B o H nh 6 Th ng
https://www.lazada.vn/products/pdp-i3111730744.html,Điện thoại TECNO SPARK 20 8GB 128GB - Bảo hành 12 tháng,39,2050000,Hà Nội,https://img.lazcdn.com/g/p/eb079bd61eeb54a85134e3ccb87eede9.jpg_200x200q80.avif,i n tho i TECNO SPARK 20 8GB 128GB - B o h nh 12 th ng
https://www.lazada.vn/products/pdp-i3111729562.html,Điện Thoại TECNO SPARK 20 4G (8+8GB/128GB) Chính Hãng 100% Full Box Nguyên Seal Bảo Hành 18 Tháng,29,2499000,Hà Nội,https://img.lazcdn.com/g/p/a4f9b3531dd8ec06053fd80f17a918cd.jpg_200x200q80.avif,i n Tho i TECNO SPARK 20 4G 8+8GB/128GB Ch nh H ng 100 Full Box Nguy n Seal B o H nh 18 Th ng
https://www.lazada.vn/products/pdp-i3111711584.html,[Chính hãng]Điện thoại 0PP0_Ren0 13 pro 5G (12/512) - BH 12 tháng Lỗi 1 đổi 1 trong 30 ngày,0,1500000,Hải Phòng,https://img.lazcdn.com/g/p/9e45167268e9767cf8e3ad3179ce3ebe.jpg_200x200q80.avif,Ch nh h ng i n tho i OPPO Ren0 13 Pro 5G 12/512 - BH 12 th ng L i 1 i 1 trong 30 ng y
https://www.lazada.vn/products/pdp-i3111705742.html,Điện Thoại Xiaomi Redmi Note 14 Pro 5G (8GB/256GB) Chính Hãng Full Box Nguyên Seal Bảo Hành 18 Tháng,36,4299000,Hà Nội,https://img.lazcdn.com/g/p/3ddd9f6ddb422899152ddb47b1534312.jpg_200x200q80.avif,i n Tho i Xiaomi Redmi Note 14 Pro 5G 8GB/256GB Ch nh H ng Full Box Nguy n Seal B o H nh 18 Th ng
https://www.lazada.vn/products/pdp-i3111692687.html,Điện Thoại Xiaomi 14 5G (16GB/512GB) Chính Hãng 100% Nguyên Kiện Full Box Nguyên Seal Bảo Hành 18 Tháng,36,4199000,Hà Nội,https://img.lazcdn.com/g/p/a7f0b9d17b3ea9549306445bdb43a229.jpg_200x200q80.avif,i n Tho i Xiaomi 14 5G 16GB/512GB Ch nh H ng 100 Nguy n Ki n Full Box Nguy n Seal B o H nh 18 Th ng
https://www.lazada.vn/products/pdp-i3111691890.html,Điện Thoại HONOR X9c 5G (12GB/256GB) Chính Hàng 100% Full Box Nguyên Seal Bảo Hành 18 Tháng,41,3899000,Hà Nội,https://img.lazcdn.com/g/p/150d39ffd0e577dfa006b66d6af329ab.jpg_200x200q80.avif,i n Tho i HONOR X9c 5G 12GB/256GB Ch nh H ng 100 Full Box Nguy n Seal B o H nh 18 Th ng
https://www.lazada.vn/products/pdp-i3111684720.html,Điện Thoại Xiaomi 13T 5G (12GB/256GB) Chính Hãng 100% Full Box Nguyên Seal Bảo Hành 18 Tháng,46,3599000,Hà Nội,https://img.lazcdn.com/g/p/0bfa0a0e83053500fbd976cc351aff7b.jpg_200x200q80.avif,i n Tho i Xiaomi 13T 5G 12GB/256GB Ch nh H ng 100 Full Box Nguy n Seal B o H nh 18 Th ng
https://www.lazada.vn/products/pdp-i3111668847.html,Điện Thoại ZTE Blade A55 (4GB/64GB) Chính Hãng 100% Full Box Nguyên Seal Bảo Hành 18 Tháng,37,1899000,Hà Nội,https://img.lazcdn.com/g/p/d6f3cb12e2369915ed00952c88501671.jpg_200x200q80.avif,i n Tho i ZTE Blade A55 4GB/64GB Ch nh H ng 100 Full Box Nguy n Seal B o H nh 18 Th ng
https://www.lazada.vn/products/pdp-i3111664736.html,Điện Thoại Motorola Razr 50 Ultra (12GB - 256GB) Chính Hãng Like New Mới Đến 99% Bảo Hành 8 Tháng,32,5399000,Hà Nội,https://img.lazcdn.com/g/p/e19396d9cdb4939cea6d821d343d8b2d.jpg_200x200q80.avif,i n Tho i Motorola Razr 50 Ultra 12GB - 256GB Ch nh H ng Like New M i n 99 B o H nh 8 Th ng
https://www.lazada.vn/products/pdp-i3111657737.html,Điện Thoại Xiaomi Redmi Note 13 5G (8GB-256GB) Chính Hãng 100% Full Box Nguyên Seal Bảo Hành 18 Tháng,39,2999000,Hà Nội,https://img.lazcdn.com/g/p/d91260f81133ce7c563efc5cb218b084.jpg_200x200q80.avif,i n Tho i Xiaomi Redmi Note 13 5G 8GB-256GB Ch nh H ng 100 Full Box Nguy n Seal B o H nh 18 Th ng
https://www.lazada.vn/products/pdp-i3111485012.html,Điện Thoại Samsung Galaxy A15 4G (8GB/256GB) Chính Hãng 100% Full Box Nguyên Seal Bảo Hành 18 Tháng,36,3699000,Hà Nội,https://img.lazcdn.com/g/p/57a49456543a5ca8427a9e52c2088ddf.jpg_200x200q80.avif,i n Tho i Samsung Galaxy A15 4G 8GB/256GB Ch nh H ng 100 Full Box Nguy n Seal B o H nh 18 Th ng
https://www.lazada.vn/products/pdp-i3111480018.html,Điện Thoại Di Động HONOR X5 Plus 4G (4GB/64GB) Chính hãng 100% Full Box Nguyên Seal Bảo Hành 18 Tháng,37,1699000,Hà Nội,https://img.lazcdn.com/g/p/c3de1b123c4b91f3c3ea62be47d7dfd2.jpg_200x200q80.avif,i n Tho i Di ng HONOR X5 Plus 4G 4GB/64GB Ch nh h ng 100 Full Box Nguy n Seal B o H nh 18 Th ng
https://www.lazada.vn/products/pdp-i3111466056.html,Điện Thoại Xiaomi Redmi Note 14 4G (8GB/128GB) Chính Hãng 100% Full Box Nguyên Seal Bảo Hành 18 Tháng Lỗi 1 Đổi 1 Trong 30 Ngày,33,3799000,Hà Nội,https://img.lazcdn.com/g/p/7f0fd9464de418c3a83e22f8fb1de117.jpg_200x200q80.avif,i n Tho i Xiaomi Redmi Note 14 4G 8GB/128GB Ch nh H ng 100 Full Box Nguy n Seal B o H nh 18 Th ng L i 1 i 1 Trong 30 Ng y
https://www.lazada.vn/products/pdp-i3111394176.html,Điện Thoại Xiaomi Redmi 14C 4G (6GB/128GB) Chính Hãng 100% Mới Full Box Nguyên Seal Bảo Hành 18 Tháng,43,2599000,Hà Nội,https://img.lazcdn.com/g/p/dc646693cf7c2d23659eb0f1fab1bdea.jpg_200x200q80.avif,i n Tho i Xiaomi Redmi 14C 4G 6GB/128GB Ch nh H ng 100 M i Full Box Nguy n Seal B o H nh 18 Th ng
https://www.lazada.vn/products/pdp-i3111172825.html,Điện Thoại Xiaomi 14 Ultra 5G (16GB/512GB) Chính Hãng Like New Mới Đến 99% Bảo Hành 8 Tháng,26,6399000,Hà Nội,https://img.lazcdn.com/g/p/184f4aaedf5916f7c3305bb40823cdef.jpg_200x200q80.avif,i n Tho i Xiaomi 14 Ultra 5G 16GB/512GB Ch nh H ng Like New M i n 99 B o H nh 8 Th ng
https://www.lazada.vn/products/pdp-i3110146543.html,Điện thoại Samsung note 10 lite -Ram 8G,0,3400000,Bến Tre,https://img.lazcdn.com/g/ff/kf/Sd203287400294e96bc707762d187688fT.jpg_200x200q80.avif,i n tho i Samsung note 10 lite -Ram 8G
https://www.lazada.vn/products/pdp-i3109222008.html,điện thoại samsung note 10 lite Ram 8/128G,0,3400000,Bến Tre,https://img.lazcdn.com/g/ff/kf/S31220cb9dd464468a4dd63a2734bea50d.jpg_200x200q80.avif,i n tho i Samsung note 10 lite Ram 8/128G
https://www.lazada.vn/products/pdp-i3109125338.html,Điện Thoại Xiaomi 14T 5G (12GB/512GB) Chính Hãng 100% Full Box Nguyên Seal Bảo Hành 18 Tháng,43,4299000,Hà Nội,https://img.lazcdn.com/g/p/5906d9a83c45a4b84bc1d743cba495f5.jpg_200x200q80.avif,i n Tho i Xiaomi 14T 5G 12GB/512GB Ch nh H ng 100 Full Box Nguy n Seal B o H nh 18 Th ng
https://www.lazada.vn/products/pdp-i3109106495.html,Điện Thoại Motorola Razr 50 Ultra (12GB - 256GB) Chính Hãng Like New Mới Đến 99% Bảo Hành 8 Tháng,32,5199000,Hà Nội,https://img.lazcdn.com/g/p/c56832fbfd658c6734fbe0966cb3bc23.jpg_200x200q80.avif,i n Tho i Motorola Razr 50 Ultra 12GB - 256GB Ch nh H ng Like New M i n 99 B o H nh 8 Th ng
https://www.lazada.vn/products/pdp-i3109045862.html,Điện Thoại Di Động HONOR X5 Plus 4G (4GB/64GB) Chính hãng 100% Full Box Nguyên Seal Bảo Hành 18 Tháng,38,1599000,Hà Nội,https://img.lazcdn.com/g/p/c3de1b123c4b91f3c3ea62be47d7dfd2.jpg_200x200q80.avif,i n Tho i Di ng HONOR X5 Plus 4G 4GB/64GB Ch nh h ng 100 Full Box Nguy n Seal B o H nh 18 Th ng
https://www.lazada.vn/products/pdp-i3108998521.html,Điện Thoại TECNO SPARK 20 4G (8+8GB/128GB) Chính Hãng 100% Full Box Nguyên Seal Bảo Hành 18 Tháng,33,2399000,Hà Nội,https://img.lazcdn.com/g/p/42854d9f47c18acb4be7ad76f84bf3af.jpg_200x200q80.avif,i n Tho i TECNO SPARK 20 4G 8+8GB/128GB Ch nh H ng 100 Full Box Nguy n Seal B o H nh 18 Th ng
https://www.lazada.vn/products/pdp-i3108917122.html,Điện Thoại Google Pixel 7 5G (8GB|128GB) Chính Hãng Like New Mới Đến 99% Bảo Hành 6 Tháng,36,3799000,Hà Nội,https://img.lazcdn.com/g/p/618cfc79c88d7027c4c82630667474b3.jpg_200x200q80.avif,i n Tho i Google Pixel 7 5G 8GB 128GB Ch nh H ng Like New M i n 99 B o H nh 6 Th ng
https://www.lazada.vn/products/pdp-i3108909825.html,Điện Thoại Google Pixel 6 Pro 5G (12GB | 256GB) Chính Hãng Like New mới Đến 99% Bảo Hành 6 Tháng,45,3799000,Hà Nội,https://img.lazcdn.com/g/p/325e919cf9b594fa2449ce06e9131b35.jpg_200x200q80.avif,i n Tho i Google Pixel 6 Pro 5G 12GB 256GB Ch nh H ng Like New m i n 99 B o H nh 6 Th ng
https://www.lazada.vn/products/pdp-i3108898209.html,Điện Thoại Xiaomi Redmi Note 14 Pro 5G (8GB/256GB) Chính Hãng Full Box Nguyên Seal Bảo Hành 18 Tháng,40,4099000,Hà Nội,https://img.lazcdn.com/g/p/3ddd9f6ddb422899152ddb47b1534312.jpg_200x200q80.avif,i n Tho i Xiaomi Redmi Note 14 Pro 5G 8GB/256GB Ch nh H ng Full Box Nguy n Seal B o H nh 18 Th ng
https://www.lazada.vn/products/pdp-i3108846599.html,Điện Thoại Xiaomi Redmi Note 13 Pro 5G (8GB-256GB) Chính Hãng 100% Full Box Nguyên Seal Bảo Hành 18 Tháng,42,3899000,Hà Nội,https://img.lazcdn.com/g/p/fb33a4dd06711577cf176fcd1be97699.jpg_200x200q80.avif,i n Tho i Xiaomi Redmi Note 13 Pro 5G 8GB-256GB Ch nh H ng 100 Full Box Nguy n Seal B o H nh 18 Th ng
https://www.lazada.vn/products/pdp-i3108833332.html,Điện Thoại POCO X6 PRO 5G (8GB/256GB) Chính Hãng 100% Full Box Nguyên Seal Bảo Hành 18 Tháng,43,3799000,Hà Nội,https://img.lazcdn.com/g/p/a19a87551ed6ae59f9615a733f7530ba.jpg_200x200q80.avif,i n Tho i POCO X6 Pro 5G 8GB/256GB Ch nh H ng 100 Full Box Nguy n Seal B o H nh 18 Th ng
https://www.lazada.vn/products/pdp-i3108830562.html,Điện Thoại Realme GT Neo 7 5G (12GB-256GB) Chính Hãng 100% Full Box Nguyên Seal Bảo Hành 18 Tháng,45,3599000,Hà Nội,https://img.lazcdn.com/g/p/4fc6e6317d4bac8f9e370c5025f9ad2f.jpg_200x200q80.avif,i n Tho i Realme GT Neo 7 5G 12GB-256GB Ch nh H ng 100 Full Box Nguy n Seal B o H nh 18 Th ng
https://www.lazada.vn/products/pdp-i3108708875.html,Điện thoại ZTE Libero Flip (6GB/128GB) Chính Hãng 100% Full Box Nguyên Seal Bảo Hành 18 Tháng,33,3099000,Hà Nội,https://img.lazcdn.com/g/p/5310423905813416e3f1cacf7dd4f61b.jpg_200x200q80.avif,i n tho i ZTE Libero Flip 6GB/128GB Ch nh H ng 100 Full Box Nguy n Seal B o H nh 18 Th ng
https://www.lazada.vn/products/pdp-i3107921150.html,"Điện Thoại Oukitel WP38 4G | Pin 10600mAh, RAM 12GB, ROM 256GB, ANDROID 13",65,859250,Tuyên Quang,https://img.lazcdn.com/g/p/f0cec3b869cb9509c2750bd87011e971.jpg_200x200q80.avif,i n Tho i Oukitel WP38 4G Pin 10600mAh RAM 12GB ROM 256GB ANDROID 13
https://www.lazada.vn/products/pdp-i3107917161.html,"Điện thoại Redmi_n0te 13pr Ram 8GB/128GB pin 5000 mAh máy chính hãng, bảo hành 12 tháng",50,1200000,Tuyên Quang,https://img.lazcdn.com/g/p/0ae58627d8a42f5390b5278cd0d5a660.jpg_200x200q80.avif,i n tho i Redmi Note 13pr Ram 8GB/128GB pin 5000 mAh m y ch nh h ng b o h nh 12 th ng
https://www.lazada.vn/products/pdp-i3107891259.html,"Điện thoại mi Mi 15 Utra Cấu hình mạnh, cày game nặng siêu mượt (16+512GB) | Màn hình 6.73""",65,1120000,Tuyên Quang,https://img.lazcdn.com/g/p/e1b036f4d90d6246add04aa67b41a053.jpg_200x200q80.avif,i n tho i Xiaomi 15 Utra C u h nh m nh c y game n ng si u m t 16+512GB M n h nh 6 73
https://www.lazada.vn/products/pdp-i3107867316.html,"Oukitel WP32 Pro siêu bền(RAM 24Gb(6GB + 18GB),ROM 256GB,NFC,Màn hình 6.0 inch, Android 14,T606 Octa Core, OTG)",65,811300,Tuyên Quang,https://img.lazcdn.com/g/p/3044e756ab9ee3bef13162d3d04a2b48.jpg_200x200q80.avif,Oukitel WP32 Pro si u b n RAM 24Gb 6GB + 18GB ROM 256GB NFC M n h nh 6 0 inch Android 14 T606 Octa Core OTG
https://www.lazada.vn/products/pdp-i3107860346.html,"Điện thoại SS 23ut máy 2sim ram 12G/512G Chính Hãng, bảo hành 12 tháng",65,910000,Tuyên Quang,https://img.lazcdn.com/g/p/f28660b3cb1fadc4bc0251d0b6a92bf2.jpg_200x200q80.avif,i n tho i Samsung 23ut m y 2sim ram 12G/512G Ch nh H ng b o h nh 12 th ng
https://www.lazada.vn/products/pdp-i3107784706.html,"Điện thoại Ss M51 2sim ram 8G/128G, Cấu hình Cao Chiến mọi Game mượt, Chụp ảnh đẹp, VÂN TAY OK",50,700000,Cao Bằng,https://img.lazcdn.com/g/p/09690e5a3d594637b503730822509ecc.jpg_200x200q80.avif,i n tho i Samsung M51 2sim ram 8G/128G C u h nh Cao Chi n m i Game m t Ch p nh p V N TAY OK
https://www.lazada.vn/products/pdp-i3107782718.html,điện thoại 0PP0 Ren08pr0 5G (12GB/256GB) | Cấu hình Cao Chiến mọi Game mượt - Hàng chính hãng Bảo hành 12 tháng,50,900000,Tuyên Quang,https://img.lazcdn.com/g/p/674c91cf325950e41cd7550b3f1864cd.jpg_200x200q80.avif,i n tho i OPPO Ren08Pro 5G 12GB/256GB C u h nh Cao Chi n m i Game m t - H ng ch nh h ng B o h nh 12 th ng
https://www.lazada.vn/products/pdp-i3107762859.html,"Điện thoại Redmi_n0te 10pr0 Ram 8GB/128GB pin 5020 mAh máy chính hãng, bảo hành 12 tháng",50,800000,Tuyên Quang,https://img.lazcdn.com/g/p/2e3db16dc75b277df74c57c0515a4e6a.jpg_200x200q80.avif,i n tho i Redmi Note 10Pro Ram 8GB/128GB pin 5020 mAh m y ch nh h ng b o h nh 12 th ng
https://www.lazada.vn/products/pdp-i3107760841.html,"Điện thoại  Redmi_n0te 12 Ram 8GB/128GB pin 5000 mAh máy chính hãng, bảo hành 12 tháng",50,800000,Cao Bằng,https://img.lazcdn.com/g/p/007c3af28afea99fb048a87be68d07c9.jpg_200x200q80.avif,i n tho i Redmi Note 12 Ram 8GB/128GB pin 5000 mAh m y ch nh h ng b o h nh 12 th ng
https://www.lazada.vn/products/pdp-i3107750858.html,"Điện thoại SS 22ut máy 2sim ram 12G/256G Chính Hãng, bảo hành 12 tháng",65,840000,Tuyên Quang,https://img.lazcdn.com/g/p/549fc3fa7ee835d11af459d03d8cbd37.jpg_200x200q80.avif,i n tho i Samsung 22ut m y 2sim ram 12G/256G Ch nh H ng b o h nh 12 th ng
https://www.lazada.vn/products/pdp-i3107737837.html,"Điện thoại siêu phẩm SS_ z f0ld 5 256GB-Chính hãng mới 100%, Bảo hành chính hãng 12 tháng.",65,1120000,Tuyên Quang,https://img.lazcdn.com/g/p/6e1e3696a85a2b650580f645ba8f2fc7.jpg_200x200q80.avif,i n tho i si u ph m Samsung z Fold 5 256GB-Ch nh h ng m i 100 B o h nh ch nh h ng 12 th ng
https://www.lazada.vn/products/pdp-i3107736911.html,"Điện thoại siêu phẩm SS_ A55 5G 128GB-Chính hãng newseal 100%, Bảo hành chính hãng 12 tháng.",65,770000,Tuyên Quang,https://img.lazcdn.com/g/p/1d3dc590396f33e0b4fe9062d507d14f.jpg_200x200q80.avif,i n tho i si u ph m Samsung A55 5G 128GB-Ch nh h ng newseal 100 B o h nh ch nh h ng 12 th ng
https://www.lazada.vn/products/pdp-i3107722896.html,"Điện thoại SS 24ut máy 2sim ram 12G/512G Chính Hãng, bảo hành 12 tháng",65,1050000,Tuyên Quang,https://img.lazcdn.com/g/p/5d75944756c32a7fad2b4640e8135ecb.jpg_200x200q80.avif,i n tho i Samsung 24ut m y 2sim ram 12G/512G Ch nh H ng b o h nh 12 th ng
https://www.lazada.vn/products/pdp-i3107707937.html,"Điện thoại siêu phẩm SS_ A72 5G 128GB-Chính hãng newseal 100%, Bảo hành chính hãng 12 tháng.",50,820000,Tuyên Quang,https://img.lazcdn.com/g/p/5902f9c37479817cea7fcb870f00bb93.jpg_200x200q80.avif,i n tho i si u ph m Samsung A72 5G 128GB-Ch nh h ng newseal 100 B o h nh ch nh h ng 12 th ng
https://www.lazada.vn/products/pdp-i3107408587.html,"Điện thoại Red.mi Note 11 pro 2sim ram 8G/128G, Cấu hình mạnh, cày game nặng siêu mượt, VÂN TAY OK",30,560000,Đăk Nông,https://img.lazcdn.com/g/p/a4a317aaa363f909b0125c001e29efa0.jpg_200x200q80.avif,i n tho i Redmi Note 11 Pro 2sim ram 8G/128G C u h nh m nh c y game n ng si u m t V N TAY OK
https://www.lazada.vn/products/pdp-i3107398640.html,Điện thoại samsung A02s,0,1300000,Kiên Giang,https://img.lazcdn.com/g/ff/kf/Sb29630d2f5564da2b94bcd01c7b17b64g.jpg_200x200q80.avif,i n tho i Samsung A02s
https://www.lazada.vn/products/pdp-i3107231428.html,"Điện thoại Ss M51 2sim ram 8G/128G, Cấu hình Cao Chiến mọi Game mượt, Chụp ảnh đẹp, VÂN TAY OK",30,490000,Đăk Nông,https://img.lazcdn.com/g/p/09690e5a3d594637b503730822509ecc.jpg_200x200q80.avif,i n tho i Samsung M51 2sim ram 8G/128G C u h nh Cao Chi n m i Game m t Ch p nh p V N TAY OK
https://www.lazada.vn/products/pdp-i3106900853.html,Điện thoại Samsung Galaxy A36 5G 8GB/128GB Chính hãng Samsung Việt Nam Mới 100% Nguyên Seal,23,7190000,Hà Nội,https://img.lazcdn.com/g/p/ac51844c159d71fcf2a18d1ace61532f.jpg_200x200q80.avif,i n tho i Samsung Galaxy A36 5G 8GB/128GB Ch nh h ng Samsung Vi t Nam M i 100 Nguy n Seal
https://www.lazada.vn/products/pdp-i3106850366.html,Điện thoại Samsung A16 5G Chính hãng Samsung Việt Nam Mới 100% Nguyên Seal,0,5090000,Hà Nội,https://img.lazcdn.com/g/p/d19dcbf7957c60aebceedd5148c23f57.jpg_200x200q80.avif,i n tho i Samsung A16 5G Ch nh h ng Samsung Vi t Nam M i 100 Nguy n Seal
https://www.lazada.vn/products/pdp-i3106402147.html,Điện thoại Samsung A06 5G Chính hãng Samsung Việt Nam Mới 100% Nguyên Seal,0,2590000,Hà Nội,https://img.lazcdn.com/g/p/8fca1260ff930023bbc7de155cb68c05.jpg_200x200q80.avif,i n tho i Samsung A06 5G Ch nh h ng Samsung Vi t Nam M i 100 Nguy n Seal
https://www.lazada.vn/products/pdp-i3106319621.html,"Điện thoại SmartPhone realme C71 Trắng/Đen (4GB + 6GB RAM | 128GB ROM), Siêu bền chuẩn quân đội, pin trâu 6300 mAH, sạc siêu nhanh SuperVOOC, màn hình 120hz, AI mượt mà, chống nước IP64, BH 12 tháng",0,3990000,Hồ Chí Minh,https://img.lazcdn.com/g/p/fce4ed2eeee2b8808f0688a18521dfbb.png_200x200q80.avif,i n tho i SmartPhone realme C71 Tr ng/ en 4GB + 6GB RAM 128GB ROM Si u b n chu n qu n i pin tr u 6300 mAH s c si u nhanh SuperVOOC m n h nh 120hz AI m t m ch ng n c IP64 BH 12 th ng
https://www.lazada.vn/products/pdp-i3105135017.html,điện thoại 0PP0 Ren0  10pr0+ 5G (12GB/256GB) | Cấu hình Cao Chiến mọi Game mượt - Hàng chính hãng Bảo hành 12 tháng,50,1200000,Hà Nội,https://img.lazcdn.com/g/p/c9800d75f3242b31d013cfdeacfbfec6.jpg_200x200q80.avif,i n tho i OPPO Ren0 10Pro + 5G 12GB/256GB C u h nh Cao Chi n m i Game m t - H ng ch nh h ng B o h nh 12 th ng
https://www.lazada.vn/products/pdp-i3105133001.html,[Chính hãng] Điện thoại Opp0 FFIND N5 (16GB/512GB) - Hàng chính hãng,50,1600000,Thừa Thiên Huế,https://img.lazcdn.com/g/p/448150a59731e5622f60b1f9e572afb6.jpg_200x200q80.avif,Ch nh h ng i n tho i OPPO FFIND N5 16GB/512GB - H ng ch nh h ng
https://www.lazada.vn/products/pdp-i3105127037.html,"Điện thoại Redmi_n0te 14 pro  Ram 12GB/512GB pin 5110 mAh máy chính hãng, bảo hành 12 tháng",50,1300000,Thừa Thiên Huế,https://img.lazcdn.com/g/p/635872d7385961eccb0a933ab641f3ab.jpg_200x200q80.avif,i n tho i Redmi Note 14 Pro Ram 12GB/512GB pin 5110 mAh m y ch nh h ng b o h nh 12 th ng
https://www.lazada.vn/products/pdp-i3105124047.html,"Điện thoại mi Mi 15 Cấu hình mạnh, cày game nặng siêu mượt (12+256B) | Màn hình 6.36",50,1300000,Hà Nội,https://img.lazcdn.com/g/p/f022ab76aa346c6622db7d4b51b9fe23.jpg_200x200q80.avif,i n tho i Xiaomi 15 C u h nh m nh c y game n ng si u m t 12+256B M n h nh 6 36
https://www.lazada.vn/products/pdp-i3105123114.html,[Chính hãng]Điện thoại 0PP0_A5 pro 5G - (BH 12 tháng Lỗi 1 đổi 1 trong 30 ngày),50,900000,Hà Nội,https://img.lazcdn.com/g/p/1f4ae9329ce490a5623656a812fb1ae7.jpg_200x200q80.avif,Ch nh h ng i n tho i OPPO A5 Pro 5G - BH 12 th ng L i 1 i 1 trong 30 ng y
https://www.lazada.vn/products/pdp-i3105120092.html,điện thoại 0PP0 F11 (6GB/64GB) | Cấu hình Cao Chiến mọi Game mượt - Hàng chính hãng Bảo hành 12 tháng,50,650000,Lào Cai,https://img.lazcdn.com/g/p/db408caf790633428162ea7edf23d46f.jpg_200x200q80.avif,i n tho i OPPO F11 6GB/64GB C u h nh Cao Chi n m i Game m t - H ng ch nh h ng B o h nh 12 th ng
https://www.lazada.vn/products/pdp-i3105111170.html,điện thoại 0PP0 A57 (128GB) | Cấu hình Cao Chiến mọi Game mượt - Hàng chính hãng Bảo hành 12 tháng,50,730000,Hà Nội,https://img.lazcdn.com/g/p/857100c619ff722fa2778d31fb3f04a4.jpg_200x200q80.avif,i n tho i OPPO A57 128GB C u h nh Cao Chi n m i Game m t - H ng ch nh h ng B o h nh 12 th ng
https://www.lazada.vn/products/pdp-i3105091199.html,"Điện thoại chắc chắn Oukitel WP28 S (Màn hình HD 6,52"",pin 10600mAh,NFC,Ram 16GB(4+12),Rom 128GB, Android 14, Camera13M)",30,706300,Sơn La,https://img.lazcdn.com/g/p/939d435e2e7f9dd5c3dbb518d932dd6f.jpg_200x200q80.avif,i n tho i ch c ch n Oukitel WP28 S M n h nh HD 6 52 pin 10600mAh NFC Ram 16GB 4+12 Rom 128GB Android 14 Camera13M
https://www.lazada.vn/products/pdp-i3105090206.html,[Chính hãng]Điện thoại 0PP0_Ren0 13 pro 5G (12/512) - BH 12 tháng Lỗi 1 đổi 1 trong 30 ngày,50,1500000,An Giang,https://img.lazcdn.com/g/p/9e45167268e9767cf8e3ad3179ce3ebe.jpg_200x200q80.avif,Ch nh h ng i n tho i OPPO Ren0 13 Pro 5G 12/512 - BH 12 th ng L i 1 i 1 trong 30 ng y
https://www.lazada.vn/products/pdp-i3105081335.html,"Điện thoại Red.mi Note 14  2sim ram 8G/256G, Cấu hình mạnh, cày game nặng siêu mượt, máy chính hãng, bảo hành 12 tháng",50,1100000,Lào Cai,https://img.lazcdn.com/g/p/6916d972afb2767ad53265669d861ddc.jpg_200x200q80.avif,i n tho i Redmi Note 14 2sim ram 8G/256G C u h nh m nh c y game n ng si u m t m y ch nh h ng b o h nh 12 th ng
https://www.lazada.vn/products/pdp-i3105080362.html,"điện thoại 0PP0 Ren0 10pr0 5G (12GB/256GB) | Cấu hình Cao Chiến mọi Game mượt - Hàng chính hãng Bảo hành 12 tháng""",50,1100000,Hà Nội,https://img.lazcdn.com/g/p/8acf046fca9c180c128ddfd1239db733.jpg_200x200q80.avif,i n tho i OPPO Ren0 10Pro 5G 12GB/256GB C u h nh Cao Chi n m i Game m t - H ng ch nh h ng B o h nh 12 th ng
https://www.lazada.vn/products/pdp-i3105079327.html,[Chính hãng]Điện thoại 0PP0_A3 pro 5G - (BH 12 tháng Lỗi 1 đổi 1 trong 30 ngày),50,800000,Thừa Thiên Huế,https://img.lazcdn.com/g/p/ab259cb234a37d277b4461c5afd3b1e3.jpg_200x200q80.avif,Ch nh h ng i n tho i OPPO A3 Pro 5G - BH 12 th ng L i 1 i 1 trong 30 ng y
https://www.lazada.vn/products/pdp-i3105076266.html,"Điện thoại P0c0 X7pr0 Ram 12GB/256GB pin 6000 mAh máy chính hãng, bảo hành 12 tháng",50,1000000,An Giang,https://img.lazcdn.com/g/p/4088d5ec3e9f7d10227ebacbfd214ddc.jpg_200x200q80.avif,i n tho i POCO X7Pro Ram 12GB/256GB pin 6000 mAh m y ch nh h ng b o h nh 12 th ng
https://www.lazada.vn/products/pdp-i3105064334.html,điện thoại 0PP0 A53 (128GB) |Cấu hình Cao Chiến mọi Game mượt - Hàng chính hãng Bảo hành 12 tháng,50,650000,Hà Nội,https://img.lazcdn.com/g/p/ea96c7eb07112f2faf8282e6d3bdac3d.jpg_200x200q80.avif,i n tho i OPPO A53 128GB C u h nh Cao Chi n m i Game m t - H ng ch nh h ng B o h nh 12 th ng
https://www.lazada.vn/products/pdp-i3105057440.html,[Chính hãng] Điện thoại Opp0 FFIND N5 (16GB/512GB) - Hàng chính hãng,50,1600000,Lào Cai,https://img.lazcdn.com/g/p/448150a59731e5622f60b1f9e572afb6.jpg_200x200q80.avif,Ch nh h ng i n tho i OPPO FFIND N5 16GB/512GB - H ng ch nh h ng
https://www.lazada.vn/products/pdp-i3105056443.html,[Chính hãng] Điện thoại Opp0 FFIND N5 (16GB/512GB) - Hàng chính hãng,50,1600000,Hà Nội,https://img.lazcdn.com/g/p/448150a59731e5622f60b1f9e572afb6.jpg_200x200q80.avif,Ch nh h ng i n tho i OPPO FFIND N5 16GB/512GB - H ng ch nh h ng
https://www.lazada.vn/products/pdp-i3105054402.html,điện thoại 0PP0 F11 (6GB/64GB) | Cấu hình Cao Chiến mọi Game mượt - Hàng chính hãng Bảo hành 12 tháng,50,650000,An Giang,https://img.lazcdn.com/g/p/db408caf790633428162ea7edf23d46f.jpg_200x200q80.avif,i n tho i OPPO F11 6GB/64GB C u h nh Cao Chi n m i Game m t - H ng ch nh h ng B o h nh 12 th ng
https://www.lazada.vn/products/pdp-i3105053453.html,"Điện thoại Redmi_n0te 14 pro  Ram 12GB/512GB pin 5110 mAh máy chính hãng, bảo hành 12 tháng",50,1300000,Hà Nội,https://img.lazcdn.com/g/p/635872d7385961eccb0a933ab641f3ab.jpg_200x200q80.avif,i n tho i Redmi Note 14 Pro Ram 12GB/512GB pin 5110 mAh m y ch nh h ng b o h nh 12 th ng
https://www.lazada.vn/products/pdp-i3105049844.html,"Điện thoại Samsung Galaxy A13 máy 2sim ram 4G-6G/128G Chính Hãng, lướt Web Tiktok Facebook Youtube , Camera mượt",0,2500000,Bạc Liêu,https://img.lazcdn.com/g/p/4dc9b3599833abe9406aae39c9dc1aa3.jpg_200x200q80.avif,i n tho i Samsung Galaxy A13 m y 2sim ram 4G-6G/128G Ch nh H ng l t Web Tiktok Facebook Youtube Camera m t
https://www.lazada.vn/products/pdp-i3105049530.html,điện thoại 0PP0 A93 5G (8GB/128GB) | Cấu hình Cao Chiến mọi Game mượt - Hàng chính hãng Bảo hành 12 tháng,50,750000,Lào Cai,https://img.lazcdn.com/g/p/ff9684b8acfbb55477c1e65c3b3c1771.jpg_200x200q80.avif,i n tho i OPPO A93 5G 8GB/128GB C u h nh Cao Chi n m i Game m t - H ng ch nh h ng B o h nh 12 th ng
https://www.lazada.vn/products/pdp-i3107496076.html,điện thoại 0PP0 Ren012 5G (12GB/256GB) | Cấu hình Cao Chiến mọi Game mượt - Hàng chính hãng Bảo hành 12 tháng,30,665000,Đăk Nông,https://img.lazcdn.com/g/p/88036aff56da54e1dafcb8a56ec0f5bd.jpg_200x200q80.avif,i n tho i OPPO Ren012 5G 12GB/256GB C u h nh Cao Chi n m i Game m t - H ng ch nh h ng B o h nh 12 th ng
https://www.lazada.vn/products/pdp-i3105042478.html,"điện thoại 0PP0 Ren0 10pr0 5G (12GB/256GB) | Cấu hình Cao Chiến mọi Game mượt - Hàng chính hãng Bảo hành 12 tháng""",50,1100000,Thừa Thiên Huế,https://img.lazcdn.com/g/p/8acf046fca9c180c128ddfd1239db733.jpg_200x200q80.avif,i n tho i OPPO Ren0 10Pro 5G 12GB/256GB C u h nh Cao Chi n m i Game m t - H ng ch nh h ng B o h nh 12 th ng
https://www.lazada.vn/products/pdp-i3105038535.html,điện thoại 0PP0 A53 (128GB) |Cấu hình Cao Chiến mọi Game mượt - Hàng chính hãng Bảo hành 12 tháng,50,650000,Thừa Thiên Huế,https://img.lazcdn.com/g/p/ea96c7eb07112f2faf8282e6d3bdac3d.jpg_200x200q80.avif,i n tho i OPPO A53 128GB C u h nh Cao Chi n m i Game m t - H ng ch nh h ng B o h nh 12 th ng
https://www.lazada.vn/products/pdp-i3105033469.html,"Điện thoại chắc chắn unihertz Tank 3 (pin  23800mAh,sạc nhanh  120W, Ram 32GB(16+16),rom  512GB, ,5G , Android 13)",30,1021300,Sơn La,https://img.lazcdn.com/g/p/a254e8c1c4db9d911c883a740dcc418f.jpg_200x200q80.avif,i n tho i ch c ch n unihertz Tank 3 pin 23800mAh s c nhanh 120W Ram 32GB 16+16 rom 512GB 5G Android 13
https://www.lazada.vn/products/pdp-i3105024588.html,điện thoại 0PP0 A92 (8GB/128GB) | Cấu hình Cao Chiến mọi Game mượt - Hàng chính hãng Bảo hành 12 tháng,50,720000,An Giang,https://img.lazcdn.com/g/p/6511a36f6bd5b3f1a264643cd4166036.jpg_200x200q80.avif,i n tho i OPPO A92 8GB/128GB C u h nh Cao Chi n m i Game m t - H ng ch nh h ng B o h nh 12 th ng
https://www.lazada.vn/products/pdp-i3105023574.html,điện thoại 0PP0 F11 (6GB/64GB) | Cấu hình Cao Chiến mọi Game mượt - Hàng chính hãng Bảo hành 12 tháng,50,650000,Thừa Thiên Huế,https://img.lazcdn.com/g/p/db408caf790633428162ea7edf23d46f.jpg_200x200q80.avif,i n tho i OPPO F11 6GB/64GB C u h nh Cao Chi n m i Game m t - H ng ch nh h ng B o h nh 12 th ng
https://www.lazada.vn/products/pdp-i3105022540.html,"Điện thoại Redmi_n0te 14 pro plus Ram 12GB/512GB pin 5110 mAh máy chính hãng, bảo hành 12 tháng",50,1400000,An Giang,https://img.lazcdn.com/g/p/ab344f79b1c1a2f2eec197483ef796a0.jpg_200x200q80.avif,i n tho i Redmi Note 14 Pro plus Ram 12GB/512GB pin 5110 mAh m y ch nh h ng b o h nh 12 th ng
https://www.lazada.vn/products/pdp-i3105021609.html,[Chính hãng]Điện thoại 0PP0_A5 pro 5G - (BH 12 tháng Lỗi 1 đổi 1 trong 30 ngày),50,900000,Hà Nội,https://img.lazcdn.com/g/p/1f4ae9329ce490a5623656a812fb1ae7.jpg_200x200q80.avif,Ch nh h ng i n tho i OPPO A5 Pro 5G - BH 12 th ng L i 1 i 1 trong 30 ng y
https://www.lazada.vn/products/pdp-i3105017674.html,"Điện thoại Red.mi Note 14  2sim ram 8G/256G, Cấu hình mạnh, cày game nặng siêu mượt, máy chính hãng, bảo hành 12 tháng",50,1100000,Hà Nội,https://img.lazcdn.com/g/p/6916d972afb2767ad53265669d861ddc.jpg_200x200q80.avif,i n tho i Redmi Note 14 2sim ram 8G/256G C u h nh m nh c y game n ng si u m t m y ch nh h ng b o h nh 12 th ng
https://www.lazada.vn/products/pdp-i3105016598.html,"điện thoại 0PP0 A79 5G (8GB/256GB) | Cấu hình Cao Chiến mọi Game mượt - Hàng chính hãng Bảo hành 12 tháng""",50,850000,An Giang,https://img.lazcdn.com/g/p/4302c50ed2deffb143c0de065c38fc34.jpg_200x200q80.avif,i n tho i OPPO A79 5G 8GB/256GB C u h nh Cao Chi n m i Game m t - H ng ch nh h ng B o h nh 12 th ng
https://www.lazada.vn/products/pdp-i3105012601.html,điện thoại 0PP0 A92 (8GB/128GB) | Cấu hình Cao Chiến mọi Game mượt - Hàng chính hãng Bảo hành 12 tháng,50,720000,Thừa Thiên Huế,https://img.lazcdn.com/g/p/6511a36f6bd5b3f1a264643cd4166036.jpg_200x200q80.avif,i n tho i OPPO A92 8GB/128GB C u h nh Cao Chi n m i Game m t - H ng ch nh h ng B o h nh 12 th ng
https://www.lazada.vn/products/pdp-i3105011655.html,[Chính hãng]Điện thoại 0PP0_A3 pro 5G - (BH 12 tháng Lỗi 1 đổi 1 trong 30 ngày),50,800000,An Giang,https://img.lazcdn.com/g/p/ab259cb234a37d277b4461c5afd3b1e3.jpg_200x200q80.avif,Ch nh h ng i n tho i OPPO A3 Pro 5G - BH 12 th ng L i 1 i 1 trong 30 ng y
https://www.lazada.vn/products/pdp-i3105008664.html,[Chính hãng] Điện thoại Opp0 FFIND N3 (16GB/512GB) - Hàng chính hãng,50,1500000,Thừa Thiên Huế,https://img.lazcdn.com/g/p/7cb3bb78e90e2bc2ed62db73b015699e.jpg_200x200q80.avif,Ch nh h ng i n tho i OPPO FFIND N3 16GB/512GB - H ng ch nh h ng
https://www.lazada.vn/products/pdp-i3105001713.html,điện thoại 0PP0 A93 5G (8GB/128GB) | Cấu hình Cao Chiến mọi Game mượt - Hàng chính hãng Bảo hành 12 tháng,50,750000,Thừa Thiên Huế,https://img.lazcdn.com/g/p/ff9684b8acfbb55477c1e65c3b3c1771.jpg_200x200q80.avif,i n tho i OPPO A93 5G 8GB/128GB C u h nh Cao Chi n m i Game m t - H ng ch nh h ng B o h nh 12 th ng
https://www.lazada.vn/products/pdp-i3104999782.html,[Chính hãng]Điện thoại 0PP0_A5 pro 5G - (BH 12 tháng Lỗi 1 đổi 1 trong 30 ngày),50,900000,Lào Cai,https://img.lazcdn.com/g/p/1f4ae9329ce490a5623656a812fb1ae7.jpg_200x200q80.avif,Ch nh h ng i n tho i OPPO A5 Pro 5G - BH 12 th ng L i 1 i 1 trong 30 ng y
https://www.lazada.vn/products/pdp-i3104999694.html,[Chính hãng] Điện thoại Opp0 FFIND N3 FLIP (12GB/256GB) - Hàng chính hãng,30,1050000,Sơn La,https://img.lazcdn.com/g/p/72387abcc588df9763079c9cc69ef2fc.jpg_200x200q80.avif,Ch nh h ng i n tho i OPPO FFIND N3 FLIP 12GB/256GB - H ng ch nh h ng
https://www.lazada.vn/products/pdp-i3104998719.html,điện thoại 0PP0 Ren0  10pr0+ 5G (12GB/256GB) | Cấu hình Cao Chiến mọi Game mượt - Hàng chính hãng Bảo hành 12 tháng,50,1200000,An Giang,https://img.lazcdn.com/g/p/c9800d75f3242b31d013cfdeacfbfec6.jpg_200x200q80.avif,i n tho i OPPO Ren0 10Pro + 5G 12GB/256GB C u h nh Cao Chi n m i Game m t - H ng ch nh h ng B o h nh 12 th ng
https://www.lazada.vn/products/pdp-i3104996741.html,điện thoại 0PP0 A93s 5G (8GB/256GB) | Cấu hình Cao Chiến mọi Game mượt - Hàng chính hãng Bảo hành 12 tháng,50,700000,Hà Nội,https://img.lazcdn.com/g/p/3300a8b7b35760c8ade39755f30469db.jpg_200x200q80.avif,i n tho i OPPO A93s 5G 8GB/256GB C u h nh Cao Chi n m i Game m t - H ng ch nh h ng B o h nh 12 th ng
https://www.lazada.vn/products/pdp-i3104995786.html,điện thoại 0PP0 A93s 5G (8GB/256GB) | Cấu hình Cao Chiến mọi Game mượt - Hàng chính hãng Bảo hành 12 tháng,50,700000,Lào Cai,https://img.lazcdn.com/g/p/3300a8b7b35760c8ade39755f30469db.jpg_200x200q80.avif,i n tho i OPPO A93s 5G 8GB/256GB C u h nh Cao Chi n m i Game m t - H ng ch nh h ng B o h nh 12 th ng
https://www.lazada.vn/products/pdp-i3104992727.html,điện thoại 0PP0 A53 (128GB) |Cấu hình Cao Chiến mọi Game mượt - Hàng chính hãng Bảo hành 12 tháng,50,650000,Lào Cai,https://img.lazcdn.com/g/p/ea96c7eb07112f2faf8282e6d3bdac3d.jpg_200x200q80.avif,i n tho i OPPO A53 128GB C u h nh Cao Chi n m i Game m t - H ng ch nh h ng B o h nh 12 th ng
https://www.lazada.vn/products/pdp-i3104987769.html,điện thoại 0PP0 A93s 5G (8GB/256GB) | Cấu hình Cao Chiến mọi Game mượt - Hàng chính hãng Bảo hành 12 tháng,50,700000,Thừa Thiên Huế,https://img.lazcdn.com/g/p/3300a8b7b35760c8ade39755f30469db.jpg_200x200q80.avif,i n tho i OPPO A93s 5G 8GB/256GB C u h nh Cao Chi n m i Game m t - H ng ch nh h ng B o h nh 12 th ng
https://www.lazada.vn/products/pdp-i3104981775.html,"Điện thoại Redmi_n0te 13pr Ram 8GB/128GB pin 5000 mAh máy chính hãng, bảo hành 12 tháng",30,840000,Sơn La,https://img.lazcdn.com/g/p/0ae58627d8a42f5390b5278cd0d5a660.jpg_200x200q80.avif,i n tho i Redmi Note 13pr Ram 8GB/128GB pin 5000 mAh m y ch nh h ng b o h nh 12 th ng
https://www.lazada.vn/products/pdp-i3104980706.html,"Điện thoại P0c0 X7pr0 Ram 12GB/256GB pin 6000 mAh máy chính hãng, bảo hành 12 tháng",50,1000000,Thừa Thiên Huế,https://img.lazcdn.com/g/p/4088d5ec3e9f7d10227ebacbfd214ddc.jpg_200x200q80.avif,i n tho i POCO X7Pro Ram 12GB/256GB pin 6000 mAh m y ch nh h ng b o h nh 12 th ng
https://www.lazada.vn/products/pdp-i3104978849.html,"điện thoại 0PP0 A79 5G (8GB/256GB) | Cấu hình Cao Chiến mọi Game mượt - Hàng chính hãng Bảo hành 12 tháng""",50,850000,Thừa Thiên Huế,https://img.lazcdn.com/g/p/4302c50ed2deffb143c0de065c38fc34.jpg_200x200q80.avif,i n tho i OPPO A79 5G 8GB/256GB C u h nh Cao Chi n m i Game m t - H ng ch nh h ng B o h nh 12 th ng
https://www.lazada.vn/products/pdp-i3104977814.html,"Điện thoại Redmi_n0te 14 pro plus Ram 12GB/512GB pin 5110 mAh máy chính hãng, bảo hành 12 tháng",50,1400000,Lào Cai,https://img.lazcdn.com/g/p/ab344f79b1c1a2f2eec197483ef796a0.jpg_200x200q80.avif,i n tho i Redmi Note 14 Pro plus Ram 12GB/512GB pin 5110 mAh m y ch nh h ng b o h nh 12 th ng
https://www.lazada.vn/products/pdp-i3104974890.html,[Chính hãng]Điện thoại 0PP0_Ren0 13 pro 5G (12/512) - BH 12 tháng Lỗi 1 đổi 1 trong 30 ngày,50,1500000,Thừa Thiên Huế,https://img.lazcdn.com/g/p/9e45167268e9767cf8e3ad3179ce3ebe.jpg_200x200q80.avif,Ch nh h ng i n tho i OPPO Ren0 13 Pro 5G 12/512 - BH 12 th ng L i 1 i 1 trong 30 ng y
https://www.lazada.vn/products/pdp-i3104974849.html,"Điện thoại Ss M51 2sim ram 8G/128G, Cấu hình Cao Chiến mọi Game mượt, Chụp ảnh đẹp, VÂN TAY OK",30,490000,Sơn La,https://img.lazcdn.com/g/p/09690e5a3d594637b503730822509ecc.jpg_200x200q80.avif,i n tho i Samsung M51 2sim ram 8G/128G C u h nh Cao Chi n m i Game m t Ch p nh p V N TAY OK
https://www.lazada.vn/products/pdp-i3104972812.html,điện thoại 0PP0 A93s 5G (8GB/256GB) | Cấu hình Cao Chiến mọi Game mượt - Hàng chính hãng Bảo hành 12 tháng,50,700000,An Giang,https://img.lazcdn.com/g/p/3300a8b7b35760c8ade39755f30469db.jpg_200x200q80.avif,i n tho i OPPO A93s 5G 8GB/256GB C u h nh Cao Chi n m i Game m t - H ng ch nh h ng B o h nh 12 th ng
https://www.lazada.vn/products/pdp-i3104969889.html,điện thoại 0PP0 A92 (8GB/128GB) | Cấu hình Cao Chiến mọi Game mượt - Hàng chính hãng Bảo hành 12 tháng,50,720000,Hà Nội,https://img.lazcdn.com/g/p/6511a36f6bd5b3f1a264643cd4166036.jpg_200x200q80.avif,i n tho i OPPO A92 8GB/128GB C u h nh Cao Chi n m i Game m t - H ng ch nh h ng B o h nh 12 th ng
https://www.lazada.vn/products/pdp-i3104969868.html,[Chính hãng]Điện thoại 0PP0_A5 pro 5G - (BH 12 tháng Lỗi 1 đổi 1 trong 30 ngày),50,900000,Thừa Thiên Huế,https://img.lazcdn.com/g/p/1f4ae9329ce490a5623656a812fb1ae7.jpg_200x200q80.avif,Ch nh h ng i n tho i OPPO A5 Pro 5G - BH 12 th ng L i 1 i 1 trong 30 ng y
https://www.lazada.vn/products/pdp-i3104968827.html,điện thoại 0PP0 Ren0  10pr0+ 5G (12GB/256GB) | Cấu hình Cao Chiến mọi Game mượt - Hàng chính hãng Bảo hành 12 tháng,50,1200000,Thừa Thiên Huế,https://img.lazcdn.com/g/p/c9800d75f3242b31d013cfdeacfbfec6.jpg_200x200q80.avif,i n tho i OPPO Ren0 10Pro + 5G 12GB/256GB C u h nh Cao Chi n m i Game m t - H ng ch nh h ng B o h nh 12 th ng
https://www.lazada.vn/products/pdp-i3104963859.html,điện thoại 0PP0 A53 (128GB) |Cấu hình Cao Chiến mọi Game mượt - Hàng chính hãng Bảo hành 12 tháng,50,650000,An Giang,https://img.lazcdn.com/g/p/ea96c7eb07112f2faf8282e6d3bdac3d.jpg_200x200q80.avif,i n tho i OPPO A53 128GB C u h nh Cao Chi n m i Game m t - H ng ch nh h ng B o h nh 12 th ng
https://www.lazada.vn/products/pdp-i3104962835.html,"Điện thoạimi Mi 14 Utra Cấu hình mạnh, cày game nặng siêu mượt  (16+512GB) | Màn hình 6.73""",30,980000,Sơn La,https://img.lazcdn.com/g/p/46adb94ff5bb2bb07e7386372409f852.jpg_200x200q80.avif,i n tho iXiaomi 14 Utra C u h nh m nh c y game n ng si u m t 16+512GB M n h nh 6 73
https://www.lazada.vn/products/pdp-i3104949855.html,[Chính hãng] Điện thoại Opp0 FFIND N5 (16GB/512GB) - Hàng chính hãng,50,1600000,An Giang,https://img.lazcdn.com/g/p/448150a59731e5622f60b1f9e572afb6.jpg_200x200q80.avif,Ch nh h ng i n tho i OPPO FFIND N5 16GB/512GB - H ng ch nh h ng
https://www.lazada.vn/products/pdp-i3104944889.html,"Điện thoại SS 23ut máy 2sim ram 12G/512G Chính Hãng, bảo hành 12 tháng",30,910000,Sơn La,https://img.lazcdn.com/g/p/f28660b3cb1fadc4bc0251d0b6a92bf2.jpg_200x200q80.avif,i n tho i Samsung 23ut m y 2sim ram 12G/512G Ch nh H ng b o h nh 12 th ng
https://www.lazada.vn/products/pdp-i3104942925.html,"Điện thoại oukitel  wp21 (Ram 12Gb,Rom 256Gb ,chống sốc,chống nước,pin khủng, pin 9.800mAh)",30,776300,Sơn La,https://img.lazcdn.com/g/p/14502e16da2f013d6b77bf07b5f08305.jpg_200x200q80.avif,i n tho i oukitel wp21 Ram 12Gb Rom 256Gb ch ng s c ch ng n c pin kh ng pin 9 800mAh
https://www.lazada.vn/products/pdp-i3104935736.html,[Chính hãng] Điện thoại Opp0 FFIND N3 (16GB/512GB) - Hàng chính hãng,50,1500000,An Giang,https://img.lazcdn.com/g/p/7cb3bb78e90e2bc2ed62db73b015699e.jpg_200x200q80.avif,Ch nh h ng i n tho i OPPO FFIND N3 16GB/512GB - H ng ch nh h ng
https://www.lazada.vn/products/pdp-i3104931712.html,điện thoại 0PP0 A57 (128GB) | Cấu hình Cao Chiến mọi Game mượt - Hàng chính hãng Bảo hành 12 tháng,50,730000,An Giang,https://img.lazcdn.com/g/p/857100c619ff722fa2778d31fb3f04a4.jpg_200x200q80.avif,i n tho i OPPO A57 128GB C u h nh Cao Chi n m i Game m t - H ng ch nh h ng B o h nh 12 th ng
https://www.lazada.vn/products/pdp-i3104928776.html,điện thoại 0PP0 A93 5G (8GB/128GB) | Cấu hình Cao Chiến mọi Game mượt - Hàng chính hãng Bảo hành 12 tháng,50,750000,Hưng Yên,https://img.lazcdn.com/g/p/ff9684b8acfbb55477c1e65c3b3c1771.jpg_200x200q80.avif,i n tho i OPPO A93 5G 8GB/128GB C u h nh Cao Chi n m i Game m t - H ng ch nh h ng B o h nh 12 th ng
https://www.lazada.vn/products/pdp-i3104921169.html,Điện thoại ZTE Nubia Z70 Ultra16GB/512GB chính hãng bảo hành điện tử,29,6990000,Hà Nội,https://img.lazcdn.com/g/p/b8c78569e0c25da9734da69ca09f421f.png_200x200q80.avif,i n tho i ZTE Nubia Z70 Ultra16GB/512GB ch nh h ng b o h nh i n t
https://www.lazada.vn/products/pdp-i3107549571.html,Điện thoại Samsung Galaxy J4+ 2 sim ngoại hình còn mới 85%,45,495000,Bình Định,https://img.lazcdn.com/g/p/47c161741c192b100eb1a8c3640bf319.jpg_200x200q80.avif,i n tho i Samsung Galaxy J4+ 2 sim ngo i h nh c n m i 85
https://www.lazada.vn/products/pdp-i3105015615.html,"Điện thoại Redmi_n0te 14 pro plus Ram 12GB/512GB pin 5110 mAh máy chính hãng, bảo hành 12 tháng",50,1400000,Hà Nội,https://img.lazcdn.com/g/p/ab344f79b1c1a2f2eec197483ef796a0.jpg_200x200q80.avif,i n tho i Redmi Note 14 Pro plus Ram 12GB/512GB pin 5110 mAh m y ch nh h ng b o h nh 12 th ng
https://www.lazada.vn/products/pdp-i3104991744.html,"Điện thoại P0c0 X7pr0 Ram 12GB/256GB pin 6000 mAh máy chính hãng, bảo hành 12 tháng",50,1000000,Hà Nội,https://img.lazcdn.com/g/p/4088d5ec3e9f7d10227ebacbfd214ddc.jpg_200x200q80.avif,i n tho i POCO X7Pro Ram 12GB/256GB pin 6000 mAh m y ch nh h ng b o h nh 12 th ng
https://www.lazada.vn/products/pdp-i3104947882.html,"điện thoại 0PP0 A79 5G (8GB/256GB) | Cấu hình Cao Chiến mọi Game mượt - Hàng chính hãng Bảo hành 12 tháng""",50,850000,Hà Nội,https://img.lazcdn.com/g/p/4302c50ed2deffb143c0de065c38fc34.jpg_200x200q80.avif,i n tho i OPPO A79 5G 8GB/256GB C u h nh Cao Chi n m i Game m t - H ng ch nh h ng B o h nh 12 th ng
https://www.lazada.vn/products/pdp-i3104902875.html,điện thoại 0PP0 A57 (128GB) | Cấu hình Cao Chiến mọi Game mượt - Hàng chính hãng Bảo hành 12 tháng,50,730000,Thừa Thiên Huế,https://img.lazcdn.com/g/p/857100c619ff722fa2778d31fb3f04a4.jpg_200x200q80.avif,i n tho i OPPO A57 128GB C u h nh Cao Chi n m i Game m t - H ng ch nh h ng B o h nh 12 th ng
https://www.lazada.vn/products/pdp-i3104901871.html,điện thoại 0PP0 A92 (8GB/128GB) | Cấu hình Cao Chiến mọi Game mượt - Hàng chính hãng Bảo hành 12 tháng,50,720000,Hưng Yên,https://img.lazcdn.com/g/p/6511a36f6bd5b3f1a264643cd4166036.jpg_200x200q80.avif,i n tho i OPPO A92 8GB/128GB C u h nh Cao Chi n m i Game m t - H ng ch nh h ng B o h nh 12 th ng
https://www.lazada.vn/products/pdp-i3104900896.html,[Chính hãng] Điện thoại Opp0 FFIND N3 (16GB/512GB) - Hàng chính hãng,50,1500000,Lào Cai,https://img.lazcdn.com/g/p/7cb3bb78e90e2bc2ed62db73b015699e.jpg_200x200q80.avif,Ch nh h ng i n tho i OPPO FFIND N3 16GB/512GB - H ng ch nh h ng
https://www.lazada.vn/products/pdp-i3104899907.html,điện thoại 0PP0 Ren0  10pr0+ 5G (12GB/256GB) | Cấu hình Cao Chiến mọi Game mượt - Hàng chính hãng Bảo hành 12 tháng,50,1200000,Lào Cai,https://img.lazcdn.com/g/p/c9800d75f3242b31d013cfdeacfbfec6.jpg_200x200q80.avif,i n tho i OPPO Ren0 10Pro + 5G 12GB/256GB C u h nh Cao Chi n m i Game m t - H ng ch nh h ng B o h nh 12 th ng
https://www.lazada.vn/products/pdp-i3104897870.html,[Chính hãng] Điện thoại Opp0 FFIND N3 (16GB/512GB) - Hàng chính hãng,50,1500000,Hà Nội,https://img.lazcdn.com/g/p/7cb3bb78e90e2bc2ed62db73b015699e.jpg_200x200q80.avif,Ch nh h ng i n tho i OPPO FFIND N3 16GB/512GB - H ng ch nh h ng
https://www.lazada.vn/products/pdp-i3104897846.html,điện thoại 0PP0 A93 5G (8GB/128GB) | Cấu hình Cao Chiến mọi Game mượt - Hàng chính hãng Bảo hành 12 tháng,50,750000,An Giang,https://img.lazcdn.com/g/p/ff9684b8acfbb55477c1e65c3b3c1771.jpg_200x200q80.avif,i n tho i OPPO A93 5G 8GB/128GB C u h nh Cao Chi n m i Game m t - H ng ch nh h ng B o h nh 12 th ng
https://www.lazada.vn/products/pdp-i3104896847.html,"Điện thoại Red.mi Note 11 pro 2sim ram 8G/128G, Cấu hình mạnh, cày game nặng siêu mượt, VÂN TAY OK",30,560000,Sơn La,https://img.lazcdn.com/g/p/a4a317aaa363f909b0125c001e29efa0.jpg_200x200q80.avif,i n tho i Redmi Note 11 Pro 2sim ram 8G/128G C u h nh m nh c y game n ng si u m t V N TAY OK
https://www.lazada.vn/products/pdp-i3104890870.html,"Điện thoại Red.mi Note 14  2sim ram 8G/256G, Cấu hình mạnh, cày game nặng siêu mượt, máy chính hãng, bảo hành 12 tháng",50,1100000,Thừa Thiên Huế,https://img.lazcdn.com/g/p/6916d972afb2767ad53265669d861ddc.jpg_200x200q80.avif,i n tho i Redmi Note 14 2sim ram 8G/256G C u h nh m nh c y game n ng si u m t m y ch nh h ng b o h nh 12 th ng
https://www.lazada.vn/products/pdp-i3104889935.html,điện thoại 0PP0 A92 (8GB/128GB) | Cấu hình Cao Chiến mọi Game mượt - Hàng chính hãng Bảo hành 12 tháng,50,720000,Lào Cai,https://img.lazcdn.com/g/p/6511a36f6bd5b3f1a264643cd4166036.jpg_200x200q80.avif,i n tho i OPPO A92 8GB/128GB C u h nh Cao Chi n m i Game m t - H ng ch nh h ng B o h nh 12 th ng
https://www.lazada.vn/products/pdp-i3104886928.html,"Điện thoại mi Mi 15 Cấu hình mạnh, cày game nặng siêu mượt (12+256B) | Màn hình 6.36",50,1300000,Lào Cai,https://img.lazcdn.com/g/p/f022ab76aa346c6622db7d4b51b9fe23.jpg_200x200q80.avif,i n tho i Xiaomi 15 C u h nh m nh c y game n ng si u m t 12+256B M n h nh 6 36
https://www.lazada.vn/products/pdp-i3104884874.html,"Điện thoại Redmi_n0te 14 pro  Ram 12GB/512GB pin 5110 mAh máy chính hãng, bảo hành 12 tháng",50,1300000,An Giang,https://img.lazcdn.com/g/p/635872d7385961eccb0a933ab641f3ab.jpg_200x200q80.avif,i n tho i Redmi Note 14 Pro Ram 12GB/512GB pin 5110 mAh m y ch nh h ng b o h nh 12 th ng
https://www.lazada.vn/products/pdp-i3104883880.html,"Điện thoại Redmi_n0te 14 pro plus Ram 12GB/512GB pin 5110 mAh máy chính hãng, bảo hành 12 tháng",50,1400000,Thừa Thiên Huế,https://img.lazcdn.com/g/p/ab344f79b1c1a2f2eec197483ef796a0.jpg_200x200q80.avif,i n tho i Redmi Note 14 Pro plus Ram 12GB/512GB pin 5110 mAh m y ch nh h ng b o h nh 12 th ng
https://www.lazada.vn/products/pdp-i3104879895.html,"điện thoại 0PP0 A79 5G (8GB/256GB) | Cấu hình Cao Chiến mọi Game mượt - Hàng chính hãng Bảo hành 12 tháng""",50,850000,Lào Cai,https://img.lazcdn.com/g/p/4302c50ed2deffb143c0de065c38fc34.jpg_200x200q80.avif,i n tho i OPPO A79 5G 8GB/256GB C u h nh Cao Chi n m i Game m t - H ng ch nh h ng B o h nh 12 th ng
https://www.lazada.vn/products/pdp-i3104877259.html,Điện thoại ZTE Nubia Red Magic 9S Pro 12GB/512GB 5G (hỗ trợ AI) Chính hãng bảo hành điện tử,34,5190000,Hà Nội,https://img.lazcdn.com/g/p/95ce5433bb402b2a11b7461520dd2f00.png_200x200q80.avif,i n tho i ZTE Nubia Red Magic 9S Pro 12GB/512GB 5G h tr AI Ch nh h ng b o h nh i n t
https://www.lazada.vn/products/pdp-i3104875954.html,điện thoại 0PP0 A93 5G (8GB/128GB) | Cấu hình Cao Chiến mọi Game mượt - Hàng chính hãng Bảo hành 12 tháng,50,750000,Hà Nội,https://img.lazcdn.com/g/p/ff9684b8acfbb55477c1e65c3b3c1771.jpg_200x200q80.avif,i n tho i OPPO A93 5G 8GB/128GB C u h nh Cao Chi n m i Game m t - H ng ch nh h ng B o h nh 12 th ng
https://www.lazada.vn/products/pdp-i3104867874.html,"Điện thoại Red.mi Note 14  2sim ram 8G/256G, Cấu hình mạnh, cày game nặng siêu mượt, máy chính hãng, bảo hành 12 tháng",50,1100000,An Giang,https://img.lazcdn.com/g/p/6916d972afb2767ad53265669d861ddc.jpg_200x200q80.avif,i n tho i Redmi Note 14 2sim ram 8G/256G C u h nh m nh c y game n ng si u m t m y ch nh h ng b o h nh 12 th ng
https://www.lazada.vn/products/pdp-i3104866989.html,[Chính hãng]Điện thoại 0PP0_Ren0 13 pro 5G (12/512) - BH 12 tháng Lỗi 1 đổi 1 trong 30 ngày,50,1500000,Lào Cai,https://img.lazcdn.com/g/p/9e45167268e9767cf8e3ad3179ce3ebe.jpg_200x200q80.avif,Ch nh h ng i n tho i OPPO Ren0 13 Pro 5G 12/512 - BH 12 th ng L i 1 i 1 trong 30 ng y
https://www.lazada.vn/products/pdp-i3104857939.html,điện thoại 0PP0 F11 (6GB/64GB) | Cấu hình Cao Chiến mọi Game mượt - Hàng chính hãng Bảo hành 12 tháng,50,650000,Hà Nội,https://img.lazcdn.com/g/p/db408caf790633428162ea7edf23d46f.jpg_200x200q80.avif,i n tho i OPPO F11 6GB/64GB C u h nh Cao Chi n m i Game m t - H ng ch nh h ng B o h nh 12 th ng
https://www.lazada.vn/products/pdp-i3104857938.html,"điện thoại 0PP0 Ren0 10pr0 5G (12GB/256GB) | Cấu hình Cao Chiến mọi Game mượt - Hàng chính hãng Bảo hành 12 tháng""",50,1100000,Lào Cai,https://img.lazcdn.com/g/p/8acf046fca9c180c128ddfd1239db733.jpg_200x200q80.avif,i n tho i OPPO Ren0 10Pro 5G 12GB/256GB C u h nh Cao Chi n m i Game m t - H ng ch nh h ng B o h nh 12 th ng
https://www.lazada.vn/products/pdp-i3104853926.html,"Điện thoại mi Mi 15 Cấu hình mạnh, cày game nặng siêu mượt (12+256B) | Màn hình 6.36",50,1300000,Thừa Thiên Huế,https://img.lazcdn.com/g/p/f022ab76aa346c6622db7d4b51b9fe23.jpg_200x200q80.avif,i n tho i Xiaomi 15 C u h nh m nh c y game n ng si u m t 12+256B M n h nh 6 36
https://www.lazada.vn/products/pdp-i3104851990.html,[Chính hãng]Điện thoại 0PP0_A5 pro 5G - (BH 12 tháng Lỗi 1 đổi 1 trong 30 ngày),50,900000,An Giang,https://img.lazcdn.com/g/p/1f4ae9329ce490a5623656a812fb1ae7.jpg_200x200q80.avif,Ch nh h ng i n tho i OPPO A5 Pro 5G - BH 12 th ng L i 1 i 1 trong 30 ng y
https://www.lazada.vn/products/pdp-i3104851973.html,"Điện thoại siêu phẩm SS_ z f0ld 5 256GB-Chính hãng mới 100%, Bảo hành chính hãng 12 tháng.",30,1120000,Sơn La,https://img.lazcdn.com/g/p/6e1e3696a85a2b650580f645ba8f2fc7.jpg_200x200q80.avif,i n tho i si u ph m Samsung z Fold 5 256GB-Ch nh h ng m i 100 B o h nh ch nh h ng 12 th ng
https://www.lazada.vn/products/pdp-i3104848366.html,Điện thoại Vivo X200 Pro Mini 16GB/512GB chính hãng bảo hành điện tử,28,6490000,Hà Nội,https://img.lazcdn.com/g/p/4219a1e52009007f65a6634f958d30d1.png_200x200q80.avif,i n tho i Vivo X200 Pro Mini 16GB/512GB ch nh h ng b o h nh i n t
https://www.lazada.vn/products/pdp-i3104842452.html,Điện thoại Xiaomi 15 Pro 5G 16GB/256GB Chính hãng bảo hành điện tử,33,5990000,Hà Nội,https://img.lazcdn.com/g/p/623b17e3ca38cc6cd8611b7e7849d2fb.png_200x200q80.avif,i n tho i Xiaomi 15 Pro 5G 16GB/256GB Ch nh h ng b o h nh i n t
https://www.lazada.vn/products/pdp-i3104811600.html,Điện thoại Xiaomi 14 5G 12GB/512GB Chính Hãng bảo hành điện tử,20,3990000,Hà Nội,https://img.lazcdn.com/g/p/e7b67f01246813916d4b54089549beca.png_200x200q80.avif,i n tho i Xiaomi 14 5G 12GB/512GB Ch nh H ng b o h nh i n t
https://www.lazada.vn/products/pdp-i3104786856.html,Điện thoại Xiaomi REDMI K80 Pro 5G 12GB/512GB chính hãng bảo hành điện tử,34,4590000,Hà Nội,https://img.lazcdn.com/g/p/81e3cbd2f07427b4d80f54bde9dc28f4.png_200x200q80.avif,i n tho i Xiaomi REDMI K80 Pro 5G 12GB/512GB ch nh h ng b o h nh i n t
https://www.lazada.vn/products/pdp-i3104760863.html,Điện thoại Vivo iQOO Z9 Turbo Plus 16GB/256GB Chính hãng bảo hành điện tử,32,4090000,Hà Nội,https://img.lazcdn.com/g/p/bd9583fd002fe791a42abc3efa4a8707.png_200x200q80.avif,i n tho i Vivo iQOO Z9 Turbo Plus 16GB/256GB Ch nh h ng b o h nh i n t
https://www.lazada.vn/products/pdp-i3104737484.html,Điện Thoại TECNO CAMON 20 Pro 8GB/256GB Chính hãng bảo hành điện tử,19,3250000,Hà Nội,https://img.lazcdn.com/g/p/708319e6c74cadd426e6555653ba7c3c.png_200x200q80.avif,i n Tho i TECNO CAMON 20 Pro 8GB/256GB Ch nh h ng b o h nh i n t
https://www.lazada.vn/products/pdp-i3104734506.html,Điện Thoại Motorola Razr 50 Ultra (12GB RAM / 256GB ROM) chính hãng Bảo hành điện tử,27,5390000,Hà Nội,https://img.lazcdn.com/g/p/64461feb26996d1e6636bc8626eb39aa.png_200x200q80.avif,i n Tho i Motorola Razr 50 Ultra 12GB RAM / 256GB ROM ch nh h ng B o h nh i n t
https://www.lazada.vn/products/pdp-i3104725496.html,Điện thoại HONOR X9c 5G 12GB/256GB Mới 100% chính hãng Bảo hành điện tử,29,3590000,Hà Nội,https://img.lazcdn.com/g/p/e14ff71f89ea27605efe2c3534ee357a.png_200x200q80.avif,i n tho i HONOR X9c 5G 12GB/256GB M i 100 ch nh h ng B o h nh i n t
https://www.lazada.vn/products/pdp-i3104714998.html,Điện thoại Xiaomi REDMI Note 14 8GB/128GB Chính hãng bảo hành điện tử,38,3090000,Hà Nội,https://img.lazcdn.com/g/p/9e4a37ee2f0bd1d7a8a62449aafa09f9.png_200x200q80.avif,i n tho i Xiaomi REDMI Note 14 8GB/128GB Ch nh h ng b o h nh i n t
https://www.lazada.vn/products/pdp-i3104714516.html,Điện thoại Infinix Note 40 Pro 8GB 256GB Mới 100% chính hãng Bảo hành điện tử,19,3490000,Hà Nội,https://img.lazcdn.com/g/p/4abc1ea505db9abd46dec1899837cc87.png_200x200q80.avif,i n tho i Infinix Note 40 Pro 8GB 256GB M i 100 ch nh h ng B o h nh i n t
https://www.lazada.vn/products/pdp-i3104710983.html,Điện thoại Xiaomi Redmi Note 13 Pro 5G 12GB/256GB chính hãng bảo hành điện tử,37,3190000,Hà Nội,https://img.lazcdn.com/g/p/64d068fdabb75363ba9bef38a8810ac7.png_200x200q80.avif,i n tho i Xiaomi Redmi Note 13 Pro 5G 12GB/256GB ch nh h ng b o h nh i n t
https://www.lazada.vn/products/pdp-i3104672822.html,Điện thoại Nubia Neo 2 (8GB+12GB256GB) chính hãng bảo hành điện tử,23,3390000,Hà Nội,https://img.lazcdn.com/g/p/8b91e752f5c72199d1e560ce2adf7cdf.png_200x200q80.avif,i n tho i Nubia Neo 2 8GB+12GB256GB ch nh h ng b o h nh i n t
https://www.lazada.vn/products/pdp-i3104404079.html,Samsung a30 3/32gz,0,910000,Kiên Giang,https://img.lazcdn.com/g/ff/kf/Sa4bf36978f16450093cd8aa05d97f570S.jpg_200x200q80.avif,Samsung a30 3/32gz
https://www.lazada.vn/products/pdp-i3104256264.html,"Điện thoại siêu phẩm SS_ z f0ld 5 256GB-Chính hãng mới 100%, Bảo hành chính hãng 12 tháng.",50,1600000,Lào Cai,https://img.lazcdn.com/g/p/6e1e3696a85a2b650580f645ba8f2fc7.jpg_200x200q80.avif,i n tho i si u ph m Samsung z Fold 5 256GB-Ch nh h ng m i 100 B o h nh ch nh h ng 12 th ng
https://www.lazada.vn/products/pdp-i3104961888.html,"Điện thoại P0c0 X7pr0 Ram 12GB/256GB pin 6000 mAh máy chính hãng, bảo hành 12 tháng",50,1000000,Lào Cai,https://img.lazcdn.com/g/p/4088d5ec3e9f7d10227ebacbfd214ddc.jpg_200x200q80.avif,i n tho i POCO X7Pro Ram 12GB/256GB pin 6000 mAh m y ch nh h ng b o h nh 12 th ng
https://www.lazada.vn/products/pdp-i3104254289.html,"Điện thoại Red.mi Note 11 pro 2sim ram 8G/128G, Cấu hình mạnh, cày game nặng siêu mượt, VÂN TAY OK",50,800000,Lào Cai,https://img.lazcdn.com/g/p/a4a317aaa363f909b0125c001e29efa0.jpg_200x200q80.avif,i n tho i Redmi Note 11 Pro 2sim ram 8G/128G C u h nh m nh c y game n ng si u m t V N TAY OK
https://www.lazada.vn/products/pdp-i3104187431.html,điện thoại 0PP0 Ren08pr0 5G (12GB/256GB) | Cấu hình Cao Chiến mọi Game mượt - Hàng chính hãng Bảo hành 12 tháng,50,900000,Lào Cai,https://img.lazcdn.com/g/p/674c91cf325950e41cd7550b3f1864cd.jpg_200x200q80.avif,i n tho i OPPO Ren08Pro 5G 12GB/256GB C u h nh Cao Chi n m i Game m t - H ng ch nh h ng B o h nh 12 th ng
https://www.lazada.vn/products/pdp-i3104170474.html,"Điện thoại siêu bền Oukitel WP36(loa to Âm thanh 8D Triple-Cam,Pin 10600mAh,Ram16GB(8+8),Rom128GB,CPU MediaTek 8788)",65,916300,Nam Định,https://img.lazcdn.com/g/p/9fa8e3c283eaa99c8132adccfe44f863.jpg_200x200q80.avif,i n tho i si u b n Oukitel WP36 loa to m thanh 8D Triple-Cam Pin 10600mAh Ram16GB 8+8 Rom128GB CPU MediaTek 8788
https://www.lazada.vn/products/pdp-i3104154745.html,"Điện thoại Red.mi Note 11 pro 2sim ram 8G/128G, Cấu hình mạnh, cày game nặng siêu mượt, VÂN TAY OK",65,560000,Sơn La,https://img.lazcdn.com/g/p/a4a317aaa363f909b0125c001e29efa0.jpg_200x200q80.avif,i n tho i Redmi Note 11 Pro 2sim ram 8G/128G C u h nh m nh c y game n ng si u m t V N TAY OK
https://www.lazada.vn/products/pdp-i3104154741.html,"Điện thoại siêu phẩm SS_ A55 5G 128GB-Chính hãng newseal 100%, Bảo hành chính hãng 12 tháng.",65,770000,Sơn La,https://img.lazcdn.com/g/p/1d3dc590396f33e0b4fe9062d507d14f.jpg_200x200q80.avif,i n tho i si u ph m Samsung A55 5G 128GB-Ch nh h ng newseal 100 B o h nh ch nh h ng 12 th ng
https://www.lazada.vn/products/pdp-i3104152490.html,[Chính hãng]Điện thoại 0PP0_Ren0 13 5G - (BH 12 tháng Lỗi 1 đổi 1 trong 30 ngày),65,980000,Nam Định,https://img.lazcdn.com/g/p/a819fad4b27b1ec18e35d18ddb8f56a5.jpg_200x200q80.avif,Ch nh h ng i n tho i OPPO Ren0 13 5G - BH 12 th ng L i 1 i 1 trong 30 ng y
https://www.lazada.vn/products/pdp-i3104135504.html,"Unihertz tank 2 Pro (pin 23800 mAh,Ram 24GB(12+12),Rom 512GB,máy chiếu 2.4K, Android 14,camera 100MP, NFC, cốc sạt 120W)",65,986300,Nam Định,https://img.lazcdn.com/g/p/28bcd5b0fedd6364f660f0ca0281250c.jpg_200x200q80.avif,Unihertz tank 2 Pro pin 23800 mAh Ram 24GB 12+12 Rom 512GB m y chi u 2 4K Android 14 camera 100MP NFC c c s t 120W
https://www.lazada.vn/products/pdp-i3104117788.html,"Điện thoại SS A32 máy 2sim ram 6G/128G Chính Hãng, VÂN TAY OK",65,560000,Sơn La,https://img.lazcdn.com/g/p/724767a6ee1a8450f63d74b616647f8d.jpg_200x200q80.avif,i n tho i Samsung A32 m y 2sim ram 6G/128G Ch nh H ng V N TAY OK
https://www.lazada.vn/products/pdp-i3104103668.html,"Điện thoại SS 23ut máy 2sim ram 12G/512G Chính Hãng, bảo hành 12 tháng",50,1300000,Lào Cai,https://img.lazcdn.com/g/p/f28660b3cb1fadc4bc0251d0b6a92bf2.jpg_200x200q80.avif,i n tho i Samsung 23ut m y 2sim ram 12G/512G Ch nh H ng b o h nh 12 th ng
https://www.lazada.vn/products/pdp-i3104092518.html,điện thoại 0PP0 Ren08pr0 5G (12GB/256GB) | Cấu hình Cao Chiến mọi Game mượt - Hàng chính hãng Bảo hành 12 tháng,65,630000,Nam Định,https://img.lazcdn.com/g/p/674c91cf325950e41cd7550b3f1864cd.jpg_200x200q80.avif,i n tho i OPPO Ren08Pro 5G 12GB/256GB C u h nh Cao Chi n m i Game m t - H ng ch nh h ng B o h nh 12 th ng
https://www.lazada.vn/products/pdp-i3104072781.html,"Điện thoại siêu phẩm SS_ A72 5G 128GB-Chính hãng newseal 100%, Bảo hành chính hãng 12 tháng.",50,820000,Lào Cai,https://img.lazcdn.com/g/p/5902f9c37479817cea7fcb870f00bb93.jpg_200x200q80.avif,i n tho i si u ph m Samsung A72 5G 128GB-Ch nh h ng newseal 100 B o h nh ch nh h ng 12 th ng
https://www.lazada.vn/products/pdp-i3104064843.html,[Chính hãng] Điện thoại Opp0 FFIND N3 FLIP (12GB/256GB) - Hàng chính hãng,65,1050000,Sơn La,https://img.lazcdn.com/g/p/72387abcc588df9763079c9cc69ef2fc.jpg_200x200q80.avif,Ch nh h ng i n tho i OPPO FFIND N3 FLIP 12GB/256GB - H ng ch nh h ng
https://www.lazada.vn/products/pdp-i3104048006.html,[Chính hãng] Điện thoại 0pp0_FFind_X8 Pr0 (12GB/256GB) - Hàng chính hãng,65,1050000,Thái Bình,https://img.lazcdn.com/g/p/0bcdfbf785cea87ae8ed481d946d566c.jpg_200x200q80.avif,Ch nh h ng i n tho i OPPO FFind X8 Pro 12GB/256GB - H ng ch nh h ng
https://www.lazada.vn/products/pdp-i3104044004.html,"Điện thoạimi Mi 13 Utra Cấu hình mạnh, cày game nặng siêu mượt",65,840000,Thái Bình,https://img.lazcdn.com/g/p/9f7e6b4f58058bbdcdf56da994529595.jpg_200x200q80.avif,i n tho iXiaomi 13 Utra C u h nh m nh c y game n ng si u m t
https://www.lazada.vn/products/pdp-i3104040014.html,"Điện thoạimi Mi 14 Utra Cấu hình mạnh, cày game nặng siêu mượt  (16+512GB) | Màn hình 6.73""",65,980000,Thái Bình,https://img.lazcdn.com/g/p/46adb94ff5bb2bb07e7386372409f852.jpg_200x200q80.avif,i n tho iXiaomi 14 Utra C u h nh m nh c y game n ng si u m t 16+512GB M n h nh 6 73
https://www.lazada.vn/products/pdp-i3104035740.html,"Điện thoại  Redmi_n0te 12 Ram 8GB/128GB pin 5000 mAh máy chính hãng, bảo hành 12 tháng",65,560000,Nam Định,https://img.lazcdn.com/g/p/007c3af28afea99fb048a87be68d07c9.jpg_200x200q80.avif,i n tho i Redmi Note 12 Ram 8GB/128GB pin 5000 mAh m y ch nh h ng b o h nh 12 th ng
https://www.lazada.vn/products/pdp-i3104035049.html,"Điện thoại Red.mi Note 11 pro 2sim ram 8G/128G, Cấu hình mạnh, cày game nặng siêu mượt, VÂN TAY OK",50,800000,Thái Bình,https://img.lazcdn.com/g/p/a4a317aaa363f909b0125c001e29efa0.jpg_200x200q80.avif,i n tho i Redmi Note 11 Pro 2sim ram 8G/128G C u h nh m nh c y game n ng si u m t V N TAY OK
https://www.lazada.vn/products/pdp-i3104035038.html,"Điện thoại Redmi_n0te 10pr0 Ram 8GB/128GB pin 5020 mAh máy chính hãng, bảo hành 12 tháng",50,800000,Thái Bình,https://img.lazcdn.com/g/p/2e3db16dc75b277df74c57c0515a4e6a.jpg_200x200q80.avif,i n tho i Redmi Note 10Pro Ram 8GB/128GB pin 5020 mAh m y ch nh h ng b o h nh 12 th ng
https://www.lazada.vn/products/pdp-i3104029152.html,"Điện thoại SS 22ut máy 2sim ram 12G/256G Chính Hãng, bảo hành 12 tháng",50,1200000,Thái Bình,https://img.lazcdn.com/g/p/549fc3fa7ee835d11af459d03d8cbd37.jpg_200x200q80.avif,i n tho i Samsung 22ut m y 2sim ram 12G/256G Ch nh H ng b o h nh 12 th ng
https://www.lazada.vn/products/pdp-i3104028161.html,"Điện thoại SS 23ut máy 2sim ram 12G/512G Chính Hãng, bảo hành 12 tháng",65,910000,Thái Bình,https://img.lazcdn.com/g/p/f28660b3cb1fadc4bc0251d0b6a92bf2.jpg_200x200q80.avif,i n tho i Samsung 23ut m y 2sim ram 12G/512G Ch nh H ng b o h nh 12 th ng
https://www.lazada.vn/products/pdp-i3104023924.html,điện thoại 0PP0 Ren012 5G (12GB/256GB) | Cấu hình Cao Chiến mọi Game mượt - Hàng chính hãng Bảo hành 12 tháng,50,950000,Lào Cai,https://img.lazcdn.com/g/p/88036aff56da54e1dafcb8a56ec0f5bd.jpg_200x200q80.avif,i n tho i OPPO Ren012 5G 12GB/256GB C u h nh Cao Chi n m i Game m t - H ng ch nh h ng B o h nh 12 th ng
https://www.lazada.vn/products/pdp-i3104022199.html,"Điện thoại siêu phẩm SS_ A72 5G 128GB-Chính hãng newseal 100%, Bảo hành chính hãng 12 tháng.",65,574000,Thái Bình,https://img.lazcdn.com/g/p/5902f9c37479817cea7fcb870f00bb93.jpg_200x200q80.avif,i n tho i si u ph m Samsung A72 5G 128GB-Ch nh h ng newseal 100 B o h nh ch nh h ng 12 th ng
https://www.lazada.vn/products/pdp-i3104011354.html,"Điện thoại Ss M51 2sim ram 8G/128G, Cấu hình Cao Chiến mọi Game mượt, Chụp ảnh đẹp, VÂN TAY OK",65,490000,Thái Bình,https://img.lazcdn.com/g/p/09690e5a3d594637b503730822509ecc.jpg_200x200q80.avif,i n tho i Samsung M51 2sim ram 8G/128G C u h nh Cao Chi n m i Game m t Ch p nh p V N TAY OK
https://www.lazada.vn/products/pdp-i3104011343.html,điện thoại 0PP0 Ren08pr0 5G (12GB/256GB) | Cấu hình Cao Chiến mọi Game mượt - Hàng chính hãng Bảo hành 12 tháng,50,900000,Thái Bình,https://img.lazcdn.com/g/p/674c91cf325950e41cd7550b3f1864cd.jpg_200x200q80.avif,i n tho i OPPO Ren08Pro 5G 12GB/256GB C u h nh Cao Chi n m i Game m t - H ng ch nh h ng B o h nh 12 th ng
https://www.lazada.vn/products/pdp-i3104010156.html,"Điện thoại chắc chắn Oukitel WP28 S (Màn hình HD 6,52"",pin 10600mAh,NFC,Ram 16GB(4+12),Rom 128GB, Android 14, Camera13M)",65,706300,Thái Bình,https://img.lazcdn.com/g/p/939d435e2e7f9dd5c3dbb518d932dd6f.jpg_200x200q80.avif,i n tho i ch c ch n Oukitel WP28 S M n h nh HD 6 52 pin 10600mAh NFC Ram 16GB 4+12 Rom 128GB Android 14 Camera13M
https://www.lazada.vn/products/pdp-i3103998449.html,"Điện thoại siêu phẩm SS_ A55 5G 128GB-Chính hãng newseal 100%, Bảo hành chính hãng 12 tháng.",50,1100000,Thái Bình,https://img.lazcdn.com/g/p/1d3dc590396f33e0b4fe9062d507d14f.jpg_200x200q80.avif,i n tho i si u ph m Samsung A55 5G 128GB-Ch nh h ng newseal 100 B o h nh ch nh h ng 12 th ng
https://www.lazada.vn/products/pdp-i3103994515.html,điện thoại 0PP0 Ren012 5G (12GB/256GB) | Cấu hình Cao Chiến mọi Game mượt - Hàng chính hãng Bảo hành 12 tháng,65,665000,Thái Bình,https://img.lazcdn.com/g/p/88036aff56da54e1dafcb8a56ec0f5bd.jpg_200x200q80.avif,i n tho i OPPO Ren012 5G 12GB/256GB C u h nh Cao Chi n m i Game m t - H ng ch nh h ng B o h nh 12 th ng
https://www.lazada.vn/products/pdp-i3103983571.html,"Điện thoại SS A32 máy 2sim ram 6G/128G Chính Hãng, VÂN TAY OK",65,560000,Thái Bình,https://img.lazcdn.com/g/p/724767a6ee1a8450f63d74b616647f8d.jpg_200x200q80.avif,i n tho i Samsung A32 m y 2sim ram 6G/128G Ch nh H ng V N TAY OK
https://www.lazada.vn/products/pdp-i3103968277.html,"Điện thoại  Redmi_n0te 12 Ram 8GB/128GB pin 5000 mAh máy chính hãng, bảo hành 12 tháng",50,800000,Thái Bình,https://img.lazcdn.com/g/p/007c3af28afea99fb048a87be68d07c9.jpg_200x200q80.avif,i n tho i Redmi Note 12 Ram 8GB/128GB pin 5000 mAh m y ch nh h ng b o h nh 12 th ng
https://www.lazada.vn/products/pdp-i3103954995.html,"Điện thoại Oukitel WP19 Pin 21000mAh, Vua pin siêu bền, Ram 8G Rom 256G Chính Hãng (tặng cáp bảo vệ sạc)",65,671300,Nam Định,https://img.lazcdn.com/g/p/5c38be3cbe7e4ccfbf3e77a84fc4878d.jpg_200x200q80.avif,i n tho i Oukitel WP19 Pin 21000mAh Vua pin si u b n Ram 8G Rom 256G Ch nh H ng t ng c p b o v s c
https://www.lazada.vn/products/pdp-i3103952322.html,[Chính hãng] Điện thoại Opp0 FFIND N3 FLIP (12GB/256GB) - Hàng chính hãng,65,1050000,Thái Bình,https://img.lazcdn.com/g/p/72387abcc588df9763079c9cc69ef2fc.jpg_200x200q80.avif,Ch nh h ng i n tho i OPPO FFIND N3 FLIP 12GB/256GB - H ng ch nh h ng
https://www.lazada.vn/products/pdp-i3103934961.html,"Điện thoại Redmi_n0te 13pr Ram 8GB/128GB pin 5000 mAh máy chính hãng, bảo hành 12 tháng",50,1200000,Thái Bình,https://img.lazcdn.com/g/p/0ae58627d8a42f5390b5278cd0d5a660.jpg_200x200q80.avif,i n tho i Redmi Note 13pr Ram 8GB/128GB pin 5000 mAh m y ch nh h ng b o h nh 12 th ng
https://www.lazada.vn/products/pdp-i3103928463.html,"Điện Thoại Oukitel WP38 4G | Pin 10600mAh, RAM 12GB, ROM 256GB, ANDROID 13",65,859250,Thái Bình,https://img.lazcdn.com/g/p/f0cec3b869cb9509c2750bd87011e971.jpg_200x200q80.avif,i n Tho i Oukitel WP38 4G Pin 10600mAh RAM 12GB ROM 256GB ANDROID 13
https://www.lazada.vn/products/pdp-i3103922952.html,"Điện thoại siêu phẩm SS_ z f0ld 4 256GB-Chính hãng mới 100%, Bảo hành chính hãng 12 tháng.",65,980000,Thái Bình,https://img.lazcdn.com/g/p/f5eb29d04b110755db15abe4a296be1f.jpg_200x200q80.avif,i n tho i si u ph m Samsung z Fold 4 256GB-Ch nh h ng m i 100 B o h nh ch nh h ng 12 th ng
https://www.lazada.vn/products/pdp-i3103863724.html,"Điện thoại chắc chắn Oukitel Wp21 Ultra(camera nhiệt ,FLIR,chống nước,chống sốc,pin 9800mAh,Ram 12Gb,Rom 256Gb)",65,1021300,Thái Bình,https://img.lazcdn.com/g/p/ba969a01259cabd4746c1dee00ad9605.jpg_200x200q80.avif,i n tho i ch c ch n Oukitel Wp21 Ultra camera nhi t FLIR ch ng n c ch ng s c pin 9800mAh Ram 12Gb Rom 256Gb
https://www.lazada.vn/products/pdp-i3103856703.html,"Điện thoại mi Mi 15 Utra Cấu hình mạnh, cày game nặng siêu mượt (16+512GB) | Màn hình 6.73""",65,1120000,Thái Bình,https://img.lazcdn.com/g/p/e1b036f4d90d6246add04aa67b41a053.jpg_200x200q80.avif,i n tho i Xiaomi 15 Utra C u h nh m nh c y game n ng si u m t 16+512GB M n h nh 6 73
https://www.lazada.vn/products/pdp-i3103840829.html,[Chính hãng]Điện thoại 0PP0_Ren0 13 5G - (BH 12 tháng Lỗi 1 đổi 1 trong 30 ngày),50,1400000,Thái Bình,https://img.lazcdn.com/g/p/a819fad4b27b1ec18e35d18ddb8f56a5.jpg_200x200q80.avif,Ch nh h ng i n tho i OPPO Ren0 13 5G - BH 12 th ng L i 1 i 1 trong 30 ng y
https://www.lazada.vn/products/pdp-i3103833788.html,"Điện thoại chắc chắn unihertz Tank 3 (pin  23800mAh,sạc nhanh  120W, Ram 32GB(16+16),rom  512GB, ,5G , Android 13)",65,1021300,Thái Bình,https://img.lazcdn.com/g/p/a254e8c1c4db9d911c883a740dcc418f.jpg_200x200q80.avif,i n tho i ch c ch n unihertz Tank 3 pin 23800mAh s c nhanh 120W Ram 32GB 16+16 rom 512GB 5G Android 13
https://www.lazada.vn/products/pdp-i3103832778.html,"Điện thoại oukitel  wp21 (Ram 12Gb,Rom 256Gb ,chống sốc,chống nước,pin khủng, pin 9.800mAh)",65,776300,Thái Bình,https://img.lazcdn.com/g/p/14502e16da2f013d6b77bf07b5f08305.jpg_200x200q80.avif,i n tho i oukitel wp21 Ram 12Gb Rom 256Gb ch ng s c ch ng n c pin kh ng pin 9 800mAh
https://www.lazada.vn/products/pdp-i3111786556.html,Điện Thoại Tecno Phantom X2 Pro 5G Dimensity 9000 (12GB-256GB) Chính Hãng Like New Mới Đến 99% Bảo Hành 8 Tháng,32,5399000,Hà Nội,https://img.lazcdn.com/g/p/09836ba77b48f287263b2b0a69081847.jpg_200x200q80.avif,i n Tho i Tecno Phantom X2 Pro 5G Dimensity 9000 12GB-256GB Ch nh H ng Like New M i n 99 B o H nh 8 Th ng
https://www.lazada.vn/products/pdp-i3107874418.html,điện thoại 0PP0 Ren08pr0 5G (12GB/256GB) | Cấu hình Cao Chiến mọi Game mượt - Hàng chính hãng Bảo hành 12 tháng,50,900000,Tiền Giang,https://img.lazcdn.com/g/p/674c91cf325950e41cd7550b3f1864cd.jpg_200x200q80.avif,i n tho i OPPO Ren08Pro 5G 12GB/256GB C u h nh Cao Chi n m i Game m t - H ng ch nh h ng B o h nh 12 th ng
https://www.lazada.vn/products/pdp-i3105144009.html,điện thoại 0PP0 A57 (128GB) | Cấu hình Cao Chiến mọi Game mượt - Hàng chính hãng Bảo hành 12 tháng,50,730000,Lào Cai,https://img.lazcdn.com/g/p/857100c619ff722fa2778d31fb3f04a4.jpg_200x200q80.avif,i n tho i OPPO A57 128GB C u h nh Cao Chi n m i Game m t - H ng ch nh h ng B o h nh 12 th ng
https://www.lazada.vn/products/pdp-i3105112215.html,"Điện thoại Red.mi Note 14  2sim ram 8G/256G, Cấu hình mạnh, cày game nặng siêu mượt, máy chính hãng, bảo hành 12 tháng",50,1100000,Hà Nội,https://img.lazcdn.com/g/p/6916d972afb2767ad53265669d861ddc.jpg_200x200q80.avif,i n tho i Redmi Note 14 2sim ram 8G/256G C u h nh m nh c y game n ng si u m t m y ch nh h ng b o h nh 12 th ng
https://www.lazada.vn/products/pdp-i3105091212.html,"điện thoại 0PP0 A79 5G (8GB/256GB) | Cấu hình Cao Chiến mọi Game mượt - Hàng chính hãng Bảo hành 12 tháng""",50,850000,Hưng Yên,https://img.lazcdn.com/g/p/4302c50ed2deffb143c0de065c38fc34.jpg_200x200q80.avif,i n tho i OPPO A79 5G 8GB/256GB C u h nh Cao Chi n m i Game m t - H ng ch nh h ng B o h nh 12 th ng
https://www.lazada.vn/products/pdp-i3104916988.html,[Chính hãng]Điện thoại 0PP0_Ren0 13 5G - (BH 12 tháng Lỗi 1 đổi 1 trong 30 ngày),30,980000,Sơn La,https://img.lazcdn.com/g/p/a819fad4b27b1ec18e35d18ddb8f56a5.jpg_200x200q80.avif,Ch nh h ng i n tho i OPPO Ren0 13 5G - BH 12 th ng L i 1 i 1 trong 30 ng y
https://www.lazada.vn/products/pdp-i3104840981.html,"Điện thoại siêu bền Oukitel WP36(loa to Âm thanh 8D Triple-Cam,Pin 10600mAh,Ram16GB(8+8),Rom128GB,CPU MediaTek 8788)",30,916300,Sơn La,https://img.lazcdn.com/g/p/9fa8e3c283eaa99c8132adccfe44f863.jpg_200x200q80.avif,i n tho i si u b n Oukitel WP36 loa to m thanh 8D Triple-Cam Pin 10600mAh Ram16GB 8+8 Rom128GB CPU MediaTek 8788
https://www.lazada.vn/products/pdp-i3104097507.html,"Điện thoại SS 24ut máy 2sim ram 12G/512G Chính Hãng, bảo hành 12 tháng",65,1050000,Nam Định,https://img.lazcdn.com/g/p/5d75944756c32a7fad2b4640e8135ecb.jpg_200x200q80.avif,i n tho i Samsung 24ut m y 2sim ram 12G/512G Ch nh H ng b o h nh 12 th ng
https://www.lazada.vn/products/pdp-i3103936249.html,"Điện thoạimi Mi 14 Utra Cấu hình mạnh, cày game nặng siêu mượt  (16+512GB) | Màn hình 6.73""",50,1400000,Hải Phòng,https://img.lazcdn.com/g/p/46adb94ff5bb2bb07e7386372409f852.jpg_200x200q80.avif,i n tho iXiaomi 14 Utra C u h nh m nh c y game n ng si u m t 16+512GB M n h nh 6 73
https://www.lazada.vn/products/pdp-i3103856507.html,điện thoại 0PP0 Ren08pr0 5G (12GB/256GB) | Cấu hình Cao Chiến mọi Game mượt - Hàng chính hãng Bảo hành 12 tháng,50,900000,Hải Phòng,https://img.lazcdn.com/g/p/674c91cf325950e41cd7550b3f1864cd.jpg_200x200q80.avif,i n tho i OPPO Ren08Pro 5G 12GB/256GB C u h nh Cao Chi n m i Game m t - H ng ch nh h ng B o h nh 12 th ng
https://www.lazada.vn/products/pdp-i3103832544.html,"Điện thoại Red.mi Note 11 pro 2sim ram 8G/128G, Cấu hình mạnh, cày game nặng siêu mượt, VÂN TAY OK",65,560000,Hà Nội,https://img.lazcdn.com/g/p/a4a317aaa363f909b0125c001e29efa0.jpg_200x200q80.avif,i n tho i Redmi Note 11 Pro 2sim ram 8G/128G C u h nh m nh c y game n ng si u m t V N TAY OK
https://www.lazada.vn/products/pdp-i3103811827.html,"Điện thoại chắc chắn Unihertz Tank (Pin khủng 22000mAh, RAM 22GB,Rom 256GB ,Chống nước ,Chống bụi Chống sốc, Face ID )",65,916300,Thái Bình,https://img.lazcdn.com/g/p/448bed97859c0571ae5441068be0aa82.jpg_200x200q80.avif,i n tho i ch c ch n Unihertz Tank Pin kh ng 22000mAh RAM 22GB Rom 256GB Ch ng n c Ch ng b i Ch ng s c Face ID
https://www.lazada.vn/products/pdp-i3103810888.html,"Điện thoại SS 24ut máy 2sim ram 12G/512G Chính Hãng, bảo hành 12 tháng",65,1050000,Thái Bình,https://img.lazcdn.com/g/p/5d75944756c32a7fad2b4640e8135ecb.jpg_200x200q80.avif,i n tho i Samsung 24ut m y 2sim ram 12G/512G Ch nh H ng b o h nh 12 th ng
https://www.lazada.vn/products/pdp-i3103800855.html,"Điện thoại siêu phẩm SS_ z f0ld 5 256GB-Chính hãng mới 100%, Bảo hành chính hãng 12 tháng.",65,1120000,Thái Bình,https://img.lazcdn.com/g/p/6e1e3696a85a2b650580f645ba8f2fc7.jpg_200x200q80.avif,i n tho i si u ph m Samsung z Fold 5 256GB-Ch nh h ng m i 100 B o h nh ch nh h ng 12 th ng
https://www.lazada.vn/products/pdp-i3103773838.html,"Điện thoại siêu phẩm SS_ A55 5G 128GB-Chính hãng newseal 100%, Bảo hành chính hãng 12 tháng.",65,770000,Hà Nội,https://img.lazcdn.com/g/p/1d3dc590396f33e0b4fe9062d507d14f.jpg_200x200q80.avif,i n tho i si u ph m Samsung A55 5G 128GB-Ch nh h ng newseal 100 B o h nh ch nh h ng 12 th ng
https://www.lazada.vn/products/pdp-i3103759941.html,"Điện thoại siêu bền Oukitel WP36(loa to Âm thanh 8D Triple-Cam,Pin 10600mAh,Ram16GB(8+8),Rom128GB,CPU MediaTek 8788)",65,916300,Hà Nội,https://img.lazcdn.com/g/p/9fa8e3c283eaa99c8132adccfe44f863.jpg_200x200q80.avif,i n tho i si u b n Oukitel WP36 loa to m thanh 8D Triple-Cam Pin 10600mAh Ram16GB 8+8 Rom128GB CPU MediaTek 8788
https://www.lazada.vn/products/pdp-i3101212065.html,Samsung A9 RAM 6GB/128GB Đẹp Mượt,24,1450000,Bạc Liêu,https://img.lazcdn.com/g/ff/kf/Sa91feb9e250e453aa372db99016ad806b.jpg_200x200q80.avif,Samsung A9 RAM 6GB/128GB p M t
https://www.lazada.vn/products/pdp-i3097948562.html,"Điện Thoại Oppo A3X 6/128Gb sạc nhanh 45W, chính hãng",3,3899000,Hà Tĩnh,https://img.lazcdn.com/g/ff/kf/S59726ff5c95f42ff9953336406cda2609.jpg_200x200q80.avif,i n Tho i OPPO A3X 6/128Gb s c nhanh 45W ch nh h ng
https://www.lazada.vn/products/pdp-i3097456276.html,VOUCHER - QUÀ TẶNG - lPHOEN 16 PROMAX - 512GB - CƠ HỘI SỞ HỮU,34,33000,Gia Lai,https://img.lazcdn.com/g/p/047f364c149c86c7ae7cd81fd2d82ccb.jpg_200x200q80.avif,VOUCHER - QU T NG - lPHOEN 16 Pro MAX - 512GB - C H I S H U
https://www.lazada.vn/products/pdp-i3096779981.html,Điện thoại di động Vi xử lý 10 nhân giá bán rẻ Hàng mới về đien thoại giá rẻ nhất Giảm giá sốc Bảo hành miễn phí Hỗ trợ 4G/5G Mới 100%,47,1201309,Hà Nội,https://img.lazcdn.com/g/p/13aca0946abf01848952a018f2b41a40.jpg_200x200q80.avif,i n tho i di ng Vi x l 10 nh n gi b n r H ng m i v ien tho i gi r nh t Gi m gi s c B o h nh mi n ph H tr 4G/5G M i 100
https://www.lazada.vn/products/pdp-i3096063730.html,"[ SALE -RẺ VÔ ĐỊCH ] Điện thoại 5G giá rẻ Samsung Galaxy Note 10 5G 2sim ram 12G/256G, Cấu hình Cao Chiến mọi Game mượt, Chụp ảnh đẹp,máy đủ màu",35,267000,Hồ Chí Minh,https://img.lazcdn.com/g/p/a80e68915c7d504fedea8df7e592ab22.jpg_200x200q80.avif,SALE -R V CH i n tho i 5G gi r Samsung Galaxy Note 10 5G 2sim ram 12G/256G C u h nh Cao Chi n m i Game m t Ch p nh p m y m u
https://www.lazada.vn/products/pdp-i3095089043.html,điện thoại 0PP0 Ren012 5G (12GB/256GB) | Cấu hình Cao Chiến mọi Game mượt - Hàng chính hãng Bảo hành 12 tháng,50,950000,Hồ Chí Minh,https://img.lazcdn.com/g/p/88036aff56da54e1dafcb8a56ec0f5bd.jpg_200x200q80.avif,i n tho i OPPO Ren012 5G 12GB/256GB C u h nh Cao Chi n m i Game m t - H ng ch nh h ng B o h nh 12 th ng
https://www.lazada.vn/products/pdp-i3095078024.html,"Điện thoạimi Mi 14 Utra Cấu hình mạnh, cày game nặng siêu mượt  (16+512GB) | Màn hình 6.73""",65,980000,Hà Giang,https://img.lazcdn.com/g/p/46adb94ff5bb2bb07e7386372409f852.jpg_200x200q80.avif,i n tho iXiaomi 14 Utra C u h nh m nh c y game n ng si u m t 16+512GB M n h nh 6 73
https://www.lazada.vn/products/pdp-i3095055255.html,"Điện thoại mi Mi 15 Utra Cấu hình mạnh, cày game nặng siêu mượt (16+512GB) | Màn hình 6.73""",65,1120000,Hồ Chí Minh,https://img.lazcdn.com/g/p/e1b036f4d90d6246add04aa67b41a053.jpg_200x200q80.avif,i n tho i Xiaomi 15 Utra C u h nh m nh c y game n ng si u m t 16+512GB M n h nh 6 73
https://www.lazada.vn/products/pdp-i3095053285.html,"Điện thoại chắc chắn Unihertz Tank (Pin khủng 22000mAh, RAM 22GB,Rom 256GB ,Chống nước ,Chống bụi Chống sốc, Face ID )",65,916300,Hồ Chí Minh,https://img.lazcdn.com/g/p/448bed97859c0571ae5441068be0aa82.jpg_200x200q80.avif,i n tho i ch c ch n Unihertz Tank Pin kh ng 22000mAh RAM 22GB Rom 256GB Ch ng n c Ch ng b i Ch ng s c Face ID
https://www.lazada.vn/products/pdp-i3095039230.html,"Điện Thoại Oukitel WP38 4G | Pin 10600mAh, RAM 12GB, ROM 256GB, ANDROID 13",65,859250,Hồ Chí Minh,https://img.lazcdn.com/g/p/f0cec3b869cb9509c2750bd87011e971.jpg_200x200q80.avif,i n Tho i Oukitel WP38 4G Pin 10600mAh RAM 12GB ROM 256GB ANDROID 13
https://www.lazada.vn/products/pdp-i3095036295.html,"Điện thoại SS 23ut máy 2sim ram 12G/512G Chính Hãng, bảo hành 12 tháng",65,910000,Hồ Chí Minh,https://img.lazcdn.com/g/p/f28660b3cb1fadc4bc0251d0b6a92bf2.jpg_200x200q80.avif,i n tho i Samsung 23ut m y 2sim ram 12G/512G Ch nh H ng b o h nh 12 th ng
https://www.lazada.vn/products/pdp-i3095025304.html,"Điện thoại Redmi_n0te 10pr0 Ram 8GB/128GB pin 5020 mAh máy chính hãng, bảo hành 12 tháng",65,560000,Hồ Chí Minh,https://img.lazcdn.com/g/p/2e3db16dc75b277df74c57c0515a4e6a.jpg_200x200q80.avif,i n tho i Redmi Note 10Pro Ram 8GB/128GB pin 5020 mAh m y ch nh h ng b o h nh 12 th ng
https://www.lazada.vn/products/pdp-i3095020435.html,"Điện thoại oukitel  wp21 (Ram 12Gb,Rom 256Gb ,chống sốc,chống nước,pin khủng, pin 9.800mAh)",65,776300,Hồ Chí Minh,https://img.lazcdn.com/g/p/14502e16da2f013d6b77bf07b5f08305.jpg_200x200q80.avif,i n tho i oukitel wp21 Ram 12Gb Rom 256Gb ch ng s c ch ng n c pin kh ng pin 9 800mAh
https://www.lazada.vn/products/pdp-i3095015463.html,"Điện thoại  Redmi_n0te 12 Ram 8GB/128GB pin 5000 mAh máy chính hãng, bảo hành 12 tháng",65,560000,Hồ Chí Minh,https://img.lazcdn.com/g/p/007c3af28afea99fb048a87be68d07c9.jpg_200x200q80.avif,i n tho i Redmi Note 12 Ram 8GB/128GB pin 5000 mAh m y ch nh h ng b o h nh 12 th ng
https://www.lazada.vn/products/pdp-i3095015459.html,[Chính hãng]Điện thoại 0PP0_Ren0 13 5G - (BH 12 tháng Lỗi 1 đổi 1 trong 30 ngày),65,980000,Hồ Chí Minh,https://img.lazcdn.com/g/p/a819fad4b27b1ec18e35d18ddb8f56a5.jpg_200x200q80.avif,Ch nh h ng i n tho i OPPO Ren0 13 5G - BH 12 th ng L i 1 i 1 trong 30 ng y
https://www.lazada.vn/products/pdp-i3095006501.html,"Điện thoại chắc chắn Oukitel Wp21 Ultra(camera nhiệt ,FLIR,chống nước,chống sốc,pin 9800mAh,Ram 12Gb,Rom 256Gb)",65,1021300,Hồ Chí Minh,https://img.lazcdn.com/g/p/ba969a01259cabd4746c1dee00ad9605.jpg_200x200q80.avif,i n tho i ch c ch n Oukitel Wp21 Ultra camera nhi t FLIR ch ng n c ch ng s c pin 9800mAh Ram 12Gb Rom 256Gb
https://www.lazada.vn/products/pdp-i3094993515.html,"Điện thoại SS 22ut máy 2sim ram 12G/256G Chính Hãng, bảo hành 12 tháng",65,840000,Hồ Chí Minh,https://img.lazcdn.com/g/p/549fc3fa7ee835d11af459d03d8cbd37.jpg_200x200q80.avif,i n tho i Samsung 22ut m y 2sim ram 12G/256G Ch nh H ng b o h nh 12 th ng
https://www.lazada.vn/products/pdp-i3094990382.html,"Điện thoại SS 24ut máy 2sim ram 12G/512G Chính Hãng, bảo hành 12 tháng",50,1500000,Hồ Chí Minh,https://img.lazcdn.com/g/p/5d75944756c32a7fad2b4640e8135ecb.jpg_200x200q80.avif,i n tho i Samsung 24ut m y 2sim ram 12G/512G Ch nh H ng b o h nh 12 th ng
https://www.lazada.vn/products/pdp-i3094990378.html,"Điện thoạimi Mi 13 Utra Cấu hình mạnh, cày game nặng siêu mượt",65,840000,Hồ Chí Minh,https://img.lazcdn.com/g/p/9f7e6b4f58058bbdcdf56da994529595.jpg_200x200q80.avif,i n tho iXiaomi 13 Utra C u h nh m nh c y game n ng si u m t
https://www.lazada.vn/products/pdp-i3094979283.html,"Điện thoại Ss M51 2sim ram 8G/128G, Cấu hình Cao Chiến mọi Game mượt, Chụp ảnh đẹp, VÂN TAY OK",65,490000,Hà Giang,https://img.lazcdn.com/g/p/09690e5a3d594637b503730822509ecc.jpg_200x200q80.avif,i n tho i Samsung M51 2sim ram 8G/128G C u h nh Cao Chi n m i Game m t Ch p nh p V N TAY OK
https://www.lazada.vn/products/pdp-i3094968574.html,"Điện thoại siêu phẩm SS_ A55 5G 128GB-Chính hãng newseal 100%, Bảo hành chính hãng 12 tháng.",50,1100000,Hồ Chí Minh,https://img.lazcdn.com/g/p/1d3dc590396f33e0b4fe9062d507d14f.jpg_200x200q80.avif,i n tho i si u ph m Samsung A55 5G 128GB-Ch nh h ng newseal 100 B o h nh ch nh h ng 12 th ng
https://www.lazada.vn/products/pdp-i3094958618.html,"Điện thoại Ss M51 2sim ram 8G/128G, Cấu hình Cao Chiến mọi Game mượt, Chụp ảnh đẹp, VÂN TAY OK",65,490000,Hồ Chí Minh,https://img.lazcdn.com/g/p/09690e5a3d594637b503730822509ecc.jpg_200x200q80.avif,i n tho i Samsung M51 2sim ram 8G/128G C u h nh Cao Chi n m i Game m t Ch p nh p V N TAY OK
https://www.lazada.vn/products/pdp-i3094946641.html,"Điện thoại siêu phẩm SS_ z f0ld 4 256GB-Chính hãng mới 100%, Bảo hành chính hãng 12 tháng.",65,980000,Hồ Chí Minh,https://img.lazcdn.com/g/p/f5eb29d04b110755db15abe4a296be1f.jpg_200x200q80.avif,i n tho i si u ph m Samsung z Fold 4 256GB-Ch nh h ng m i 100 B o h nh ch nh h ng 12 th ng
https://www.lazada.vn/products/pdp-i3094945634.html,"Điện thoại chắc chắn unihertz Tank 3 (pin  23800mAh,sạc nhanh  120W, Ram 32GB(16+16),rom  512GB, ,5G , Android 13)",65,1021300,Hồ Chí Minh,https://img.lazcdn.com/g/p/a254e8c1c4db9d911c883a740dcc418f.jpg_200x200q80.avif,i n tho i ch c ch n unihertz Tank 3 pin 23800mAh s c nhanh 120W Ram 32GB 16+16 rom 512GB 5G Android 13
https://www.lazada.vn/products/pdp-i3111272183.html,"Điện thoại Xiaomi Poco C75 6/128GB- Hàng chính hãng, BH 12 tháng",0,3290000,Hà Nội,https://img.lazcdn.com/g/p/a2231b4feeb950a89b7cd5eedb244d44.jpg_200x200q80.avif,i n tho i Xiaomi Poco C75 6/128GB- H ng ch nh h ng BH 12 th ng
https://www.lazada.vn/products/pdp-i3105146001.html,[Chính hãng] Điện thoại Opp0 FFIND N5 (16GB/512GB) - Hàng chính hãng,50,1600000,Hà Nội,https://img.lazcdn.com/g/p/448150a59731e5622f60b1f9e572afb6.jpg_200x200q80.avif,Ch nh h ng i n tho i OPPO FFIND N5 16GB/512GB - H ng ch nh h ng
https://www.lazada.vn/products/pdp-i3105091274.html,[Chính hãng] Điện thoại Opp0 FFIND N3 (16GB/512GB) - Hàng chính hãng,50,1500000,Hà Nội,https://img.lazcdn.com/g/p/7cb3bb78e90e2bc2ed62db73b015699e.jpg_200x200q80.avif,Ch nh h ng i n tho i OPPO FFIND N3 16GB/512GB - H ng ch nh h ng
https://www.lazada.vn/products/pdp-i3104964904.html,điện thoại 0PP0 A93 5G (8GB/128GB) | Cấu hình Cao Chiến mọi Game mượt - Hàng chính hãng Bảo hành 12 tháng,50,750000,Hà Nội,https://img.lazcdn.com/g/p/ff9684b8acfbb55477c1e65c3b3c1771.jpg_200x200q80.avif,i n tho i OPPO A93 5G 8GB/128GB C u h nh Cao Chi n m i Game m t - H ng ch nh h ng B o h nh 12 th ng
https://www.lazada.vn/products/pdp-i3104896930.html,"điện thoại 0PP0 Ren0 10pr0 5G (12GB/256GB) | Cấu hình Cao Chiến mọi Game mượt - Hàng chính hãng Bảo hành 12 tháng""",50,1100000,Hà Nội,https://img.lazcdn.com/g/p/8acf046fca9c180c128ddfd1239db733.jpg_200x200q80.avif,i n tho i OPPO Ren0 10Pro 5G 12GB/256GB C u h nh Cao Chi n m i Game m t - H ng ch nh h ng B o h nh 12 th ng
https://www.lazada.vn/products/pdp-i3104128501.html,"Điện thoại siêu phẩm SS_ z f0ld 5 256GB-Chính hãng mới 100%, Bảo hành chính hãng 12 tháng.",65,1120000,Nam Định,https://img.lazcdn.com/g/p/6e1e3696a85a2b650580f645ba8f2fc7.jpg_200x200q80.avif,i n tho i si u ph m Samsung z Fold 5 256GB-Ch nh h ng m i 100 B o h nh ch nh h ng 12 th ng
https://www.lazada.vn/products/pdp-i3094937635.html,"Điện thoại chắc chắn Oukitel WP28 S (Màn hình HD 6,52"",pin 10600mAh,NFC,Ram 16GB(4+12),Rom 128GB, Android 14, Camera13M)",65,706300,Hồ Chí Minh,https://img.lazcdn.com/g/p/939d435e2e7f9dd5c3dbb518d932dd6f.jpg_200x200q80.avif,i n tho i ch c ch n Oukitel WP28 S M n h nh HD 6 52 pin 10600mAh NFC Ram 16GB 4+12 Rom 128GB Android 14 Camera13M
https://www.lazada.vn/products/pdp-i3094933559.html,[Chính hãng] Điện thoại Opp0 FFIND N3 FLIP (12GB/256GB) - Hàng chính hãng,50,1500000,Hồ Chí Minh,https://img.lazcdn.com/g/p/72387abcc588df9763079c9cc69ef2fc.jpg_200x200q80.avif,Ch nh h ng i n tho i OPPO FFIND N3 FLIP 12GB/256GB - H ng ch nh h ng
https://www.lazada.vn/products/pdp-i3094907566.html,"Điện thoại siêu phẩm SS_ A72 5G 128GB-Chính hãng newseal 100%, Bảo hành chính hãng 12 tháng.",65,574000,Hồ Chí Minh,https://img.lazcdn.com/g/p/5902f9c37479817cea7fcb870f00bb93.jpg_200x200q80.avif,i n tho i si u ph m Samsung A72 5G 128GB-Ch nh h ng newseal 100 B o h nh ch nh h ng 12 th ng
https://www.lazada.vn/products/pdp-i3094906625.html,[Chính hãng] Điện thoại 0pp0_FFind_X8 Pr0 (12GB/256GB) - Hàng chính hãng,65,1050000,Hồ Chí Minh,https://img.lazcdn.com/g/p/0bcdfbf785cea87ae8ed481d946d566c.jpg_200x200q80.avif,Ch nh h ng i n tho i OPPO FFind X8 Pro 12GB/256GB - H ng ch nh h ng
https://www.lazada.vn/products/pdp-i3094905542.html,"Điện thoại Oukitel WP19 Pin 21000mAh, Vua pin siêu bền, Ram 8G Rom 256G Chính Hãng (tặng cáp bảo vệ sạc)",65,671300,Hồ Chí Minh,https://img.lazcdn.com/g/p/5c38be3cbe7e4ccfbf3e77a84fc4878d.jpg_200x200q80.avif,i n tho i Oukitel WP19 Pin 21000mAh Vua pin si u b n Ram 8G Rom 256G Ch nh H ng t ng c p b o v s c
https://www.lazada.vn/products/pdp-i3094901543.html,"Điện thoại Redmi_n0te 13pr Ram 8GB/128GB pin 5000 mAh máy chính hãng, bảo hành 12 tháng",65,840000,Hồ Chí Minh,https://img.lazcdn.com/g/p/0ae58627d8a42f5390b5278cd0d5a660.jpg_200x200q80.avif,i n tho i Redmi Note 13pr Ram 8GB/128GB pin 5000 mAh m y ch nh h ng b o h nh 12 th ng
https://www.lazada.vn/products/pdp-i3094897568.html,"Điện thoại Red.mi Note 11 pro 2sim ram 8G/128G, Cấu hình mạnh, cày game nặng siêu mượt, VÂN TAY OK",65,560000,Hồ Chí Minh,https://img.lazcdn.com/g/p/a4a317aaa363f909b0125c001e29efa0.jpg_200x200q80.avif,i n tho i Redmi Note 11 Pro 2sim ram 8G/128G C u h nh m nh c y game n ng si u m t V N TAY OK
https://www.lazada.vn/products/pdp-i3094897566.html,"Điện thoại siêu phẩm SS_ z f0ld 5 256GB-Chính hãng mới 100%, Bảo hành chính hãng 12 tháng.",65,1120000,Hồ Chí Minh,https://img.lazcdn.com/g/p/6e1e3696a85a2b650580f645ba8f2fc7.jpg_200x200q80.avif,i n tho i si u ph m Samsung z Fold 5 256GB-Ch nh h ng m i 100 B o h nh ch nh h ng 12 th ng
https://www.lazada.vn/products/pdp-i3094897485.html,[Chính hãng]Điện thoại 0PP0_Ren0 13 5G - (BH 12 tháng Lỗi 1 đổi 1 trong 30 ngày),65,980000,Hà Giang,https://img.lazcdn.com/g/p/a819fad4b27b1ec18e35d18ddb8f56a5.jpg_200x200q80.avif,Ch nh h ng i n tho i OPPO Ren0 13 5G - BH 12 th ng L i 1 i 1 trong 30 ng y
https://www.lazada.vn/products/pdp-i3094886602.html,"Điện thoại SS A32 máy 2sim ram 6G/128G Chính Hãng, VÂN TAY OK",65,560000,Hồ Chí Minh,https://img.lazcdn.com/g/p/724767a6ee1a8450f63d74b616647f8d.jpg_200x200q80.avif,i n tho i Samsung A32 m y 2sim ram 6G/128G Ch nh H ng V N TAY OK
https://www.lazada.vn/products/pdp-i3094882617.html,"Unihertz tank 2 Pro (pin 23800 mAh,Ram 24GB(12+12),Rom 512GB,máy chiếu 2.4K, Android 14,camera 100MP, NFC, cốc sạt 120W)",65,986300,Hồ Chí Minh,https://img.lazcdn.com/g/p/28bcd5b0fedd6364f660f0ca0281250c.jpg_200x200q80.avif,Unihertz tank 2 Pro pin 23800 mAh Ram 24GB 12+12 Rom 512GB m y chi u 2 4K Android 14 camera 100MP NFC c c s t 120W
https://www.lazada.vn/products/pdp-i3094877773.html,"Điện thoại siêu bền Oukitel WP36(loa to Âm thanh 8D Triple-Cam,Pin 10600mAh,Ram16GB(8+8),Rom128GB,CPU MediaTek 8788)",65,916300,Hồ Chí Minh,https://img.lazcdn.com/g/p/9fa8e3c283eaa99c8132adccfe44f863.jpg_200x200q80.avif,i n tho i si u b n Oukitel WP36 loa to m thanh 8D Triple-Cam Pin 10600mAh Ram16GB 8+8 Rom128GB CPU MediaTek 8788
https://www.lazada.vn/products/pdp-i3094877766.html,điện thoại 0PP0 Ren08pr0 5G (12GB/256GB) | Cấu hình Cao Chiến mọi Game mượt - Hàng chính hãng Bảo hành 12 tháng,65,630000,Hồ Chí Minh,https://img.lazcdn.com/g/p/674c91cf325950e41cd7550b3f1864cd.jpg_200x200q80.avif,i n tho i OPPO Ren08Pro 5G 12GB/256GB C u h nh Cao Chi n m i Game m t - H ng ch nh h ng B o h nh 12 th ng
https://www.lazada.vn/products/pdp-i3094215957.html,Điện thoại Samsung Galaxy A36 5G - Hàng chính hãng- BH 12 tháng,14,7150000,Hà Nội,https://img.lazcdn.com/g/p/17ba408daff16ab2b8f9afe9a055fba9.jpg_200x200q80.avif,i n tho i Samsung Galaxy A36 5G - H ng ch nh h ng- BH 12 th ng
https://www.lazada.vn/products/pdp-i3093539102.html,Điện Thoại Samsung A06 5G 4GB/64GB - Hàng Chính Hãng,20,2775000,Bến Tre,https://img.lazcdn.com/g/p/09c11c79bdbdb8b375bb2c4e22a7b557.jpg_200x200q80.avif,i n Tho i Samsung A06 5G 4GB/64GB - H ng Ch nh H ng
https://www.lazada.vn/products/pdp-i3093090283.html,điện thoại 0PP0 A93s 5G (8GB/256GB) | Cấu hình Cao Chiến mọi Game mượt - Hàng chính hãng Bảo hành 12 tháng,50,700000,Vĩnh Phúc,https://img.lazcdn.com/g/p/3300a8b7b35760c8ade39755f30469db.jpg_200x200q80.avif,i n tho i OPPO A93s 5G 8GB/256GB C u h nh Cao Chi n m i Game m t - H ng ch nh h ng B o h nh 12 th ng
https://www.lazada.vn/products/pdp-i3093074348.html,"Điện thoại Redmi_n0te 14 pro plus Ram 12GB/512GB pin 5110 mAh máy chính hãng, bảo hành 12 tháng",50,1400000,Vĩnh Phúc,https://img.lazcdn.com/g/p/ab344f79b1c1a2f2eec197483ef796a0.jpg_200x200q80.avif,i n tho i Redmi Note 14 Pro plus Ram 12GB/512GB pin 5110 mAh m y ch nh h ng b o h nh 12 th ng
https://www.lazada.vn/products/pdp-i3093008393.html,[Chính hãng]Điện thoại 0PP0_Ren0 13 pro 5G (12/512) - BH 12 tháng Lỗi 1 đổi 1 trong 30 ngày,50,1500000,Vĩnh Phúc,https://img.lazcdn.com/g/p/9e45167268e9767cf8e3ad3179ce3ebe.jpg_200x200q80.avif,Ch nh h ng i n tho i OPPO Ren0 13 Pro 5G 12/512 - BH 12 th ng L i 1 i 1 trong 30 ng y
https://www.lazada.vn/products/pdp-i3092999210.html,[Chính hãng] Điện thoại Opp0 FFIND N3 (16GB/512GB) - Hàng chính hãng,50,1500000,Hồ Chí Minh,https://img.lazcdn.com/g/p/7cb3bb78e90e2bc2ed62db73b015699e.jpg_200x200q80.avif,Ch nh h ng i n tho i OPPO FFIND N3 16GB/512GB - H ng ch nh h ng
https://www.lazada.vn/products/pdp-i3092998214.html,điện thoại 0PP0 A53 (128GB) |Cấu hình Cao Chiến mọi Game mượt - Hàng chính hãng Bảo hành 12 tháng,50,650000,Hồ Chí Minh,https://img.lazcdn.com/g/p/ea96c7eb07112f2faf8282e6d3bdac3d.jpg_200x200q80.avif,i n tho i OPPO A53 128GB C u h nh Cao Chi n m i Game m t - H ng ch nh h ng B o h nh 12 th ng
https://www.lazada.vn/products/pdp-i3092984237.html,[Chính hãng] Điện thoại Opp0 FFIND N5 (16GB/512GB) - Hàng chính hãng,50,1600000,Hồ Chí Minh,https://img.lazcdn.com/g/p/448150a59731e5622f60b1f9e572afb6.jpg_200x200q80.avif,Ch nh h ng i n tho i OPPO FFIND N5 16GB/512GB - H ng ch nh h ng
https://www.lazada.vn/products/pdp-i3092983428.html,[Chính hãng]Điện thoại 0PP0_A3 pro 5G - (BH 12 tháng Lỗi 1 đổi 1 trong 30 ngày),50,800000,Hồ Chí Minh,https://img.lazcdn.com/g/p/ab259cb234a37d277b4461c5afd3b1e3.jpg_200x200q80.avif,Ch nh h ng i n tho i OPPO A3 Pro 5G - BH 12 th ng L i 1 i 1 trong 30 ng y
https://www.lazada.vn/products/pdp-i3092978467.html,"Điện thoại P0c0 X7pr0 Ram 12GB/256GB pin 6000 mAh máy chính hãng, bảo hành 12 tháng",50,1000000,Hồ Chí Minh,https://img.lazcdn.com/g/p/4088d5ec3e9f7d10227ebacbfd214ddc.jpg_200x200q80.avif,i n tho i POCO X7Pro Ram 12GB/256GB pin 6000 mAh m y ch nh h ng b o h nh 12 th ng
https://www.lazada.vn/products/pdp-i3092970785.html,"Điện thoại Red.mi Note 14  2sim ram 8G/256G, Cấu hình mạnh, cày game nặng siêu mượt, máy chính hãng, bảo hành 12 tháng",50,1100000,Vĩnh Phúc,https://img.lazcdn.com/g/p/6916d972afb2767ad53265669d861ddc.jpg_200x200q80.avif,i n tho i Redmi Note 14 2sim ram 8G/256G C u h nh m nh c y game n ng si u m t m y ch nh h ng b o h nh 12 th ng
https://www.lazada.vn/products/pdp-i3092968376.html,"điện thoại 0PP0 A79 5G (8GB/256GB) | Cấu hình Cao Chiến mọi Game mượt - Hàng chính hãng Bảo hành 12 tháng""",50,850000,Hồ Chí Minh,https://img.lazcdn.com/g/p/4302c50ed2deffb143c0de065c38fc34.jpg_200x200q80.avif,i n tho i OPPO A79 5G 8GB/256GB C u h nh Cao Chi n m i Game m t - H ng ch nh h ng B o h nh 12 th ng
https://www.lazada.vn/products/pdp-i3092949629.html,điện thoại 0PP0 A93s 5G (8GB/256GB) | Cấu hình Cao Chiến mọi Game mượt - Hàng chính hãng Bảo hành 12 tháng,50,700000,Hồ Chí Minh,https://img.lazcdn.com/g/p/3300a8b7b35760c8ade39755f30469db.jpg_200x200q80.avif,i n tho i OPPO A93s 5G 8GB/256GB C u h nh Cao Chi n m i Game m t - H ng ch nh h ng B o h nh 12 th ng
https://www.lazada.vn/products/pdp-i3092935399.html,điện thoại 0PP0 Ren0  10pr0+ 5G (12GB/256GB) | Cấu hình Cao Chiến mọi Game mượt - Hàng chính hãng Bảo hành 12 tháng,50,1200000,Hồ Chí Minh,https://img.lazcdn.com/g/p/c9800d75f3242b31d013cfdeacfbfec6.jpg_200x200q80.avif,i n tho i OPPO Ren0 10Pro + 5G 12GB/256GB C u h nh Cao Chi n m i Game m t - H ng ch nh h ng B o h nh 12 th ng
https://www.lazada.vn/products/pdp-i3092925418.html,"Điện thoại Redmi_n0te 14 pro  Ram 12GB/512GB pin 5110 mAh máy chính hãng, bảo hành 12 tháng",50,1300000,Hồ Chí Minh,https://img.lazcdn.com/g/p/635872d7385961eccb0a933ab641f3ab.jpg_200x200q80.avif,i n tho i Redmi Note 14 Pro Ram 12GB/512GB pin 5110 mAh m y ch nh h ng b o h nh 12 th ng
https://www.lazada.vn/products/pdp-i3092909468.html,điện thoại 0PP0 A92 (8GB/128GB) | Cấu hình Cao Chiến mọi Game mượt - Hàng chính hãng Bảo hành 12 tháng,50,720000,Hồ Chí Minh,https://img.lazcdn.com/g/p/6511a36f6bd5b3f1a264643cd4166036.jpg_200x200q80.avif,i n tho i OPPO A92 8GB/128GB C u h nh Cao Chi n m i Game m t - H ng ch nh h ng B o h nh 12 th ng
https://www.lazada.vn/products/pdp-i3092902703.html,"Điện thoại Redmi_n0te 14 pro plus Ram 12GB/512GB pin 5110 mAh máy chính hãng, bảo hành 12 tháng",50,1400000,Hồ Chí Minh,https://img.lazcdn.com/g/p/ab344f79b1c1a2f2eec197483ef796a0.jpg_200x200q80.avif,i n tho i Redmi Note 14 Pro plus Ram 12GB/512GB pin 5110 mAh m y ch nh h ng b o h nh 12 th ng
https://www.lazada.vn/products/pdp-i3092892749.html,điện thoại 0PP0 F11 (6GB/64GB) | Cấu hình Cao Chiến mọi Game mượt - Hàng chính hãng Bảo hành 12 tháng,50,650000,Hồ Chí Minh,https://img.lazcdn.com/g/p/db408caf790633428162ea7edf23d46f.jpg_200x200q80.avif,i n tho i OPPO F11 6GB/64GB C u h nh Cao Chi n m i Game m t - H ng ch nh h ng B o h nh 12 th ng
https://www.lazada.vn/products/pdp-i3092888477.html,"Điện thoại Samsung Galaxy A06 5G - Hàng chính hãng, BH 12 tháng",27,2550000,Hà Nội,https://img.lazcdn.com/g/p/bc9360439633a13efc380e665cb2c806.jpg_200x200q80.avif,i n tho i Samsung Galaxy A06 5G - H ng ch nh h ng BH 12 th ng
https://www.lazada.vn/products/pdp-i3092884477.html,"điện thoại 0PP0 Ren0 10pr0 5G (12GB/256GB) | Cấu hình Cao Chiến mọi Game mượt - Hàng chính hãng Bảo hành 12 tháng""",50,1100000,Hồ Chí Minh,https://img.lazcdn.com/g/p/8acf046fca9c180c128ddfd1239db733.jpg_200x200q80.avif,i n tho i OPPO Ren0 10Pro 5G 12GB/256GB C u h nh Cao Chi n m i Game m t - H ng ch nh h ng B o h nh 12 th ng
https://www.lazada.vn/products/pdp-i3092872547.html,Điện thoại Samsung Galaxy A26 5G- Hàng chính hãng- BH 12 tháng,0,6990000,Hà Nội,https://img.lazcdn.com/g/p/aae7a8cade2eb4fecfc97331e7219f77.jpg_200x200q80.avif,i n tho i Samsung Galaxy A26 5G- H ng ch nh h ng- BH 12 th ng
https://www.lazada.vn/products/pdp-i3111760488.html,Điện Thoại Xiaomi Redmi 13C 4G (8GB -256GB) Chính Hãng 100% Full Box Nguyên Seal Bảo Hành 18 Tháng,31,2699000,Hà Nội,https://img.lazcdn.com/g/p/08a5920160359b9895f2b8b43759ba3b.jpg_200x200q80.avif,i n Tho i Xiaomi Redmi 13C 4G 8GB -256GB Ch nh H ng 100 Full Box Nguy n Seal B o H nh 18 Th ng
https://www.lazada.vn/products/pdp-i3109101669.html,Điện Thoại Samsung Galaxy A15 4G (8GB/256GB) Chính Hãng 100% Full Box Nguyên Seal Bảo Hành 18 Tháng,37,3699000,Hà Nội,https://img.lazcdn.com/g/p/988f92961f387891a7360efc4d29835b.jpg_200x200q80.avif,i n Tho i Samsung Galaxy A15 4G 8GB/256GB Ch nh H ng 100 Full Box Nguy n Seal B o H nh 18 Th ng
https://www.lazada.vn/products/pdp-i3104245124.html,"Oukitel WP32 Pro siêu bền(RAM 24Gb(6GB + 18GB),ROM 256GB,NFC,Màn hình 6.0 inch, Android 14,T606 Octa Core, OTG)",65,811300,Sơn La,https://img.lazcdn.com/g/p/3044e756ab9ee3bef13162d3d04a2b48.jpg_200x200q80.avif,Oukitel WP32 Pro si u b n RAM 24Gb 6GB + 18GB ROM 256GB NFC M n h nh 6 0 inch Android 14 T606 Octa Core OTG
https://www.lazada.vn/products/pdp-i3092865748.html,"Điện thoại mi Mi 15 Cấu hình mạnh, cày game nặng siêu mượt (12+256B) | Màn hình 6.36",50,1300000,Hồ Chí Minh,https://img.lazcdn.com/g/p/f022ab76aa346c6622db7d4b51b9fe23.jpg_200x200q80.avif,i n tho i Xiaomi 15 C u h nh m nh c y game n ng si u m t 12+256B M n h nh 6 36
https://www.lazada.vn/products/pdp-i3092864712.html,điện thoại 0PP0 A93 5G (8GB/128GB) | Cấu hình Cao Chiến mọi Game mượt - Hàng chính hãng Bảo hành 12 tháng,50,750000,Hồ Chí Minh,https://img.lazcdn.com/g/p/ff9684b8acfbb55477c1e65c3b3c1771.jpg_200x200q80.avif,i n tho i OPPO A93 5G 8GB/128GB C u h nh Cao Chi n m i Game m t - H ng ch nh h ng B o h nh 12 th ng
https://www.lazada.vn/products/pdp-i3092790931.html,[Chính hãng]Điện thoại 0PP0_A5 pro 5G - (BH 12 tháng Lỗi 1 đổi 1 trong 30 ngày),50,900000,Hồ Chí Minh,https://img.lazcdn.com/g/p/1f4ae9329ce490a5623656a812fb1ae7.jpg_200x200q80.avif,Ch nh h ng i n tho i OPPO A5 Pro 5G - BH 12 th ng L i 1 i 1 trong 30 ng y
https://www.lazada.vn/products/pdp-i3092641047.html,"Điện thoại Oukitel WP19 Pin 21000mAh, Vua pin siêu bền, Ram 8G Rom 256G Chính Hãng (tặng cáp bảo vệ sạc)",65,671300,Hà Nội,https://img.lazcdn.com/g/p/5c38be3cbe7e4ccfbf3e77a84fc4878d.jpg_200x200q80.avif,i n tho i Oukitel WP19 Pin 21000mAh Vua pin si u b n Ram 8G Rom 256G Ch nh H ng t ng c p b o v s c
https://www.lazada.vn/products/pdp-i3092632081.html,"Điện thoại siêu phẩm SS_ z f0ld 4 256GB-Chính hãng mới 100%, Bảo hành chính hãng 12 tháng.",50,1400000,Đồng Nai,https://img.lazcdn.com/g/p/f5eb29d04b110755db15abe4a296be1f.jpg_200x200q80.avif,i n tho i si u ph m Samsung z Fold 4 256GB-Ch nh h ng m i 100 B o h nh ch nh h ng 12 th ng
https://www.lazada.vn/products/pdp-i3092615141.html,"Điện thoại siêu phẩm SS_ A72 5G 128GB-Chính hãng newseal 100%, Bảo hành chính hãng 12 tháng.",65,574000,Đồng Nai,https://img.lazcdn.com/g/p/5902f9c37479817cea7fcb870f00bb93.jpg_200x200q80.avif,i n tho i si u ph m Samsung A72 5G 128GB-Ch nh h ng newseal 100 B o h nh ch nh h ng 12 th ng
https://www.lazada.vn/products/pdp-i3092610137.html,[Chính hãng]Điện thoại 0PP0_Ren0 13 5G - (BH 12 tháng Lỗi 1 đổi 1 trong 30 ngày),50,1400000,Đồng Nai,https://img.lazcdn.com/g/p/a819fad4b27b1ec18e35d18ddb8f56a5.jpg_200x200q80.avif,Ch nh h ng i n tho i OPPO Ren0 13 5G - BH 12 th ng L i 1 i 1 trong 30 ng y
https://www.lazada.vn/products/pdp-i3092604135.html,"Điện Thoại Oukitel WP38 4G | Pin 10600mAh, RAM 12GB, ROM 256GB, ANDROID 13",65,859250,Đồng Nai,https://img.lazcdn.com/g/p/f0cec3b869cb9509c2750bd87011e971.jpg_200x200q80.avif,i n Tho i Oukitel WP38 4G Pin 10600mAh RAM 12GB ROM 256GB ANDROID 13
https://www.lazada.vn/products/pdp-i3092603179.html,"Điện thoại Redmi_n0te 13pr Ram 8GB/128GB pin 5000 mAh máy chính hãng, bảo hành 12 tháng",50,1200000,Đồng Nai,https://img.lazcdn.com/g/p/0ae58627d8a42f5390b5278cd0d5a660.jpg_200x200q80.avif,i n tho i Redmi Note 13pr Ram 8GB/128GB pin 5000 mAh m y ch nh h ng b o h nh 12 th ng
https://www.lazada.vn/products/pdp-i3092596161.html,"Điện thoại chắc chắn unihertz Tank 3 (pin  23800mAh,sạc nhanh  120W, Ram 32GB(16+16),rom  512GB, ,5G , Android 13)",65,1021300,Đồng Nai,https://img.lazcdn.com/g/p/a254e8c1c4db9d911c883a740dcc418f.jpg_200x200q80.avif,i n tho i ch c ch n unihertz Tank 3 pin 23800mAh s c nhanh 120W Ram 32GB 16+16 rom 512GB 5G Android 13
https://www.lazada.vn/products/pdp-i3092594201.html,"Điện thoại  Redmi_n0te 12 Ram 8GB/128GB pin 5000 mAh máy chính hãng, bảo hành 12 tháng",65,560000,Đồng Nai,https://img.lazcdn.com/g/p/007c3af28afea99fb048a87be68d07c9.jpg_200x200q80.avif,i n tho i Redmi Note 12 Ram 8GB/128GB pin 5000 mAh m y ch nh h ng b o h nh 12 th ng
https://www.lazada.vn/products/pdp-i3092591167.html,"Điện thoại siêu phẩm SS_ z f0ld 5 256GB-Chính hãng mới 100%, Bảo hành chính hãng 12 tháng.",65,1120000,Đồng Nai,https://img.lazcdn.com/g/p/6e1e3696a85a2b650580f645ba8f2fc7.jpg_200x200q80.avif,i n tho i si u ph m Samsung z Fold 5 256GB-Ch nh h ng m i 100 B o h nh ch nh h ng 12 th ng
https://www.lazada.vn/products/pdp-i3092548365.html,"Unihertz tank 2 Pro (pin 23800 mAh,Ram 24GB(12+12),Rom 512GB,máy chiếu 2.4K, Android 14,camera 100MP, NFC, cốc sạt 120W)",65,986300,Đồng Nai,https://img.lazcdn.com/g/p/28bcd5b0fedd6364f660f0ca0281250c.jpg_200x200q80.avif,Unihertz tank 2 Pro pin 23800 mAh Ram 24GB 12+12 Rom 512GB m y chi u 2 4K Android 14 camera 100MP NFC c c s t 120W
https://www.lazada.vn/products/pdp-i3092537475.html,"Điện thoại SS A32 máy 2sim ram 6G/128G Chính Hãng, VÂN TAY OK",65,560000,Đồng Nai,https://img.lazcdn.com/g/p/724767a6ee1a8450f63d74b616647f8d.jpg_200x200q80.avif,i n tho i Samsung A32 m y 2sim ram 6G/128G Ch nh H ng V N TAY OK
https://www.lazada.vn/products/pdp-i3092535415.html,"Điện thoại SS 23ut máy 2sim ram 12G/512G Chính Hãng, bảo hành 12 tháng",50,1300000,Đồng Nai,https://img.lazcdn.com/g/p/f28660b3cb1fadc4bc0251d0b6a92bf2.jpg_200x200q80.avif,i n tho i Samsung 23ut m y 2sim ram 12G/512G Ch nh H ng b o h nh 12 th ng
https://www.lazada.vn/products/pdp-i3092529398.html,[Chính hãng] Điện thoại Opp0 FFIND N3 FLIP (12GB/256GB) - Hàng chính hãng,50,1500000,Đồng Nai,https://img.lazcdn.com/g/p/72387abcc588df9763079c9cc69ef2fc.jpg_200x200q80.avif,Ch nh h ng i n tho i OPPO FFIND N3 FLIP 12GB/256GB - H ng ch nh h ng
https://www.lazada.vn/products/pdp-i3092524459.html,"Oukitel WP32 Pro siêu bền(RAM 24Gb(6GB + 18GB),ROM 256GB,NFC,Màn hình 6.0 inch, Android 14,T606 Octa Core, OTG)",65,811300,Đồng Nai,https://img.lazcdn.com/g/p/3044e756ab9ee3bef13162d3d04a2b48.jpg_200x200q80.avif,Oukitel WP32 Pro si u b n RAM 24Gb 6GB + 18GB ROM 256GB NFC M n h nh 6 0 inch Android 14 T606 Octa Core OTG
https://www.lazada.vn/products/pdp-i3092521449.html,"Điện thoạimi Mi 13 Utra Cấu hình mạnh, cày game nặng siêu mượt",65,840000,Đồng Nai,https://img.lazcdn.com/g/p/9f7e6b4f58058bbdcdf56da994529595.jpg_200x200q80.avif,i n tho iXiaomi 13 Utra C u h nh m nh c y game n ng si u m t
https://www.lazada.vn/products/pdp-i3092509507.html,điện thoại 0PP0 Ren08pr0 5G (12GB/256GB) | Cấu hình Cao Chiến mọi Game mượt - Hàng chính hãng Bảo hành 12 tháng,65,630000,Đồng Nai,https://img.lazcdn.com/g/p/674c91cf325950e41cd7550b3f1864cd.jpg_200x200q80.avif,i n tho i OPPO Ren08Pro 5G 12GB/256GB C u h nh Cao Chi n m i Game m t - H ng ch nh h ng B o h nh 12 th ng
https://www.lazada.vn/products/pdp-i3092488524.html,"Điện thoại mi Mi 15 Utra Cấu hình mạnh, cày game nặng siêu mượt (16+512GB) | Màn hình 6.73""",65,1120000,Đồng Nai,https://img.lazcdn.com/g/p/e1b036f4d90d6246add04aa67b41a053.jpg_200x200q80.avif,i n tho i Xiaomi 15 Utra C u h nh m nh c y game n ng si u m t 16+512GB M n h nh 6 73
https://www.lazada.vn/products/pdp-i3092469522.html,"Điện thoại siêu phẩm SS_ A55 5G 128GB-Chính hãng newseal 100%, Bảo hành chính hãng 12 tháng.",65,770000,Đồng Nai,https://img.lazcdn.com/g/p/1d3dc590396f33e0b4fe9062d507d14f.jpg_200x200q80.avif,i n tho i si u ph m Samsung A55 5G 128GB-Ch nh h ng newseal 100 B o h nh ch nh h ng 12 th ng
https://www.lazada.vn/products/pdp-i3092334898.html,[Chính hãng] Điện thoại 0pp0_FFind_X8 Pr0 (12GB/256GB) - Hàng chính hãng,65,1050000,Đồng Nai,https://img.lazcdn.com/g/p/0bcdfbf785cea87ae8ed481d946d566c.jpg_200x200q80.avif,Ch nh h ng i n tho i OPPO FFind X8 Pro 12GB/256GB - H ng ch nh h ng
https://www.lazada.vn/products/pdp-i3092334896.html,điện thoại 0PP0 Ren012 5G (12GB/256GB) | Cấu hình Cao Chiến mọi Game mượt - Hàng chính hãng Bảo hành 12 tháng,65,665000,Đồng Nai,https://img.lazcdn.com/g/p/88036aff56da54e1dafcb8a56ec0f5bd.jpg_200x200q80.avif,i n tho i OPPO Ren012 5G 12GB/256GB C u h nh Cao Chi n m i Game m t - H ng ch nh h ng B o h nh 12 th ng
https://www.lazada.vn/products/pdp-i3092156404.html,5.5 KHUYẾN MẠI LỚN Điện Thoại Xiaomi POCO C65 8GB/256GB - Hàng Chính Hãng,43,2280000,Hà Nội,https://img.lazcdn.com/g/p/9bd1266f3f4d44b329f9da35beee6e08.png_200x200q80.avif,5 5 KHUY N M I L N i n Tho i Xiaomi POCO C65 8GB/256GB - H ng Ch nh H ng
https://www.lazada.vn/products/pdp-i3092044820.html,Redmi Xiaomi 14C điện thoại 8GB/256GB bảo hành chính hãng,42,2390000,Hà Nội,https://img.lazcdn.com/g/p/a13a1683c8a9e17e7b88eb247fa25eb5.png_200x200q80.avif,Redmi Xiaomi 14C i n tho i 8GB/256GB b o h nh ch nh h ng
https://www.lazada.vn/products/pdp-i3091529157.html,Điện Thoại Samsung Galaxy S25 Edge 512GB,18,27490000,Hồ Chí Minh,https://img.lazcdn.com/g/ff/kf/S877fc3aa77c4470498757c15f4a28654s.jpg_200x200q80.avif,i n Tho i Samsung Galaxy S25 Edge 512GB
https://www.lazada.vn/products/pdp-i3090738233.html,điện thoại rẻ cho học sinh đánh mọi gaming nặng chất Bán giá rẻ Hàng mới về điện thoại cảm ứng giá rẻ 7.3inch Android Mobile Bộ nhớ 16+1TB dt giá rẻ,45,1142788,Hà Nội,https://img.lazcdn.com/g/p/2169cc91f93549d328cb3f5556c3add3.jpg_200x200q80.avif,i n tho i r cho h c sinh nh m i gaming n ng ch t B n gi r H ng m i v i n tho i c m ng gi r 7 3inch Android Mobile B nh 16+1TB dt gi r
https://www.lazada.vn/products/pdp-i3090187186.html,[Chính hãng] Điện thoại 0pp0_FFind_X8 Pr0 (12GB/256GB) - Hàng chính hãng,65,1050000,Hải Phòng,https://img.lazcdn.com/g/p/0bcdfbf785cea87ae8ed481d946d566c.jpg_200x200q80.avif,Ch nh h ng i n tho i OPPO FFind X8 Pro 12GB/256GB - H ng ch nh h ng
https://www.lazada.vn/products/pdp-i3090184544.html,"Điện thoại SS A32 máy 2sim ram 6G/128G Chính Hãng, VÂN TAY OK",50,800000,Hải Phòng,https://img.lazcdn.com/g/p/724767a6ee1a8450f63d74b616647f8d.jpg_200x200q80.avif,i n tho i Samsung A32 m y 2sim ram 6G/128G Ch nh H ng V N TAY OK
https://www.lazada.vn/products/pdp-i3090173596.html,"Điện thoại SS 23ut máy 2sim ram 12G/512G Chính Hãng, bảo hành 12 tháng",50,1300000,Hải Phòng,https://img.lazcdn.com/g/p/f28660b3cb1fadc4bc0251d0b6a92bf2.jpg_200x200q80.avif,i n tho i Samsung 23ut m y 2sim ram 12G/512G Ch nh H ng b o h nh 12 th ng
https://www.lazada.vn/products/pdp-i3090138354.html,[Chính hãng] Điện thoại Opp0 FFIND N3 FLIP (12GB/256GB) - Hàng chính hãng,65,1050000,Hải Phòng,https://img.lazcdn.com/g/p/72387abcc588df9763079c9cc69ef2fc.jpg_200x200q80.avif,Ch nh h ng i n tho i OPPO FFIND N3 FLIP 12GB/256GB - H ng ch nh h ng
https://www.lazada.vn/products/pdp-i3090136336.html,"Điện thoại siêu phẩm SS_ z f0ld 4 256GB-Chính hãng mới 100%, Bảo hành chính hãng 12 tháng.",65,980000,Hải Phòng,https://img.lazcdn.com/g/p/f5eb29d04b110755db15abe4a296be1f.jpg_200x200q80.avif,i n tho i si u ph m Samsung z Fold 4 256GB-Ch nh h ng m i 100 B o h nh ch nh h ng 12 th ng
https://www.lazada.vn/products/pdp-i3090110449.html,"Điện thoại siêu phẩm SS_ A55 5G 128GB-Chính hãng newseal 100%, Bảo hành chính hãng 12 tháng.",65,770000,Hải Phòng,https://img.lazcdn.com/g/p/1d3dc590396f33e0b4fe9062d507d14f.jpg_200x200q80.avif,i n tho i si u ph m Samsung A55 5G 128GB-Ch nh h ng newseal 100 B o h nh ch nh h ng 12 th ng
https://www.lazada.vn/products/pdp-i3090105457.html,điện thoại 0PP0 Ren012 5G (12GB/256GB) | Cấu hình Cao Chiến mọi Game mượt - Hàng chính hãng Bảo hành 12 tháng,65,665000,Hải Phòng,https://img.lazcdn.com/g/p/88036aff56da54e1dafcb8a56ec0f5bd.jpg_200x200q80.avif,i n tho i OPPO Ren012 5G 12GB/256GB C u h nh Cao Chi n m i Game m t - H ng ch nh h ng B o h nh 12 th ng
https://www.lazada.vn/products/pdp-i3090096435.html,"Điện thoại Redmi_n0te 10pr0 Ram 8GB/128GB pin 5020 mAh máy chính hãng, bảo hành 12 tháng",65,560000,Hải Phòng,https://img.lazcdn.com/g/p/2e3db16dc75b277df74c57c0515a4e6a.jpg_200x200q80.avif,i n tho i Redmi Note 10Pro Ram 8GB/128GB pin 5020 mAh m y ch nh h ng b o h nh 12 th ng
https://www.lazada.vn/products/pdp-i3090088512.html,"Điện thoại SS 24ut máy 2sim ram 12G/512G Chính Hãng, bảo hành 12 tháng",50,1500000,Hải Phòng,https://img.lazcdn.com/g/p/5d75944756c32a7fad2b4640e8135ecb.jpg_200x200q80.avif,i n tho i Samsung 24ut m y 2sim ram 12G/512G Ch nh H ng b o h nh 12 th ng
https://www.lazada.vn/products/pdp-i3090052912.html,"Điện thoạimi Mi 13 Utra Cấu hình mạnh, cày game nặng siêu mượt",65,840000,Hải Phòng,https://img.lazcdn.com/g/p/9f7e6b4f58058bbdcdf56da994529595.jpg_200x200q80.avif,i n tho iXiaomi 13 Utra C u h nh m nh c y game n ng si u m t
https://www.lazada.vn/products/pdp-i3107792709.html,"Điện thoạimi Mi 14 Utra Cấu hình mạnh, cày game nặng siêu mượt  (16+512GB) | Màn hình 6.73""",50,1400000,Cao Bằng,https://img.lazcdn.com/g/p/46adb94ff5bb2bb07e7386372409f852.jpg_200x200q80.avif,i n tho iXiaomi 14 Utra C u h nh m nh c y game n ng si u m t 16+512GB M n h nh 6 73
https://www.lazada.vn/products/pdp-i3107787652.html,"Điện thoại SS A32 máy 2sim ram 6G/128G Chính Hãng, VÂN TAY OK",65,560000,Tuyên Quang,https://img.lazcdn.com/g/p/724767a6ee1a8450f63d74b616647f8d.jpg_200x200q80.avif,i n tho i Samsung A32 m y 2sim ram 6G/128G Ch nh H ng V N TAY OK
https://www.lazada.vn/products/pdp-i3105053452.html,[Chính hãng]Điện thoại 0PP0_A3 pro 5G - (BH 12 tháng Lỗi 1 đổi 1 trong 30 ngày),50,800000,Hà Nội,https://img.lazcdn.com/g/p/ab259cb234a37d277b4461c5afd3b1e3.jpg_200x200q80.avif,Ch nh h ng i n tho i OPPO A3 Pro 5G - BH 12 th ng L i 1 i 1 trong 30 ng y
https://www.lazada.vn/products/pdp-i3104742888.html,Điện thoại Vivo X100s 5G 16GB/256GB chính hãng bảo hành điện tử,34,4590000,Hà Nội,https://img.lazcdn.com/g/p/2a6c994191008e688d383b26f3a0afc3.png_200x200q80.avif,i n tho i Vivo X100s 5G 16GB/256GB ch nh h ng b o h nh i n t
https://www.lazada.vn/products/pdp-i3103971038.html,"Điện thoại SS A32 máy 2sim ram 6G/128G Chính Hãng, VÂN TAY OK",65,560000,Hà Nội,https://img.lazcdn.com/g/p/724767a6ee1a8450f63d74b616647f8d.jpg_200x200q80.avif,i n tho i Samsung A32 m y 2sim ram 6G/128G Ch nh H ng V N TAY OK
https://www.lazada.vn/products/pdp-i3093002887.html,điện thoại 0PP0 F11 (6GB/64GB) | Cấu hình Cao Chiến mọi Game mượt - Hàng chính hãng Bảo hành 12 tháng,50,650000,Vĩnh Phúc,https://img.lazcdn.com/g/p/db408caf790633428162ea7edf23d46f.jpg_200x200q80.avif,i n tho i OPPO F11 6GB/64GB C u h nh Cao Chi n m i Game m t - H ng ch nh h ng B o h nh 12 th ng
https://www.lazada.vn/products/pdp-i3090050701.html,điện thoại 0PP0 Ren08pr0 5G (12GB/256GB) | Cấu hình Cao Chiến mọi Game mượt - Hàng chính hãng Bảo hành 12 tháng,65,630000,Hải Phòng,https://img.lazcdn.com/g/p/674c91cf325950e41cd7550b3f1864cd.jpg_200x200q80.avif,i n tho i OPPO Ren08Pro 5G 12GB/256GB C u h nh Cao Chi n m i Game m t - H ng ch nh h ng B o h nh 12 th ng
https://www.lazada.vn/products/pdp-i3088282965.html,điện thoại 0PP0 Ren08pr0 5G (12GB/256GB) | Cấu hình Cao Chiến mọi Game mượt - Hàng chính hãng Bảo hành 12 tháng,50,900000,Đà Nẵng,https://img.lazcdn.com/g/p/674c91cf325950e41cd7550b3f1864cd.jpg_200x200q80.avif,i n tho i OPPO Ren08Pro 5G 12GB/256GB C u h nh Cao Chi n m i Game m t - H ng ch nh h ng B o h nh 12 th ng
https://www.lazada.vn/products/pdp-i3086549132.html,đien thoại giá rẻ nhất Cấu hình mạnh đỉnh Đt Giảm giá sốc điện thoại giá học sinh Sạc nhanh handphone Vi xử lý 10 nhân đt giá rẻ chính hãng,45,1140149,Hà Nội,https://img.lazcdn.com/g/p/5366d52061634d2082c383169390cd8a.jpg_200x200q80.avif,ien tho i gi r nh t C u h nh m nh nh t Gi m gi s c i n tho i gi h c sinh S c nhanh handphone Vi x l 10 nh n t gi r ch nh h ng
https://www.lazada.vn/products/pdp-i3086503322.html,Chính hãng 7.3inch Phone Mạng 4G Mobilephone Android điên thoại gia rẻ CPU Siêu Tiếng Việt Điện thoại di động Camera 72+48MP Nguyên bản mới Thẻ 2 sim viettel giá rẻ điện thoại pin trâu Bảo hành miễn phí đien thoại giá r,48,1358925,Hà Nội,https://img.lazcdn.com/g/p/32c2005e1f99980501cba746b9b68438.jpg_200x200q80.avif,Ch nh h ng 7 3inch Phone M ng 4G Mobilephone Android i n tho i gia r CPU Si u Ti ng Vi t i n tho i di ng Camera 72+48MP Nguy n b n m i Th 2 sim viettel gi r i n tho i pin tr u B o h nh mi n ph ien tho i gi r
https://www.lazada.vn/products/pdp-i3086453316.html,"Điện thoại Samsung Galaxy A56 5G 8GB | 128GB, Màn hình 6.7"" - Chip Exynos 1580 - 50MP - 5000mAh, Bảo hành 2 năm",12,8799000,Hồ Chí Minh,https://img.lazcdn.com/g/p/bca8d9013cb92871aa27b81255c362e8.jpg_200x200q80.avif,i n tho i Samsung Galaxy A56 5G 8GB 128GB M n h nh 6 7 - Chip Exynos 1580 - 50MP - 5000mAh B o h nh 2 n m
https://www.lazada.vn/products/pdp-i3086434310.html,Đt Cấu hình mạnh đỉnh điện thoại giá học sinh 7.3inch đt giá rẻ chính hãng Giảm giá sốc điện thoại gia rẻ học sinh Sạc nhanh handphone,47,1039216,Hà Nội,https://img.lazcdn.com/g/p/29a857d6a37928e29ccd5554f7c3a8fa.jpg_200x200q80.avif,t C u h nh m nh nh i n tho i gi h c sinh 7 3inch t gi r ch nh h ng Gi m gi s c i n tho i gia r h c sinh S c nhanh handphone
https://www.lazada.vn/products/pdp-i3086314911.html,Điện thoại di động 6.11inch Điện thoại phổ thông Thẻ 2 sim viettel giá rẻ Feature phones CPU Siêu đien thoại giá rẻ nhất Bảo hành miễn phí điện thoại rẻ mướt game Nguyên bản mới Pin Lớn 3800mAh NEW 5G Phone Sạc nhanh,46,1211391,Hà Nội,https://img.lazcdn.com/g/p/f7c66257617b696c7089a79c2feec75c.jpg_200x200q80.avif,i n tho i di ng 6 11inch i n tho i ph th ng Th 2 sim viettel gi r Feature phones CPU Si u ien tho i gi r nh t B o h nh mi n ph i n tho i r m t game Nguy n b n m i Pin L n 3800mAh NEW 5G Phone S c nhanh
https://www.lazada.vn/products/pdp-i3085238820.html,điện thoại việt nam Hỗ trợ kiểm tra hàng hóa thanh lý giá điện thoại Chính Hãng điên thoại Giảm giá sốc Smartphone Bộ nhớ 16+1TB đt siêu rẻ,48,1108651,Hà Nội,https://img.lazcdn.com/g/p/32e7975fcb297b22b104579b51d7cdd0.jpg_200x200q80.avif,i n tho i vi t nam H tr ki m tra h ng h a thanh l gi i n tho i Ch nh H ng i n tho i Gi m gi s c Smartphone B nh 16+1TB t si u r
https://www.lazada.vn/products/pdp-i3084809184.html,"Điện thoại mi Mi 15 Utra Cấu hình mạnh, cày game nặng siêu mượt (16+512GB) | Màn hình 6.73""",50,1600000,Tiền Giang,https://img.lazcdn.com/g/p/e1b036f4d90d6246add04aa67b41a053.jpg_200x200q80.avif,i n tho i Xiaomi 15 Utra C u h nh m nh c y game n ng si u m t 16+512GB M n h nh 6 73
https://www.lazada.vn/products/pdp-i3084808067.html,"Điện thoạimi Mi 14 Utra Cấu hình mạnh, cày game nặng siêu mượt  (16+512GB) | Màn hình 6.73""",65,980000,Phú Thọ,https://img.lazcdn.com/g/p/46adb94ff5bb2bb07e7386372409f852.jpg_200x200q80.avif,i n tho iXiaomi 14 Utra C u h nh m nh c y game n ng si u m t 16+512GB M n h nh 6 73
https://www.lazada.vn/products/pdp-i3084808066.html,"Điện thoại siêu phẩm SS_ z f0ld 5 256GB-Chính hãng mới 100%, Bảo hành chính hãng 12 tháng.",65,1120000,Phú Thọ,https://img.lazcdn.com/g/p/6e1e3696a85a2b650580f645ba8f2fc7.jpg_200x200q80.avif,i n tho i si u ph m Samsung z Fold 5 256GB-Ch nh h ng m i 100 B o h nh ch nh h ng 12 th ng
https://www.lazada.vn/products/pdp-i3084807161.html,điện thoại 0PP0 Ren08pr0 5G (12GB/256GB) | Cấu hình Cao Chiến mọi Game mượt - Hàng chính hãng Bảo hành 12 tháng,50,900000,Phú Thọ,https://img.lazcdn.com/g/p/674c91cf325950e41cd7550b3f1864cd.jpg_200x200q80.avif,i n tho i OPPO Ren08Pro 5G 12GB/256GB C u h nh Cao Chi n m i Game m t - H ng ch nh h ng B o h nh 12 th ng
https://www.lazada.vn/products/pdp-i3084798096.html,"Điện thoạimi Mi 13 Utra Cấu hình mạnh, cày game nặng siêu mượt",65,840000,Phú Thọ,https://img.lazcdn.com/g/p/9f7e6b4f58058bbdcdf56da994529595.jpg_200x200q80.avif,i n tho iXiaomi 13 Utra C u h nh m nh c y game n ng si u m t
https://www.lazada.vn/products/pdp-i3084797096.html,[Chính hãng] Điện thoại Opp0 FFIND N3 FLIP (12GB/256GB) - Hàng chính hãng,65,1050000,Phú Thọ,https://img.lazcdn.com/g/p/72387abcc588df9763079c9cc69ef2fc.jpg_200x200q80.avif,Ch nh h ng i n tho i OPPO FFIND N3 FLIP 12GB/256GB - H ng ch nh h ng
https://www.lazada.vn/products/pdp-i3084796173.html,"Điện thoại Oukitel WP19 Pin 21000mAh, Vua pin siêu bền, Ram 8G Rom 256G Chính Hãng (tặng cáp bảo vệ sạc)",65,671300,Phú Thọ,https://img.lazcdn.com/g/p/5c38be3cbe7e4ccfbf3e77a84fc4878d.jpg_200x200q80.avif,i n tho i Oukitel WP19 Pin 21000mAh Vua pin si u b n Ram 8G Rom 256G Ch nh H ng t ng c p b o v s c
https://www.lazada.vn/products/pdp-i3084787129.html,"Điện thoại siêu phẩm SS_ A72 5G 128GB-Chính hãng newseal 100%, Bảo hành chính hãng 12 tháng.",65,574000,Phú Thọ,https://img.lazcdn.com/g/p/5902f9c37479817cea7fcb870f00bb93.jpg_200x200q80.avif,i n tho i si u ph m Samsung A72 5G 128GB-Ch nh h ng newseal 100 B o h nh ch nh h ng 12 th ng
https://www.lazada.vn/products/pdp-i3084780276.html,"Điện thoại Red.mi Note 11 pro 2sim ram 8G/128G, Cấu hình mạnh, cày game nặng siêu mượt, VÂN TAY OK",65,560000,Phú Thọ,https://img.lazcdn.com/g/p/a4a317aaa363f909b0125c001e29efa0.jpg_200x200q80.avif,i n tho i Redmi Note 11 Pro 2sim ram 8G/128G C u h nh m nh c y game n ng si u m t V N TAY OK
https://www.lazada.vn/products/pdp-i3084774284.html,"Điện Thoại Oukitel WP38 4G | Pin 10600mAh, RAM 12GB, ROM 256GB, ANDROID 13",65,859250,Phú Thọ,https://img.lazcdn.com/g/p/f0cec3b869cb9509c2750bd87011e971.jpg_200x200q80.avif,i n Tho i Oukitel WP38 4G Pin 10600mAh RAM 12GB ROM 256GB ANDROID 13
https://www.lazada.vn/products/pdp-i3084768268.html,[Chính hãng] Điện thoại 0pp0_FFind_X8 Pr0 (12GB/256GB) - Hàng chính hãng,65,1050000,Phú Thọ,https://img.lazcdn.com/g/p/0bcdfbf785cea87ae8ed481d946d566c.jpg_200x200q80.avif,Ch nh h ng i n tho i OPPO FFind X8 Pro 12GB/256GB - H ng ch nh h ng
https://www.lazada.vn/products/pdp-i3084768263.html,"Điện thoại mi Mi 15 Utra Cấu hình mạnh, cày game nặng siêu mượt (16+512GB) | Màn hình 6.73""",65,1120000,Phú Thọ,https://img.lazcdn.com/g/p/e1b036f4d90d6246add04aa67b41a053.jpg_200x200q80.avif,i n tho i Xiaomi 15 Utra C u h nh m nh c y game n ng si u m t 16+512GB M n h nh 6 73
https://www.lazada.vn/products/pdp-i3084760292.html,"Điện thoại chắc chắn Oukitel Wp21 Ultra(camera nhiệt ,FLIR,chống nước,chống sốc,pin 9800mAh,Ram 12Gb,Rom 256Gb)",65,1021300,Phú Thọ,https://img.lazcdn.com/g/p/ba969a01259cabd4746c1dee00ad9605.jpg_200x200q80.avif,i n tho i ch c ch n Oukitel Wp21 Ultra camera nhi t FLIR ch ng n c ch ng s c pin 9800mAh Ram 12Gb Rom 256Gb
https://www.lazada.vn/products/pdp-i3084758304.html,"Điện thoại SS 24ut máy 2sim ram 12G/512G Chính Hãng, bảo hành 12 tháng",50,1500000,Phú Thọ,https://img.lazcdn.com/g/p/5d75944756c32a7fad2b4640e8135ecb.jpg_200x200q80.avif,i n tho i Samsung 24ut m y 2sim ram 12G/512G Ch nh H ng b o h nh 12 th ng
https://www.lazada.vn/products/pdp-i3084752333.html,"Điện thoại SS A32 máy 2sim ram 6G/128G Chính Hãng, VÂN TAY OK",65,560000,Phú Thọ,https://img.lazcdn.com/g/p/724767a6ee1a8450f63d74b616647f8d.jpg_200x200q80.avif,i n tho i Samsung A32 m y 2sim ram 6G/128G Ch nh H ng V N TAY OK
https://www.lazada.vn/products/pdp-i3084751487.html,điện thoại 0PP0 Ren08pr0 5G (12GB/256GB) | Cấu hình Cao Chiến mọi Game mượt - Hàng chính hãng Bảo hành 12 tháng,50,900000,Tiền Giang,https://img.lazcdn.com/g/p/674c91cf325950e41cd7550b3f1864cd.jpg_200x200q80.avif,i n tho i OPPO Ren08Pro 5G 12GB/256GB C u h nh Cao Chi n m i Game m t - H ng ch nh h ng B o h nh 12 th ng
https://www.lazada.vn/products/pdp-i3084748339.html,"Điện thoại  Redmi_n0te 12 Ram 8GB/128GB pin 5000 mAh máy chính hãng, bảo hành 12 tháng",50,800000,Phú Thọ,https://img.lazcdn.com/g/p/007c3af28afea99fb048a87be68d07c9.jpg_200x200q80.avif,i n tho i Redmi Note 12 Ram 8GB/128GB pin 5000 mAh m y ch nh h ng b o h nh 12 th ng
https://www.lazada.vn/products/pdp-i3084747393.html,điện thoại 0PP0 Ren012 5G (12GB/256GB) | Cấu hình Cao Chiến mọi Game mượt - Hàng chính hãng Bảo hành 12 tháng,65,665000,Phú Thọ,https://img.lazcdn.com/g/p/88036aff56da54e1dafcb8a56ec0f5bd.jpg_200x200q80.avif,i n tho i OPPO Ren012 5G 12GB/256GB C u h nh Cao Chi n m i Game m t - H ng ch nh h ng B o h nh 12 th ng
https://www.lazada.vn/products/pdp-i3084737385.html,[Chính hãng]Điện thoại 0PP0_Ren0 13 5G - (BH 12 tháng Lỗi 1 đổi 1 trong 30 ngày),50,1400000,Phú Thọ,https://img.lazcdn.com/g/p/a819fad4b27b1ec18e35d18ddb8f56a5.jpg_200x200q80.avif,Ch nh h ng i n tho i OPPO Ren0 13 5G - BH 12 th ng L i 1 i 1 trong 30 ng y
https://www.lazada.vn/products/pdp-i3084733468.html,"Unihertz tank 2 Pro (pin 23800 mAh,Ram 24GB(12+12),Rom 512GB,máy chiếu 2.4K, Android 14,camera 100MP, NFC, cốc sạt 120W)",50,1409000,Tiền Giang,https://img.lazcdn.com/g/p/28bcd5b0fedd6364f660f0ca0281250c.jpg_200x200q80.avif,Unihertz tank 2 Pro pin 23800 mAh Ram 24GB 12+12 Rom 512GB m y chi u 2 4K Android 14 camera 100MP NFC c c s t 120W
https://www.lazada.vn/products/pdp-i3084729446.html,"Điện thoại SS 22ut máy 2sim ram 12G/256G Chính Hãng, bảo hành 12 tháng",50,1200000,Phú Thọ,https://img.lazcdn.com/g/p/549fc3fa7ee835d11af459d03d8cbd37.jpg_200x200q80.avif,i n tho i Samsung 22ut m y 2sim ram 12G/256G Ch nh H ng b o h nh 12 th ng
https://www.lazada.vn/products/pdp-i3084724452.html,"Điện thoại Redmi_n0te 10pr0 Ram 8GB/128GB pin 5020 mAh máy chính hãng, bảo hành 12 tháng",65,560000,Phú Thọ,https://img.lazcdn.com/g/p/2e3db16dc75b277df74c57c0515a4e6a.jpg_200x200q80.avif,i n tho i Redmi Note 10Pro Ram 8GB/128GB pin 5020 mAh m y ch nh h ng b o h nh 12 th ng
https://www.lazada.vn/products/pdp-i3084694529.html,"Điện thoại SS 23ut máy 2sim ram 12G/512G Chính Hãng, bảo hành 12 tháng",65,910000,Phú Thọ,https://img.lazcdn.com/g/p/f28660b3cb1fadc4bc0251d0b6a92bf2.jpg_200x200q80.avif,i n tho i Samsung 23ut m y 2sim ram 12G/512G Ch nh H ng b o h nh 12 th ng
https://www.lazada.vn/products/pdp-i3084667849.html,"Điện thoại siêu phẩm SS_ z f0ld 4 256GB-Chính hãng mới 100%, Bảo hành chính hãng 12 tháng.",50,1400000,Phú Thọ,https://img.lazcdn.com/g/p/f5eb29d04b110755db15abe4a296be1f.jpg_200x200q80.avif,i n tho i si u ph m Samsung z Fold 4 256GB-Ch nh h ng m i 100 B o h nh ch nh h ng 12 th ng
https://www.lazada.vn/products/pdp-i3084639940.html,"Điện thoại chắc chắn unihertz Tank 3 (pin  23800mAh,sạc nhanh  120W, Ram 32GB(16+16),rom  512GB, ,5G , Android 13)",65,1021300,Phú Thọ,https://img.lazcdn.com/g/p/a254e8c1c4db9d911c883a740dcc418f.jpg_200x200q80.avif,i n tho i ch c ch n unihertz Tank 3 pin 23800mAh s c nhanh 120W Ram 32GB 16+16 rom 512GB 5G Android 13
https://www.lazada.vn/products/pdp-i3084137121.html,đt giá rẻ Cấu hình mạnh đỉnh điện thoại trung quốc Hỗ trợ kiểm tra hàng hóa học sinh giá rẻ Hỗ trợ 4G/5G điện thoại android Giảm giá sốc Tiếng Việt,46,1131686,Hà Nội,https://img.lazcdn.com/g/p/074168dd320f40baea1577cc21e61fbe.jpg_200x200q80.avif,t gi r C u h nh m nh nh i n tho i trung qu c H tr ki m tra h ng h a h c sinh gi r H tr 4G/5G i n tho i android Gi m gi s c Ti ng Vi t
https://www.lazada.vn/products/pdp-i3111711718.html,Điện Thoại ZTE Nubia Z50 Ultra (12GB -256GB) Chính Hãng Like New Mới Đến 99% Bảo Hành 8 Tháng,39,5399000,Hà Nội,https://img.lazcdn.com/g/p/e19396d9cdb4939cea6d821d343d8b2d.jpg_200x200q80.avif,i n Tho i ZTE Nubia Z50 Ultra 12GB -256GB Ch nh H ng Like New M i n 99 B o H nh 8 Th ng
https://www.lazada.vn/products/pdp-i3105121036.html,điện thoại 0PP0 F11 (6GB/64GB) | Cấu hình Cao Chiến mọi Game mượt - Hàng chính hãng Bảo hành 12 tháng,50,650000,Hưng Yên,https://img.lazcdn.com/g/p/db408caf790633428162ea7edf23d46f.jpg_200x200q80.avif,i n tho i OPPO F11 6GB/64GB C u h nh Cao Chi n m i Game m t - H ng ch nh h ng B o h nh 12 th ng
https://www.lazada.vn/products/pdp-i3105071365.html,"điện thoại 0PP0 Ren0 10pr0 5G (12GB/256GB) | Cấu hình Cao Chiến mọi Game mượt - Hàng chính hãng Bảo hành 12 tháng""",50,1100000,Hưng Yên,https://img.lazcdn.com/g/p/8acf046fca9c180c128ddfd1239db733.jpg_200x200q80.avif,i n tho i OPPO Ren0 10Pro 5G 12GB/256GB C u h nh Cao Chi n m i Game m t - H ng ch nh h ng B o h nh 12 th ng
https://www.lazada.vn/products/pdp-i3104996775.html,điện thoại 0PP0 A93s 5G (8GB/256GB) | Cấu hình Cao Chiến mọi Game mượt - Hàng chính hãng Bảo hành 12 tháng,50,700000,Hà Nội,https://img.lazcdn.com/g/p/3300a8b7b35760c8ade39755f30469db.jpg_200x200q80.avif,i n tho i OPPO A93s 5G 8GB/256GB C u h nh Cao Chi n m i Game m t - H ng ch nh h ng B o h nh 12 th ng
https://www.lazada.vn/products/pdp-i3104215277.html,"Điện thoại siêu phẩm SS_ z f0ld 4 256GB-Chính hãng mới 100%, Bảo hành chính hãng 12 tháng.",50,1400000,Nam Định,https://img.lazcdn.com/g/p/f5eb29d04b110755db15abe4a296be1f.jpg_200x200q80.avif,i n tho i si u ph m Samsung z Fold 4 256GB-Ch nh h ng m i 100 B o h nh ch nh h ng 12 th ng
https://www.lazada.vn/products/pdp-i3104113480.html,"Điện thoạimi Mi 13 Utra Cấu hình mạnh, cày game nặng siêu mượt",50,1200000,Nam Định,https://img.lazcdn.com/g/p/9f7e6b4f58058bbdcdf56da994529595.jpg_200x200q80.avif,i n tho iXiaomi 13 Utra C u h nh m nh c y game n ng si u m t
https://www.lazada.vn/products/pdp-i3094836917.html,"Điện thoại mi Mi 15 Utra Cấu hình mạnh, cày game nặng siêu mượt (16+512GB) | Màn hình 6.73""",65,1120000,Hà Giang,https://img.lazcdn.com/g/p/e1b036f4d90d6246add04aa67b41a053.jpg_200x200q80.avif,i n tho i Xiaomi 15 Utra C u h nh m nh c y game n ng si u m t 16+512GB M n h nh 6 73
https://www.lazada.vn/products/pdp-i3084776180.html,"Điện thoại oukitel  wp21 (Ram 12Gb,Rom 256Gb ,chống sốc,chống nước,pin khủng, pin 9.800mAh)",65,776300,Phú Thọ,https://img.lazcdn.com/g/p/14502e16da2f013d6b77bf07b5f08305.jpg_200x200q80.avif,i n tho i oukitel wp21 Ram 12Gb Rom 256Gb ch ng s c ch ng n c pin kh ng pin 9 800mAh
https://www.lazada.vn/products/pdp-i3083722519.html,"Điện thoại Xiaomi Redmi Note 14 Pro 4G (8GB/256GB) - Hàng chính hãng - Màn hình AMOLED 6.67"" 120Hz, camera 200MP AI chuyên nghiệp, hiệu năng mạnh mẽ, pin bền bỉ",15,6799000,Bến Tre,https://img.lazcdn.com/g/p/493ec01582e4258ba76f1578aa2e5d6a.jpg_200x200q80.avif,i n tho i Xiaomi Redmi Note 14 Pro 4G 8GB/256GB - H ng ch nh h ng - M n h nh AMOLED 6 67 120Hz camera 200MP AI chuy n nghi p hi u n ng m nh m pin b n b
https://www.lazada.vn/products/pdp-i3083197482.html,"Điện thoại Samsung Galaxy S24 FE 128GB, 256GB - CHÍNH HÃNG",18,13890000,Hà Nội,https://img.lazcdn.com/g/p/cd5e6bf615a4b5c960653dd386f8bb74.png_200x200q80.avif,i n tho i Samsung Galaxy S24 FE 128GB 256GB - CH NH H NG
https://www.lazada.vn/products/pdp-i3083038327.html,Samsung Galaxy A06 5G 4/128Gb Chính hãng,0,3990000,Bình Dương,https://img.lazcdn.com/g/p/2bf426fc5452fdaf84e3a73c71f32054.jpg_200x200q80.avif,Samsung Galaxy A06 5G 4/128Gb Ch nh h ng
https://www.lazada.vn/products/pdp-i3083031183.html,Chính Hãng điên thoại mướt game đt giá rẻ Hàng mới về đt siêu rẻ Cấu hình mạnh đỉnh Feature phones Màn hình lớn 7.2 inch Bảo hành miễn phí Hỗ trợ 4G/5G Mobilephone bản Quốc tế điện thoại thanh lý giá rẻ Siêu CPU,45,1390575,Hà Nội,https://img.lazcdn.com/g/p/6c21068e84b4f91a648056df401d5112.jpg_200x200q80.avif,Ch nh H ng i n tho i m t game t gi r H ng m i v t si u r C u h nh m nh nh Feature phones M n h nh l n 7 2 inch B o h nh mi n ph H tr 4G/5G Mobilephone b n Qu c t i n tho i thanh l gi r Si u CPU
https://www.lazada.vn/products/pdp-i3082905753.html,điện thoại việt nam Giảm giá sốc đt thông minh giá rẻ Bộ nhớ 16+1TB điện thoại trung quốc Android NEW 5G Phone đánh mọi gaming nặng chất Đt,47,1031285,Hà Nội,https://img.lazcdn.com/g/p/d785793813026657029985f7e9608d39.jpg_200x200q80.avif,i n tho i vi t nam Gi m gi s c t th ng minh gi r B nh 16+1TB i n tho i trung qu c Android NEW 5G Phone nh m i gaming n ng ch t t
https://www.lazada.vn/products/pdp-i3082574116.html,"Điện thoại 4G giá rẻ Samsung Galaxy A51 2sim ram 6G/128G, Cấu hình Cao Chiến mọi Game mượt, Chụp ảnh đẹp,máy đủ màu",0,999000,Hồ Chí Minh,https://img.lazcdn.com/g/p/25f1ba63b5498d8747457c0713578eb5.jpg_200x200q80.avif,i n tho i 4G gi r Samsung Galaxy A51 2sim ram 6G/128G C u h nh Cao Chi n m i Game m t Ch p nh p m y m u
https://www.lazada.vn/products/pdp-i3082553012.html,"Điện thoại giá rẻ Samsung Galaxy A71 2sim ram 8G/128G, Cấu hình Cao Chiến mọi Game mượt, Chụp ảnh đẹp,máy đủ màu.",0,999000,Hồ Chí Minh,https://img.lazcdn.com/g/p/e90f118a583b0a94b8d68a63ea03f6e4.jpg_200x200q80.avif,i n tho i gi r Samsung Galaxy A71 2sim ram 8G/128G C u h nh Cao Chi n m i Game m t Ch p nh p m y m u
https://www.lazada.vn/products/pdp-i3082529194.html,"[SALE- RẺ HỦY DIỆTSale ] Điện thoại 4G giá rẻ Samsung Galaxy A70 2sim ram 6G/128G, Cấu hình Cao Chiến mọi Game mượt, Chụp ảnh đẹp,máy đủ màu",15,1699000,Hồ Chí Minh,https://img.lazcdn.com/g/p/76d8c56d4d88909d7991894a2e7df94a.jpg_200x200q80.avif,SALE- R H Y DI TSale i n tho i 4G gi r Samsung Galaxy A70 2sim ram 6G/128G C u h nh Cao Chi n m i Game m t Ch p nh p m y m u
https://www.lazada.vn/products/pdp-i3082495279.html,"[SALE- RẺ HỦY DIỆT ] Điện thoại giá rẻ Samsung Galaxy A71 2sim ram 8G/128G, Cấu hình Cao Chiến mọi Game mượt, Chụp ảnh Siêu nét.",0,999000,Hồ Chí Minh,https://img.lazcdn.com/g/p/e1ffde343f03629eb9c7579cc40bde67.jpg_200x200q80.avif,SALE- R H Y DI T i n tho i gi r Samsung Galaxy A71 2sim ram 8G/128G C u h nh Cao Chi n m i Game m t Ch p nh Si u n t
https://www.lazada.vn/products/pdp-i3082492246.html,"Điện thoại 4G giá rẻ Samsung Galaxy A70 2sim ram 6G/128G, Cấu hình Cao Chiến mọi Game mượt, Chụp ảnh nét",23,1699000,Hồ Chí Minh,https://img.lazcdn.com/g/p/76d8c56d4d88909d7991894a2e7df94a.jpg_200x200q80.avif,i n tho i 4G gi r Samsung Galaxy A70 2sim ram 6G/128G C u h nh Cao Chi n m i Game m t Ch p nh n t
https://www.lazada.vn/products/pdp-i3082476237.html,"[ SALE -RẺ VÔ ĐỊCH ] Điện thoại 4G giá rẻ Samsuung Galaxy A51 2sim ram 6G/128G, Cấu hình Cao Chiến mọi Game mượt, Chụp ảnh nét",0,999000,Hồ Chí Minh,https://img.lazcdn.com/g/p/b99a39171be4603bfbb97c5c45d169ed.jpg_200x200q80.avif,SALE -R V CH i n tho i 4G gi r Samsuung Galaxy A51 2sim ram 6G/128G C u h nh Cao Chi n m i Game m t Ch p nh n t
https://www.lazada.vn/products/pdp-i3082470264.html,"[SALE- RẺ HỦY DIỆT ] Điện thoại 4G giá rẻ Samsung Galaxy A50s 2sim ram 4G/64G, Cấu hình Cao Chiến mọi Game mượt, Chụp ảnh đẹp",0,999000,Hồ Chí Minh,https://img.lazcdn.com/g/p/a2eeaedae8519a8c9cf0558eb1cd037b.jpg_200x200q80.avif,SALE- R H Y DI T i n tho i 4G gi r Samsung Galaxy A50s 2sim ram 4G/64G C u h nh Cao Chi n m i Game m t Ch p nh p
https://www.lazada.vn/products/pdp-i3082440469.html,"[RẺ VÔ ĐỊCH] Điện thoại REALME 10 5G 2sim ram 8G/256G, Cấu hình Cao Chiến mọi Game mượt, Chụp ảnh đẹp, BSNT",48,799000,Hồ Chí Minh,https://img.lazcdn.com/g/p/4e284b8797163225ce5dd4e700dda5c9.jpg_200x200q80.avif,R V CH i n tho i REALME 10 5G 2sim ram 8G/256G C u h nh Cao Chi n m i Game m t Ch p nh p BSNT
https://www.lazada.vn/products/pdp-i3082297191.html,"Điện thoại Ss M51 2sim ram 8G/128G, Cấu hình Cao Chiến mọi Game mượt, Chụp ảnh đẹp, VÂN TAY OK",65,490000,Cần Thơ,https://img.lazcdn.com/g/p/09690e5a3d594637b503730822509ecc.jpg_200x200q80.avif,i n tho i Samsung M51 2sim ram 8G/128G C u h nh Cao Chi n m i Game m t Ch p nh p V N TAY OK
https://www.lazada.vn/products/pdp-i3082263262.html,"Oukitel WP32 Pro siêu bền(RAM 24Gb(6GB + 18GB),ROM 256GB,NFC,Màn hình 6.0 inch, Android 14,T606 Octa Core, OTG)",65,811300,Cần Thơ,https://img.lazcdn.com/g/p/3044e756ab9ee3bef13162d3d04a2b48.jpg_200x200q80.avif,Oukitel WP32 Pro si u b n RAM 24Gb 6GB + 18GB ROM 256GB NFC M n h nh 6 0 inch Android 14 T606 Octa Core OTG
https://www.lazada.vn/products/pdp-i3082263261.html,"Điện thoạimi Mi 14 Utra Cấu hình mạnh, cày game nặng siêu mượt  (16+512GB) | Màn hình 6.73""",65,980000,Cần Thơ,https://img.lazcdn.com/g/p/46adb94ff5bb2bb07e7386372409f852.jpg_200x200q80.avif,i n tho iXiaomi 14 Utra C u h nh m nh c y game n ng si u m t 16+512GB M n h nh 6 73
https://www.lazada.vn/products/pdp-i3082255791.html,"Điện thoại giá rẻ Samsung Galaxy A71 2sim ram 8G/128G, Cấu hình Cao Chiến mọi Game mượt, Chụp ảnh đẹp.",46,999000,Hồ Chí Minh,https://img.lazcdn.com/g/p/e1ffde343f03629eb9c7579cc40bde67.jpg_200x200q80.avif,i n tho i gi r Samsung Galaxy A71 2sim ram 8G/128G C u h nh Cao Chi n m i Game m t Ch p nh p
https://www.lazada.vn/products/pdp-i3082246155.html,"Điện thoại Redmi_n0te 13pr Ram 8GB/128GB pin 5000 mAh máy chính hãng, bảo hành 12 tháng",50,1200000,Cần Thơ,https://img.lazcdn.com/g/p/0ae58627d8a42f5390b5278cd0d5a660.jpg_200x200q80.avif,i n tho i Redmi Note 13pr Ram 8GB/128GB pin 5000 mAh m y ch nh h ng b o h nh 12 th ng
https://www.lazada.vn/products/pdp-i3082169778.html,điện thoại rẻ cho học sinh Vi xử lý 10 nhân đt giá rẻ chính hãng Hỗ trợ 4G/5G điện thoại tồn kho Hỗ trợ 2 SIM Bảo hành miễn phí 7.2inch dt giá rẻ,48,1022125,Hà Nội,https://img.lazcdn.com/g/p/5de4d5eaf815ac8e4bf9314b23d44608.jpg_200x200q80.avif,i n tho i r cho h c sinh Vi x l 10 nh n t gi r ch nh h ng H tr 4G/5G i n tho i t n kho H tr 2 SIM B o h nh mi n ph 7 2inch dt gi r
https://www.lazada.vn/products/pdp-i3082150389.html,[Chính hãng] Điện thoại 0pp0_FFind_X8 Pr0 (12GB/256GB) - Hàng chính hãng,65,1050000,Cần Thơ,https://img.lazcdn.com/g/p/0bcdfbf785cea87ae8ed481d946d566c.jpg_200x200q80.avif,Ch nh h ng i n tho i OPPO FFind X8 Pro 12GB/256GB - H ng ch nh h ng
https://www.lazada.vn/products/pdp-i3082129904.html,"Điện thoại mi Mi 15 Utra Cấu hình mạnh, cày game nặng siêu mượt (16+512GB) | Màn hình 6.73""",65,1120000,Cần Thơ,https://img.lazcdn.com/g/p/e1b036f4d90d6246add04aa67b41a053.jpg_200x200q80.avif,i n tho i Xiaomi 15 Utra C u h nh m nh c y game n ng si u m t 16+512GB M n h nh 6 73
https://www.lazada.vn/products/pdp-i3082127940.html,"Điện thoại chắc chắn Unihertz Tank (Pin khủng 22000mAh, RAM 22GB,Rom 256GB ,Chống nước ,Chống bụi Chống sốc, Face ID )",65,916300,Cần Thơ,https://img.lazcdn.com/g/p/448bed97859c0571ae5441068be0aa82.jpg_200x200q80.avif,i n tho i ch c ch n Unihertz Tank Pin kh ng 22000mAh RAM 22GB Rom 256GB Ch ng n c Ch ng b i Ch ng s c Face ID
https://www.lazada.vn/products/pdp-i3081968762.html,Xiaomi Redmi Note 14 5G 8GB 256GB Chính hãng,7,6750000,Hà Nội,https://img.lazcdn.com/g/p/aa1bdc9a0e878a4b1950f60fb0147d30.jpg_200x200q80.avif,Xiaomi Redmi Note 14 5G 8GB 256GB Ch nh h ng
https://www.lazada.vn/products/pdp-i3081244040.html,"Điện thoại chắc chắn unihertz Tank 3 (pin  23800mAh,sạc nhanh  120W, Ram 32GB(16+16),rom  512GB, ,5G , Android 13)",65,1021300,Hồ Chí Minh,https://img.lazcdn.com/g/p/a254e8c1c4db9d911c883a740dcc418f.jpg_200x200q80.avif,i n tho i ch c ch n unihertz Tank 3 pin 23800mAh s c nhanh 120W Ram 32GB 16+16 rom 512GB 5G Android 13
https://www.lazada.vn/products/pdp-i3081213075.html,"Điện thoại Oukitel WP19 Pin 21000mAh, Vua pin siêu bền, Ram 8G Rom 256G Chính Hãng (tặng cáp bảo vệ sạc)",65,671300,Hồ Chí Minh,https://img.lazcdn.com/g/p/5c38be3cbe7e4ccfbf3e77a84fc4878d.jpg_200x200q80.avif,i n tho i Oukitel WP19 Pin 21000mAh Vua pin si u b n Ram 8G Rom 256G Ch nh H ng t ng c p b o v s c
https://www.lazada.vn/products/pdp-i3081195190.html,"Điện thoại Redmi_n0te 13pr Ram 8GB/128GB pin 5000 mAh máy chính hãng, bảo hành 12 tháng",65,840000,Hồ Chí Minh,https://img.lazcdn.com/g/p/0ae58627d8a42f5390b5278cd0d5a660.jpg_200x200q80.avif,i n tho i Redmi Note 13pr Ram 8GB/128GB pin 5000 mAh m y ch nh h ng b o h nh 12 th ng
https://www.lazada.vn/products/pdp-i3080958906.html,"Unihertz tank 2 Pro (pin 23800 mAh,Ram 24GB(12+12),Rom 512GB,máy chiếu 2.4K, Android 14,camera 100MP, NFC, cốc sạt 120W)",65,986300,Hồ Chí Minh,https://img.lazcdn.com/g/p/28bcd5b0fedd6364f660f0ca0281250c.jpg_200x200q80.avif,Unihertz tank 2 Pro pin 23800 mAh Ram 24GB 12+12 Rom 512GB m y chi u 2 4K Android 14 camera 100MP NFC c c s t 120W
https://www.lazada.vn/products/pdp-i3080438230.html,Hàng mới về Điện thoại di động Sạc nhanh đt giá siêu rẻ Vi xử lý 10 nhân điện thoại rẻ cho học sinh Siêu CPU Bán giá rẻ Hỗ trợ kiểm tra hàng hóa đt giá rẻ mướt game Android phone Màn hình AMOLED bán với giá,41,1355481,Hà Nội,https://img.lazcdn.com/g/p/286f1824ad890e91e960675cc04c6702.jpg_200x200q80.avif,H ng m i v i n tho i di ng S c nhanh t gi si u r Vi x l 10 nh n i n tho i r cho h c sinh Si u CPU B n gi r H tr ki m tra h ng h a t gi r m t game Android phone M n h nh AMOLED b n v i gi
https://www.lazada.vn/products/pdp-i3080400342.html,điện thoại trung quốc Cấu hình mạnh đỉnh đt giá rẻ đánh mọi gaming nặng chất Điện Thoại Thông Minh Android New Arrival Pin trâu 6800mAh dt gia rẻ,50,1233658,Hà Nội,https://img.lazcdn.com/g/p/b8e13d555053c3bfd9d74c72a6f5be39.jpg_200x200q80.avif,i n tho i trung qu c C u h nh m nh nh t gi r nh m i gaming n ng ch t i n Tho i Th ng Minh Android New Arrival Pin tr u 6800mAh dt gia r
https://www.lazada.vn/products/pdp-i3080344514.html,dien thoai Giảm giá sốc bán với giá thấp Hỗ trợ 2 SIM điện thoại trung quốc Cấu hình mạnh đỉnh Feature phones Màn hình AMOLED đt giá rẻ cho hs,48,1189314,Hà Nội,https://img.lazcdn.com/g/p/4d5c28e76998e14501f63ee6e0dc0497.jpg_200x200q80.avif,dien thoai Gi m gi s c b n v i gi th p H tr 2 SIM i n tho i trung qu c C u h nh m nh nh Feature phones M n h nh AMOLED t gi r cho hs
https://www.lazada.vn/products/pdp-i3080342864.html,Điện Thoại Samsung Galaxy S24 Ultra 5G 2 Sim I Bản Việt Nam Chính Hãng Mới Full Box,0,22950000,Hà Nội,https://img.lazcdn.com/g/p/5b6aeb86746fe4b4ac1227cc33003591.jpg_200x200q80.avif,i n Tho i Samsung Galaxy S24 Ultra 5G 2 Sim I B n Vi t Nam Ch nh H ng M i Full Box
https://www.lazada.vn/products/pdp-i3080289918.html,Điện Thoại Samsung Galaxy S24 Ultra 5G USA 2 Sim I Like New Full Box Chính Hãng,0,20450000,Hà Nội,https://img.lazcdn.com/g/p/134cb611a2d90336e248828abd7cbe5a.jpg_200x200q80.avif,i n Tho i Samsung Galaxy S24 Ultra 5G USA 2 Sim I Like New Full Box Ch nh H ng
https://www.lazada.vn/products/pdp-i3104990782.html,điện thoại 0PP0 A53 (128GB) |Cấu hình Cao Chiến mọi Game mượt - Hàng chính hãng Bảo hành 12 tháng,50,650000,Hà Nội,https://img.lazcdn.com/g/p/ea96c7eb07112f2faf8282e6d3bdac3d.jpg_200x200q80.avif,i n tho i OPPO A53 128GB C u h nh Cao Chi n m i Game m t - H ng ch nh h ng B o h nh 12 th ng
https://www.lazada.vn/products/pdp-i3092900878.html,"Điện thoại P0c0 X7pr0 Ram 12GB/256GB pin 6000 mAh máy chính hãng, bảo hành 12 tháng",50,1000000,Vĩnh Phúc,https://img.lazcdn.com/g/p/4088d5ec3e9f7d10227ebacbfd214ddc.jpg_200x200q80.avif,i n tho i POCO X7Pro Ram 12GB/256GB pin 6000 mAh m y ch nh h ng b o h nh 12 th ng
https://www.lazada.vn/products/pdp-i3082344069.html,"Điện thoạimi Mi 13 Utra Cấu hình mạnh, cày game nặng siêu mượt",65,840000,Cần Thơ,https://img.lazcdn.com/g/p/9f7e6b4f58058bbdcdf56da994529595.jpg_200x200q80.avif,i n tho iXiaomi 13 Utra C u h nh m nh c y game n ng si u m t
https://www.lazada.vn/products/pdp-i3082268252.html,"Điện thoại chắc chắn Oukitel WP28 S (Màn hình HD 6,52"",pin 10600mAh,NFC,Ram 16GB(4+12),Rom 128GB, Android 14, Camera13M)",65,706300,Cần Thơ,https://img.lazcdn.com/g/p/939d435e2e7f9dd5c3dbb518d932dd6f.jpg_200x200q80.avif,i n tho i ch c ch n Oukitel WP28 S M n h nh HD 6 52 pin 10600mAh NFC Ram 16GB 4+12 Rom 128GB Android 14 Camera13M
https://www.lazada.vn/products/pdp-i3080392559.html,Hỗ trợ 2 SIM điện thoại giá 1kk Pin trâu 6800mAh đt giá rẻ Camera 16/8MP  Bán giá rẻ Bộ nhớ 6+128GB dt giá rẻ Android điện thoại rẻ cho học sinh Vi xử lý 10 nhân đt chính hãng Hỗ trợ 4G/5G mới nguyên bản Giảm giá sốc,41,1272769,Hà Nội,https://img.lazcdn.com/g/p/2f4c3a535bd17d4ef97a8c1cd47a3434.jpg_200x200q80.avif,H tr 2 SIM i n tho i gi 1kk Pin tr u 6800mAh t gi r Camera 16/8MP B n gi r B nh 6+128GB dt gi r Android i n tho i r cho h c sinh Vi x l 10 nh n t ch nh h ng H tr 4G/5G m i nguy n b n Gi m gi s c
https://www.lazada.vn/products/pdp-i3080288275.html,Điện Thoại Samsung Galaxy S22 Ultra 5G USA 2 Sim I Mới Full Box Chính Hãng,0,12750000,Hà Nội,https://img.lazcdn.com/g/p/a7231250cadb25ab8ba6f6a1c9860acf.jpg_200x200q80.avif,i n Tho i Samsung Galaxy S22 Ultra 5G USA 2 Sim I M i Full Box Ch nh H ng
https://www.lazada.vn/products/pdp-i3079567304.html,điện thoại OP F.9 Màn hình 6.3 inch Ram 8/256GB Pin 3500 mAh,55,1129000,Hồ Chí Minh,https://img.lazcdn.com/g/p/c45a54d2c58afba85437ecaaeae507e5.jpg_200x200q80.avif,i n tho i OP F 9 M n h nh 6 3 inch Ram 8/256GB Pin 3500 mAh
https://www.lazada.vn/products/pdp-i3079123007.html,"Điện thoại SS 24ut máy 2sim ram 12G/512G Chính Hãng, bảo hành 12 tháng",65,1050000,Quảng Bình,https://img.lazcdn.com/g/p/5d75944756c32a7fad2b4640e8135ecb.jpg_200x200q80.avif,i n tho i Samsung 24ut m y 2sim ram 12G/512G Ch nh H ng b o h nh 12 th ng
https://www.lazada.vn/products/pdp-i3079115026.html,"Điện thoại Ss M51 2sim ram 8G/128G, Cấu hình Cao Chiến mọi Game mượt, Chụp ảnh đẹp, VÂN TAY OK",50,700000,Quảng Bình,https://img.lazcdn.com/g/p/09690e5a3d594637b503730822509ecc.jpg_200x200q80.avif,i n tho i Samsung M51 2sim ram 8G/128G C u h nh Cao Chi n m i Game m t Ch p nh p V N TAY OK
https://www.lazada.vn/products/pdp-i3079108042.html,"Điện thoại Redmi_n0te 10pr0 Ram 8GB/128GB pin 5020 mAh máy chính hãng, bảo hành 12 tháng",50,800000,Quảng Bình,https://img.lazcdn.com/g/p/2e3db16dc75b277df74c57c0515a4e6a.jpg_200x200q80.avif,i n tho i Redmi Note 10Pro Ram 8GB/128GB pin 5020 mAh m y ch nh h ng b o h nh 12 th ng
https://www.lazada.vn/products/pdp-i3079101123.html,"Điện Thoại Oukitel WP38 4G | Pin 10600mAh, RAM 12GB, ROM 256GB, ANDROID 13",65,859250,Quảng Bình,https://img.lazcdn.com/g/p/f0cec3b869cb9509c2750bd87011e971.jpg_200x200q80.avif,i n Tho i Oukitel WP38 4G Pin 10600mAh RAM 12GB ROM 256GB ANDROID 13
https://www.lazada.vn/products/pdp-i3079097129.html,[Chính hãng] Điện thoại 0pp0_FFind_X8 Pr0 (12GB/256GB) - Hàng chính hãng,50,1500000,Quảng Bình,https://img.lazcdn.com/g/p/0bcdfbf785cea87ae8ed481d946d566c.jpg_200x200q80.avif,Ch nh h ng i n tho i OPPO FFind X8 Pro 12GB/256GB - H ng ch nh h ng
https://www.lazada.vn/products/pdp-i3079097126.html,"Điện thoại siêu phẩm SS_ A55 5G 128GB-Chính hãng newseal 100%, Bảo hành chính hãng 12 tháng.",50,1100000,Quảng Bình,https://img.lazcdn.com/g/p/1d3dc590396f33e0b4fe9062d507d14f.jpg_200x200q80.avif,i n tho i si u ph m Samsung A55 5G 128GB-Ch nh h ng newseal 100 B o h nh ch nh h ng 12 th ng
https://www.lazada.vn/products/pdp-i3079082231.html,"Điện thoạimi Mi 13 Utra Cấu hình mạnh, cày game nặng siêu mượt",65,840000,Quảng Bình,https://img.lazcdn.com/g/p/9f7e6b4f58058bbdcdf56da994529595.jpg_200x200q80.avif,i n tho iXiaomi 13 Utra C u h nh m nh c y game n ng si u m t
https://www.lazada.vn/products/pdp-i3079082230.html,"Điện thoại  Redmi_n0te 12 Ram 8GB/128GB pin 5000 mAh máy chính hãng, bảo hành 12 tháng",65,560000,Quảng Bình,https://img.lazcdn.com/g/p/007c3af28afea99fb048a87be68d07c9.jpg_200x200q80.avif,i n tho i Redmi Note 12 Ram 8GB/128GB pin 5000 mAh m y ch nh h ng b o h nh 12 th ng
https://www.lazada.vn/products/pdp-i3079057339.html,"Điện thoại oukitel  wp21 (Ram 12Gb,Rom 256Gb ,chống sốc,chống nước,pin khủng, pin 9.800mAh)",65,776300,Quảng Bình,https://img.lazcdn.com/g/p/14502e16da2f013d6b77bf07b5f08305.jpg_200x200q80.avif,i n tho i oukitel wp21 Ram 12Gb Rom 256Gb ch ng s c ch ng n c pin kh ng pin 9 800mAh
https://www.lazada.vn/products/pdp-i3079056318.html,[Chính hãng]Điện thoại 0PP0_Ren0 13 5G - (BH 12 tháng Lỗi 1 đổi 1 trong 30 ngày),65,980000,Quảng Bình,https://img.lazcdn.com/g/p/a819fad4b27b1ec18e35d18ddb8f56a5.jpg_200x200q80.avif,Ch nh h ng i n tho i OPPO Ren0 13 5G - BH 12 th ng L i 1 i 1 trong 30 ng y
https://www.lazada.vn/products/pdp-i3079044328.html,điện thoại 0PP0 Ren012 5G (12GB/256GB) | Cấu hình Cao Chiến mọi Game mượt - Hàng chính hãng Bảo hành 12 tháng,65,665000,Quảng Bình,https://img.lazcdn.com/g/p/88036aff56da54e1dafcb8a56ec0f5bd.jpg_200x200q80.avif,i n tho i OPPO Ren012 5G 12GB/256GB C u h nh Cao Chi n m i Game m t - H ng ch nh h ng B o h nh 12 th ng
https://www.lazada.vn/products/pdp-i3079043523.html,"Điện thoại siêu phẩm SS_ z f0ld 4 256GB-Chính hãng mới 100%, Bảo hành chính hãng 12 tháng.",65,980000,Quảng Bình,https://img.lazcdn.com/g/p/f5eb29d04b110755db15abe4a296be1f.jpg_200x200q80.avif,i n tho i si u ph m Samsung z Fold 4 256GB-Ch nh h ng m i 100 B o h nh ch nh h ng 12 th ng
https://www.lazada.vn/products/pdp-i3079043520.html,"Điện thoại SS 23ut máy 2sim ram 12G/512G Chính Hãng, bảo hành 12 tháng",50,1300000,Hà Nội,https://img.lazcdn.com/g/p/f28660b3cb1fadc4bc0251d0b6a92bf2.jpg_200x200q80.avif,i n tho i Samsung 23ut m y 2sim ram 12G/512G Ch nh H ng b o h nh 12 th ng
https://www.lazada.vn/products/pdp-i3079042525.html,"Điện thoại SS 22ut máy 2sim ram 12G/256G Chính Hãng, bảo hành 12 tháng",65,840000,Quảng Bình,https://img.lazcdn.com/g/p/549fc3fa7ee835d11af459d03d8cbd37.jpg_200x200q80.avif,i n tho i Samsung 22ut m y 2sim ram 12G/256G Ch nh H ng b o h nh 12 th ng
https://www.lazada.vn/products/pdp-i3079000668.html,"Điện thoại SS 23ut máy 2sim ram 12G/512G Chính Hãng, bảo hành 12 tháng",65,910000,Quảng Bình,https://img.lazcdn.com/g/p/f28660b3cb1fadc4bc0251d0b6a92bf2.jpg_200x200q80.avif,i n tho i Samsung 23ut m y 2sim ram 12G/512G Ch nh H ng b o h nh 12 th ng
https://www.lazada.vn/products/pdp-i3078998694.html,"Điện thoại chắc chắn Oukitel Wp21 Ultra(camera nhiệt ,FLIR,chống nước,chống sốc,pin 9800mAh,Ram 12Gb,Rom 256Gb)",65,1021300,Quảng Bình,https://img.lazcdn.com/g/p/ba969a01259cabd4746c1dee00ad9605.jpg_200x200q80.avif,i n tho i ch c ch n Oukitel Wp21 Ultra camera nhi t FLIR ch ng n c ch ng s c pin 9800mAh Ram 12Gb Rom 256Gb
https://www.lazada.vn/products/pdp-i3078988707.html,"Điện thoại chắc chắn Oukitel WP28 S (Màn hình HD 6,52"",pin 10600mAh,NFC,Ram 16GB(4+12),Rom 128GB, Android 14, Camera13M)",50,1009000,Quảng Bình,https://img.lazcdn.com/g/p/939d435e2e7f9dd5c3dbb518d932dd6f.jpg_200x200q80.avif,i n tho i ch c ch n Oukitel WP28 S M n h nh HD 6 52 pin 10600mAh NFC Ram 16GB 4+12 Rom 128GB Android 14 Camera13M
https://www.lazada.vn/products/pdp-i3078978745.html,"Điện thoại Oukitel WP19 Pin 21000mAh, Vua pin siêu bền, Ram 8G Rom 256G Chính Hãng (tặng cáp bảo vệ sạc)",65,671300,Quảng Bình,https://img.lazcdn.com/g/p/5c38be3cbe7e4ccfbf3e77a84fc4878d.jpg_200x200q80.avif,i n tho i Oukitel WP19 Pin 21000mAh Vua pin si u b n Ram 8G Rom 256G Ch nh H ng t ng c p b o v s c
https://www.lazada.vn/products/pdp-i3078973716.html,"Điện thoạimi Mi 14 Utra Cấu hình mạnh, cày game nặng siêu mượt  (16+512GB) | Màn hình 6.73""",65,980000,Quảng Bình,https://img.lazcdn.com/g/p/46adb94ff5bb2bb07e7386372409f852.jpg_200x200q80.avif,i n tho iXiaomi 14 Utra C u h nh m nh c y game n ng si u m t 16+512GB M n h nh 6 73
https://www.lazada.vn/products/pdp-i3078973715.html,"Điện thoại siêu bền Oukitel WP36(loa to Âm thanh 8D Triple-Cam,Pin 10600mAh,Ram16GB(8+8),Rom128GB,CPU MediaTek 8788)",65,916300,Quảng Bình,https://img.lazcdn.com/g/p/9fa8e3c283eaa99c8132adccfe44f863.jpg_200x200q80.avif,i n tho i si u b n Oukitel WP36 loa to m thanh 8D Triple-Cam Pin 10600mAh Ram16GB 8+8 Rom128GB CPU MediaTek 8788
https://www.lazada.vn/products/pdp-i3078968842.html,"Oukitel WP32 Pro siêu bền(RAM 24Gb(6GB + 18GB),ROM 256GB,NFC,Màn hình 6.0 inch, Android 14,T606 Octa Core, OTG)",65,811300,Quảng Bình,https://img.lazcdn.com/g/p/3044e756ab9ee3bef13162d3d04a2b48.jpg_200x200q80.avif,Oukitel WP32 Pro si u b n RAM 24Gb 6GB + 18GB ROM 256GB NFC M n h nh 6 0 inch Android 14 T606 Octa Core OTG
https://www.lazada.vn/products/pdp-i3078965824.html,"Unihertz tank 2 Pro (pin 23800 mAh,Ram 24GB(12+12),Rom 512GB,máy chiếu 2.4K, Android 14,camera 100MP, NFC, cốc sạt 120W)",65,986300,Quảng Bình,https://img.lazcdn.com/g/p/28bcd5b0fedd6364f660f0ca0281250c.jpg_200x200q80.avif,Unihertz tank 2 Pro pin 23800 mAh Ram 24GB 12+12 Rom 512GB m y chi u 2 4K Android 14 camera 100MP NFC c c s t 120W
https://www.lazada.vn/products/pdp-i3078954899.html,"Điện thoại siêu phẩm SS_ z f0ld 5 256GB-Chính hãng mới 100%, Bảo hành chính hãng 12 tháng.",65,1120000,Quảng Bình,https://img.lazcdn.com/g/p/6e1e3696a85a2b650580f645ba8f2fc7.jpg_200x200q80.avif,i n tho i si u ph m Samsung z Fold 5 256GB-Ch nh h ng m i 100 B o h nh ch nh h ng 12 th ng
https://www.lazada.vn/products/pdp-i3078951760.html,"Điện thoại Red.mi Note 11 pro 2sim ram 8G/128G, Cấu hình mạnh, cày game nặng siêu mượt, VÂN TAY OK",65,560000,Quảng Bình,https://img.lazcdn.com/g/p/a4a317aaa363f909b0125c001e29efa0.jpg_200x200q80.avif,i n tho i Redmi Note 11 Pro 2sim ram 8G/128G C u h nh m nh c y game n ng si u m t V N TAY OK
https://www.lazada.vn/products/pdp-i3078941846.html,"Điện thoại chắc chắn unihertz Tank 3 (pin  23800mAh,sạc nhanh  120W, Ram 32GB(16+16),rom  512GB, ,5G , Android 13)",65,1021300,Quảng Bình,https://img.lazcdn.com/g/p/a254e8c1c4db9d911c883a740dcc418f.jpg_200x200q80.avif,i n tho i ch c ch n unihertz Tank 3 pin 23800mAh s c nhanh 120W Ram 32GB 16+16 rom 512GB 5G Android 13
https://www.lazada.vn/products/pdp-i3078936881.html,"Điện thoại mi Mi 15 Utra Cấu hình mạnh, cày game nặng siêu mượt (16+512GB) | Màn hình 6.73""",65,1120000,Quảng Bình,https://img.lazcdn.com/g/p/e1b036f4d90d6246add04aa67b41a053.jpg_200x200q80.avif,i n tho i Xiaomi 15 Utra C u h nh m nh c y game n ng si u m t 16+512GB M n h nh 6 73
https://www.lazada.vn/products/pdp-i3078935861.html,"Điện thoại Redmi_n0te 13pr Ram 8GB/128GB pin 5000 mAh máy chính hãng, bảo hành 12 tháng",65,840000,Quảng Bình,https://img.lazcdn.com/g/p/0ae58627d8a42f5390b5278cd0d5a660.jpg_200x200q80.avif,i n tho i Redmi Note 13pr Ram 8GB/128GB pin 5000 mAh m y ch nh h ng b o h nh 12 th ng
https://www.lazada.vn/products/pdp-i3078931852.html,[Chính hãng] Điện thoại Opp0 FFIND N3 FLIP (12GB/256GB) - Hàng chính hãng,65,1050000,Quảng Bình,https://img.lazcdn.com/g/p/72387abcc588df9763079c9cc69ef2fc.jpg_200x200q80.avif,Ch nh h ng i n tho i OPPO FFIND N3 FLIP 12GB/256GB - H ng ch nh h ng
https://www.lazada.vn/products/pdp-i3078900923.html,"Điện thoại chắc chắn Unihertz Tank (Pin khủng 22000mAh, RAM 22GB,Rom 256GB ,Chống nước ,Chống bụi Chống sốc, Face ID )",65,916300,Quảng Bình,https://img.lazcdn.com/g/p/448bed97859c0571ae5441068be0aa82.jpg_200x200q80.avif,i n tho i ch c ch n Unihertz Tank Pin kh ng 22000mAh RAM 22GB Rom 256GB Ch ng n c Ch ng b i Ch ng s c Face ID
https://www.lazada.vn/products/pdp-i3078146223.html,"[THANH LÝ] Điện thoại Samsung Galaxy S24+, Điện thoại AI, Camera 50MP, Màn hình QHD+ 6,7"", Pin 4.900mAh, dung lượng 12GB + 512GB(không bảo hành)",0,30490000,Hồ Chí Minh,https://img.lazcdn.com/g/p/106a66b99e40f024740343beed173546.jpg_200x200q80.avif,THANH L i n tho i Samsung Galaxy S24+ i n tho i AI Camera 50MP M n h nh QHD+ 6 7 Pin 4 900mAh dung l ng 12GB + 512GB kh ng b o h nh
https://www.lazada.vn/products/pdp-i3077890246.html,"Điện thoại Oukitel WP19 Pin 21000mAh, Vua pin siêu bền, Ram 8G Rom 256G Chính Hãng (tặng cáp bảo vệ sạc)",50,959000,Bình Thuận,https://img.lazcdn.com/g/p/5c38be3cbe7e4ccfbf3e77a84fc4878d.jpg_200x200q80.avif,i n tho i Oukitel WP19 Pin 21000mAh Vua pin si u b n Ram 8G Rom 256G Ch nh H ng t ng c p b o v s c
https://www.lazada.vn/products/pdp-i3077844263.html,đt thông minh giá rẻ Hỗ trợ kiểm tra hàng hóa điện thoại pin trâu Feature phones Chính Hãng Cellphones 7.3inch mới nguyên bản thanh lý giá điện thoại,47,1196810,Hà Nội,https://img.lazcdn.com/g/p/86d1d5ec29b2f7148d415187b59f04d5.jpg_200x200q80.avif,t th ng minh gi r H tr ki m tra h ng h a i n tho i pin tr u Feature phones Ch nh H ng Cellphones 7 3inch m i nguy n b n thanh l gi i n tho i
https://www.lazada.vn/products/pdp-i3077832389.html,"Điện thoại  Redmi_n0te 12 Ram 8GB/128GB pin 5000 mAh máy chính hãng, bảo hành 12 tháng",50,800000,Bình Thuận,https://img.lazcdn.com/g/p/007c3af28afea99fb048a87be68d07c9.jpg_200x200q80.avif,i n tho i Redmi Note 12 Ram 8GB/128GB pin 5000 mAh m y ch nh h ng b o h nh 12 th ng
https://www.lazada.vn/products/pdp-i3077807455.html,"Điện thoại SS A32 máy 2sim ram 6G/128G Chính Hãng, VÂN TAY OK",50,800000,Bình Thuận,https://img.lazcdn.com/g/p/724767a6ee1a8450f63d74b616647f8d.jpg_200x200q80.avif,i n tho i Samsung A32 m y 2sim ram 6G/128G Ch nh H ng V N TAY OK
https://www.lazada.vn/products/pdp-i3077781548.html,"Điện thoại Ss M51 2sim ram 8G/128G, Cấu hình Cao Chiến mọi Game mượt, Chụp ảnh đẹp, VÂN TAY OK",50,700000,Bình Thuận,https://img.lazcdn.com/g/p/09690e5a3d594637b503730822509ecc.jpg_200x200q80.avif,i n tho i Samsung M51 2sim ram 8G/128G C u h nh Cao Chi n m i Game m t Ch p nh p V N TAY OK
https://www.lazada.vn/products/pdp-i3077780476.html,học sinh giá rẻ Hỗ trợ 2 SIM đt giá rẻ cho hs Giảm giá sốc Điện thoại tầm trung Hàng mới về điện thoại rẻ Sạc nhanh điện thoại rẻ nhất đánh mọi gaming nặng chất mới nguyên bản mướt game đt chính hãng Siêu CPU,48,1447905,Hà Nội,https://img.lazcdn.com/g/p/21bada6de5d2ff1110a2fee017b7e6dd.jpg_200x200q80.avif,h c sinh gi r H tr 2 SIM t gi r cho hs Gi m gi s c i n tho i t m trung H ng m i v i n tho i r S c nhanh i n tho i r nh t nh m i gaming n ng ch t m i nguy n b n m t game t ch nh h ng Si u CPU
https://www.lazada.vn/products/pdp-i3077732679.html,"Điện thoại siêu phẩm SS_ A72 5G 128GB-Chính hãng newseal 100%, Bảo hành chính hãng 12 tháng.",50,820000,Bình Thuận,https://img.lazcdn.com/g/p/5902f9c37479817cea7fcb870f00bb93.jpg_200x200q80.avif,i n tho i si u ph m Samsung A72 5G 128GB-Ch nh h ng newseal 100 B o h nh ch nh h ng 12 th ng
https://www.lazada.vn/products/pdp-i3077108165.html,Điện thoại cao cấp Hỗ trợ 2 SIM đt rẻ Hỗ trợ 4G/5G điện thoại tồn kho Camera 72+48MP Android Mobile bản Quốc tế đt giá rẻ chính hãng,48,1028658,Hà Nội,https://img.lazcdn.com/g/p/d7ab13b8de54802197dcb1afd9910c58.jpg_200x200q80.avif,i n tho i cao c p H tr 2 SIM t r H tr 4G/5G i n tho i t n kho Camera 72+48MP Android Mobile b n Qu c t t gi r ch nh h ng
https://www.lazada.vn/products/pdp-i3077104045.html,"Điện thoại SS 22ut máy 2sim ram 12G/256G Chính Hãng, bảo hành 12 tháng",50,1200000,An Giang,https://img.lazcdn.com/g/p/549fc3fa7ee835d11af459d03d8cbd37.jpg_200x200q80.avif,i n tho i Samsung 22ut m y 2sim ram 12G/256G Ch nh H ng b o h nh 12 th ng
https://www.lazada.vn/products/pdp-i3077102080.html,"Điện thoạimi Mi 13 Utra Cấu hình mạnh, cày game nặng siêu mượt",50,1200000,An Giang,https://img.lazcdn.com/g/p/9f7e6b4f58058bbdcdf56da994529595.jpg_200x200q80.avif,i n tho iXiaomi 13 Utra C u h nh m nh c y game n ng si u m t
https://www.lazada.vn/products/pdp-i3077081082.html,"Điện thoại Oukitel WP19 Pin 21000mAh, Vua pin siêu bền, Ram 8G Rom 256G Chính Hãng (tặng cáp bảo vệ sạc)",50,959000,An Giang,https://img.lazcdn.com/g/p/5c38be3cbe7e4ccfbf3e77a84fc4878d.jpg_200x200q80.avif,i n tho i Oukitel WP19 Pin 21000mAh Vua pin si u b n Ram 8G Rom 256G Ch nh H ng t ng c p b o v s c
https://www.lazada.vn/products/pdp-i3077002483.html,[Chính hãng] Điện thoại 0pp0_FFind_X8 Pr0 (12GB/256GB) - Hàng chính hãng,50,1500000,An Giang,https://img.lazcdn.com/g/p/0bcdfbf785cea87ae8ed481d946d566c.jpg_200x200q80.avif,Ch nh h ng i n tho i OPPO FFind X8 Pro 12GB/256GB - H ng ch nh h ng
https://www.lazada.vn/products/pdp-i3076983628.html,đt siêu rẻ Hàng mới về điện thoại giá siêu rẻ Chính Hãng giá rẻ học sinh Màn hình AMOLED điện thoại trung quốc mướt game Feature phones,47,1199997,Hà Nội,https://img.lazcdn.com/g/p/3e13c63128cedee62b4eb770bb58aa39.jpg_200x200q80.avif,t si u r H ng m i v i n tho i gi si u r Ch nh H ng gi r h c sinh M n h nh AMOLED i n tho i trung qu c m t game Feature phones
https://www.lazada.vn/products/pdp-i3076955588.html,"Điện thoại chắc chắn Unihertz Tank (Pin khủng 22000mAh, RAM 22GB,Rom 256GB ,Chống nước ,Chống bụi Chống sốc, Face ID )",50,1309000,An Giang,https://img.lazcdn.com/g/p/448bed97859c0571ae5441068be0aa82.jpg_200x200q80.avif,i n tho i ch c ch n Unihertz Tank Pin kh ng 22000mAh RAM 22GB Rom 256GB Ch ng n c Ch ng b i Ch ng s c Face ID
https://www.lazada.vn/products/pdp-i3076933596.html,"Điện thoại Red.mi Note 11 pro 2sim ram 8G/128G, Cấu hình mạnh, cày game nặng siêu mượt, VÂN TAY OK",50,800000,Hà Nội,https://img.lazcdn.com/g/p/a4a317aaa363f909b0125c001e29efa0.jpg_200x200q80.avif,i n tho i Redmi Note 11 Pro 2sim ram 8G/128G C u h nh m nh c y game n ng si u m t V N TAY OK
https://www.lazada.vn/products/pdp-i3076928737.html,"Điện thoại oukitel  wp21 (Ram 12Gb,Rom 256Gb ,chống sốc,chống nước,pin khủng, pin 9.800mAh)",50,1109000,An Giang,https://img.lazcdn.com/g/p/14502e16da2f013d6b77bf07b5f08305.jpg_200x200q80.avif,i n tho i oukitel wp21 Ram 12Gb Rom 256Gb ch ng s c ch ng n c pin kh ng pin 9 800mAh
https://www.lazada.vn/products/pdp-i3076897923.html,điện thoại 0PP0 Ren08pr0 5G (12GB/256GB) | Cấu hình Cao Chiến mọi Game mượt - Hàng chính hãng Bảo hành 12 tháng,50,900000,An Giang,https://img.lazcdn.com/g/p/674c91cf325950e41cd7550b3f1864cd.jpg_200x200q80.avif,i n tho i OPPO Ren08Pro 5G 12GB/256GB C u h nh Cao Chi n m i Game m t - H ng ch nh h ng B o h nh 12 th ng
https://www.lazada.vn/products/pdp-i3076861905.html,"Điện thoại SS A32 máy 2sim ram 6G/128G Chính Hãng, VÂN TAY OK",50,800000,Hà Nội,https://img.lazcdn.com/g/p/724767a6ee1a8450f63d74b616647f8d.jpg_200x200q80.avif,i n tho i Samsung A32 m y 2sim ram 6G/128G Ch nh H ng V N TAY OK
https://www.lazada.vn/products/pdp-i3076046246.html,"Điện thoại Redmi_n0te 10pr0 Ram 8GB/128GB pin 5020 mAh máy chính hãng, bảo hành 12 tháng",50,800000,Hà Nội,https://img.lazcdn.com/g/p/2e3db16dc75b277df74c57c0515a4e6a.jpg_200x200q80.avif,i n tho i Redmi Note 10Pro Ram 8GB/128GB pin 5020 mAh m y ch nh h ng b o h nh 12 th ng
https://www.lazada.vn/products/pdp-i3076017406.html,"Điện thoại  Redmi_n0te 12 Ram 8GB/128GB pin 5000 mAh máy chính hãng, bảo hành 12 tháng",50,800000,Hà Nội,https://img.lazcdn.com/g/p/007c3af28afea99fb048a87be68d07c9.jpg_200x200q80.avif,i n tho i Redmi Note 12 Ram 8GB/128GB pin 5000 mAh m y ch nh h ng b o h nh 12 th ng
https://www.lazada.vn/products/pdp-i3075992629.html,điện thoại 0PP0 Ren08pr0 5G (12GB/256GB) | Cấu hình Cao Chiến mọi Game mượt - Hàng chính hãng Bảo hành 12 tháng,50,900000,Hà Nội,https://img.lazcdn.com/g/p/674c91cf325950e41cd7550b3f1864cd.jpg_200x200q80.avif,i n tho i OPPO Ren08Pro 5G 12GB/256GB C u h nh Cao Chi n m i Game m t - H ng ch nh h ng B o h nh 12 th ng
https://www.lazada.vn/products/pdp-i3075984508.html,"Điện thoại Ss M51 2sim ram 8G/128G, Cấu hình Cao Chiến mọi Game mượt, Chụp ảnh đẹp, VÂN TAY OK",50,700000,Hà Nội,https://img.lazcdn.com/g/p/09690e5a3d594637b503730822509ecc.jpg_200x200q80.avif,i n tho i Samsung M51 2sim ram 8G/128G C u h nh Cao Chi n m i Game m t Ch p nh p V N TAY OK
https://www.lazada.vn/products/pdp-i3075910000.html,"Điện thoại chắc chắn unihertz Tank 3 (pin  23800mAh,sạc nhanh  120W, Ram 32GB(16+16),rom  512GB, ,5G , Android 13)",50,1459000,Hà Nội,https://img.lazcdn.com/g/p/a254e8c1c4db9d911c883a740dcc418f.jpg_200x200q80.avif,i n tho i ch c ch n unihertz Tank 3 pin 23800mAh s c nhanh 120W Ram 32GB 16+16 rom 512GB 5G Android 13
https://www.lazada.vn/products/pdp-i3074844770.html,Điện thoại giá rẻ Trung Quốc Hỗ trợ 2 SIM đt chính hãng Android điện thoại giá 1kk Hỗ trợ kiểm tra hàng hóa handphone Giảm giá sốc bán với giá thấp,47,1118838,Hà Nội,https://img.lazcdn.com/g/p/2806045b5328138208c4345c30a6c89d.jpg_200x200q80.avif,i n tho i gi r Trung Qu c H tr 2 SIM t ch nh h ng Android i n tho i gi 1kk H tr ki m tra h ng h a handphone Gi m gi s c b n v i gi th p
https://www.lazada.vn/products/pdp-i3074801624.html,siêu mượt đien thoại giá rẻ nhất Hàng mới về điện thoại màn hình to giá rẻ Giảm giá sốc điện thoại tồn kho siêu mượt NEW 5G Phone Android đt giá rẻ chính hãng bản Quốc tế điên thoại Sạc nhanh điện thoại thanh,45,1476100,Hà Nội,https://img.lazcdn.com/g/p/72afd1ec2f7a4011beba32d292cca332.jpg_200x200q80.avif,si u m t ien tho i gi r nh t H ng m i v i n tho i m n h nh to gi r Gi m gi s c i n tho i t n kho si u m t NEW 5G Phone Android t gi r ch nh h ng b n Qu c t i n tho i S c nhanh i n tho i thanh
https://www.lazada.vn/products/pdp-i3074699815.html,dien thoai mướt game điện thoại thông minh đánh mọi gaming nặng chất đt thông minh giá rẻ Bộ nhớ 16+512GB điện thoại giá 1kk Vi xử lý 10 nhân Mới 100% Siêu CPU Điện thoại tầm trung Cấu hình mạnh đỉnh Điện thoại giá,48,1355242,Hà Nội,https://img.lazcdn.com/g/p/2d7f58ad9e6b14e727602bfbf90eff7f.jpg_200x200q80.avif,dien thoai m t game i n tho i th ng minh nh m i gaming n ng ch t t th ng minh gi r B nh 16+512GB i n tho i gi 1kk Vi x l 10 nh n M i 100 Si u CPU i n tho i t m trung C u h nh m nh nh i n tho i gi
https://www.lazada.vn/products/pdp-i3074360893.html,Điện Thoại Samsung Galaxy A16 4GB/128GB,19,4126318,Hồ Chí Minh,https://img.lazcdn.com/g/ff/kf/S911838e386e24faaa7db2679b4767b54D.jpg_200x200q80.avif,i n Tho i Samsung Galaxy A16 4GB/128GB
https://www.lazada.vn/products/pdp-i3072999002.html,"Điện thoại siêu phẩm SS_ A55 5G 128GB-Chính hãng newseal 100%, Bảo hành chính hãng 12 tháng.",50,1100000,Hà Nội,https://img.lazcdn.com/g/p/1d3dc590396f33e0b4fe9062d507d14f.jpg_200x200q80.avif,i n tho i si u ph m Samsung A55 5G 128GB-Ch nh h ng newseal 100 B o h nh ch nh h ng 12 th ng
https://www.lazada.vn/products/pdp-i3072989048.html,"Điện thoại Red.mi Note 11 pro 2sim ram 8G/128G, Cấu hình mạnh, cày game nặng siêu mượt, VÂN TAY OK",50,800000,Hà Nội,https://img.lazcdn.com/g/p/a4a317aaa363f909b0125c001e29efa0.jpg_200x200q80.avif,i n tho i Redmi Note 11 Pro 2sim ram 8G/128G C u h nh m nh c y game n ng si u m t V N TAY OK
https://www.lazada.vn/products/pdp-i3072988052.html,"Điện thoại mi Mi 15 Utra Cấu hình mạnh, cày game nặng siêu mượt (16+512GB) | Màn hình 6.73""",50,1600000,Hà Nội,https://img.lazcdn.com/g/p/e1b036f4d90d6246add04aa67b41a053.jpg_200x200q80.avif,i n tho i Xiaomi 15 Utra C u h nh m nh c y game n ng si u m t 16+512GB M n h nh 6 73
https://www.lazada.vn/products/pdp-i3072946240.html,"Điện thoại siêu phẩm SS_ z f0ld 5 256GB-Chính hãng mới 100%, Bảo hành chính hãng 12 tháng.",50,1600000,Hà Nội,https://img.lazcdn.com/g/p/6e1e3696a85a2b650580f645ba8f2fc7.jpg_200x200q80.avif,i n tho i si u ph m Samsung z Fold 5 256GB-Ch nh h ng m i 100 B o h nh ch nh h ng 12 th ng
https://www.lazada.vn/products/pdp-i3072889341.html,"Điện thoại  Redmi_n0te 12 Ram 8GB/128GB pin 5000 mAh máy chính hãng, bảo hành 12 tháng",50,800000,Hà Nội,https://img.lazcdn.com/g/p/007c3af28afea99fb048a87be68d07c9.jpg_200x200q80.avif,i n tho i Redmi Note 12 Ram 8GB/128GB pin 5000 mAh m y ch nh h ng b o h nh 12 th ng
https://www.lazada.vn/products/pdp-i3072875386.html,điện thoại 0PP0 Ren08pr0 5G (12GB/256GB) | Cấu hình Cao Chiến mọi Game mượt - Hàng chính hãng Bảo hành 12 tháng,50,900000,Hà Nội,https://img.lazcdn.com/g/p/674c91cf325950e41cd7550b3f1864cd.jpg_200x200q80.avif,i n tho i OPPO Ren08Pro 5G 12GB/256GB C u h nh Cao Chi n m i Game m t - H ng ch nh h ng B o h nh 12 th ng
https://www.lazada.vn/products/pdp-i3072280598.html,Điện Thoại Samsung M15 5G 4GB/128GB - Hàng Chính Hãng,9,4002000,Bến Tre,https://img.lazcdn.com/g/p/90199708e9e2cb60ef3dd9862761519a.jpg_200x200q80.avif,i n Tho i Samsung M15 5G 4GB/128GB - H ng Ch nh H ng
https://www.lazada.vn/products/pdp-i3071032645.html,Điện thoại Xiaomi Poco C75 - Hàng chính hãng,12,2990000,Hà Nội,https://img.lazcdn.com/g/p/3a2d46b8206593cc4bf4d3fb1a51de8d.png_200x200q80.avif,i n tho i Xiaomi Poco C75 - H ng ch nh h ng
https://www.lazada.vn/products/pdp-i3069345271.html,điên thoại gia rẻ Màn hình AMOLED đt giá rẻ cho hs Pin trâu 7800mAh điện thoại rẻ nhất Hỗ trợ kiểm tra hàng hóa mới nguyên bản Sạc nhanh Mới 100%,47,1118642,Hà Nội,https://img.lazcdn.com/g/p/28796fc6f5be8a1322194e0d2b445051.jpg_200x200q80.avif,i n tho i gia r M n h nh AMOLED t gi r cho hs Pin tr u 7800mAh i n tho i r nh t H tr ki m tra h ng h a m i nguy n b n S c nhanh M i 100
https://www.lazada.vn/products/pdp-i3069177382.html,Điện Thoại Samsung A06 5G 4GB/128GB - Hàng Chính Hãng,28,3254000,Bến Tre,https://img.lazcdn.com/g/p/c289385ea137d4c7c025ef0e6517b4a6.jpg_200x200q80.avif,i n Tho i Samsung A06 5G 4GB/128GB - H ng Ch nh H ng
https://www.lazada.vn/products/pdp-i3069075665.html,"Điện thoại Samsung Galaxy A06 5G - Hàng chính hãng - Màn hình lớn 6.7 inch HD+, camera sau kép 50MP, hiệu năng ổn định",18,3279000,Bến Tre,https://img.lazcdn.com/g/p/59062e1a045a60ac97a52d2c9adbfd5f.jpg_200x200q80.avif,i n tho i Samsung Galaxy A06 5G - H ng ch nh h ng - M n h nh l n 6 7 inch HD+ camera sau k p 50MP hi u n ng n nh
https://www.lazada.vn/products/pdp-i3069070349.html,Xiaomi Redmi A3 3GB 64GB Chính hãng,12,1845000,Hà Nội,https://img.lazcdn.com/g/p/8cd5dbd39599fe2244af60a5cf3df176.jpg_200x200q80.avif,Xiaomi Redmi A3 3GB 64GB Ch nh h ng
https://www.lazada.vn/products/pdp-i3069034611.html,Điện Thoại Samsung A26 5G 8GB/128GB - Hàng Chính Hãng,10,6283000,Bến Tre,https://img.lazcdn.com/g/p/7c21e76cc1aa56c2774566391e382b9a.jpg_200x200q80.avif,i n Tho i Samsung A26 5G 8GB/128GB - H ng Ch nh H ng
https://www.lazada.vn/products/pdp-i3068980842.html,Điện Thoại Samsung A06 5G 4GB/128GB - Hàng Chính Hãng,32,3047000,Bến Tre,https://img.lazcdn.com/g/p/e8c3cd5df8a2b3aeac0dfb71642e2f5f.jpg_200x200q80.avif,i n Tho i Samsung A06 5G 4GB/128GB - H ng Ch nh H ng
https://www.lazada.vn/products/pdp-i3068893206.html,Điện Thoại Xiaomi Redmi Note 14 6GB/128GB - Hàng Chính Hãng,17,4150000,Hà Nội,https://img.lazcdn.com/g/p/9657687d705f6afc42b345eb19a1129b.png_200x200q80.avif,i n Tho i Xiaomi Redmi Note 14 6GB/128GB - H ng Ch nh H ng
https://www.lazada.vn/products/pdp-i3068268221.html,điện thoại gia rẻ học sinh Sạc nhanh đt chính hãng Hàng mới về điện thoại chơi game Hỗ trợ kiểm tra hàng hóa NEW 5G Phone Chính Hãng đt giá học sinh,48,1111702,Hà Nội,https://img.lazcdn.com/g/p/95d74efa6c3c3ffefc8a9a0a9f476f3b.jpg_200x200q80.avif,i n tho i gia r h c sinh S c nhanh t ch nh h ng H ng m i v i n tho i ch i game H tr ki m tra h ng h a NEW 5G Phone Ch nh H ng t gi h c sinh
https://www.lazada.vn/products/pdp-i3067909752.html,Điện thoại Samsung Galaxy A55 8/128GB 5G - Hàng chính hãng - mới 100% - TECHLIVEVN,21,7790000,Hà Nội,https://img.lazcdn.com/g/p/964915ef121b557c87b1ff2728b12c58.png_200x200q80.avif,i n tho i Samsung Galaxy A55 8/128GB 5G - H ng ch nh h ng - m i 100 - TECHLIVEVN
https://www.lazada.vn/products/pdp-i3067786305.html,Điện thoại Xiaomi 14 5G 12GB/512GB - Hàng Trưng Bày - Bảo Hành 12 Tháng,44,14990000,Đà Nẵng,https://img.lazcdn.com/g/p/ad3bc0470f89da6e8997fe81a65a1e0d.jpg_200x200q80.avif,i n tho i Xiaomi 14 5G 12GB/512GB - H ng Tr ng B y - B o H nh 12 Th ng
https://www.lazada.vn/products/pdp-i3066868573.html,Điện Thoại Xiaomi Redmi 13C 5G [8GB RAM/256 GB ROM] - Hàng Chính Hãng,45,2399000,Hà Nội,https://img.lazcdn.com/g/p/c17a6f70a2a86de13990d8fb31296d90.png_200x200q80.avif,i n Tho i Xiaomi Redmi 13C 5G 8GB RAM/256 GB ROM - H ng Ch nh H ng
https://www.lazada.vn/products/pdp-i3066863322.html,"Điện Thoại XIAOMI POCO C75 (8GB+256GB) | Màn hình 6,88"" | Pin 5160mAh | Camera kép 50MP",44,2559000,Hà Nội,https://img.lazcdn.com/g/p/e74b4721b7a7bc302a59951aa9900ecd.png_200x200q80.avif,i n Tho i XIAOMI POCO C75 8GB+256GB M n h nh 6 88 Pin 5160mAh Camera k p 50MP
https://www.lazada.vn/products/pdp-i3066145005.html,Điện thoại Samsung Galaxy A7 (2018) Máy Cũ Tân Trang,50,994000,Hà Nội,https://img.lazcdn.com/g/p/50669defcef910475e96d2dbf037cb02.png_200x200q80.avif,i n tho i Samsung Galaxy A7 2018 M y C T n Trang
https://www.lazada.vn/products/pdp-i3065998302.html,Điện Thoại Thông Minh Giá Rẻ Samsung Galaxy J2 prime G532 Hỗ Trợ 4G Máy Cũ Tân Trang,50,250000,Hà Nội,https://img.lazcdn.com/g/p/93aebb4ab6bb1f147ede09c69a38ccd2.jpg_200x200q80.avif,i n Tho i Th ng Minh Gi R Samsung Galaxy J2 prime G532 H Tr 4G M y C T n Trang
https://www.lazada.vn/products/pdp-i3065969434.html,ĐIện thoại chính hãng Samsung Galaxy J4 Plus màn to giá rẻ hỗ trợ 4G LTE Máy Cũ Tân Trang Đẹp,50,450000,Hà Nội,https://img.lazcdn.com/g/p/1bbef2c39f421ed572405e75e735df89.jpg_200x200q80.avif,I n tho i ch nh h ng Samsung Galaxy J4 Plus m n to gi r h tr 4G LTE M y C T n Trang p
https://www.lazada.vn/products/pdp-i3065872797.html,Điện thoại samsung galaxy j6 plus 2018 máy cũ tân trang đẹp trên 95%,50,550000,Hà Nội,https://img.lazcdn.com/g/p/8d4bf8fd22df510a8e434123f8322db0.jpg_200x200q80.avif,i n tho i Samsung galaxy j6 plus 2018 m y c t n trang p tr n 95
https://www.lazada.vn/products/pdp-i3065585071.html,Điện thoại Samsung Galaxy A36 5G 8GB/256GB,15,7886130,Hồ Chí Minh,https://img.lazcdn.com/g/ff/kf/S495bef158c0648bab07990434561503cI.jpg_200x200q80.avif,i n tho i Samsung Galaxy A36 5G 8GB/256GB
https://www.lazada.vn/products/pdp-i3065567137.html,Điện thoại Samsung Galaxy A36 5G 12GB/256GB,14,8827070,Hồ Chí Minh,https://img.lazcdn.com/g/ff/kf/Safe231ab22d144298229f19692ff6e57Q.jpg_200x200q80.avif,i n tho i Samsung Galaxy A36 5G 12GB/256GB
https://www.lazada.vn/products/pdp-i3065467411.html,Điện thoại Samsung Galaxy A56 5G 8GB/128GB,12,8732788,Hồ Chí Minh,https://img.lazcdn.com/g/ff/kf/S80c80cd7d2c3488198c554d789b4ec0a6.jpg_200x200q80.avif,i n tho i Samsung Galaxy A56 5G 8GB/128GB
https://www.lazada.vn/products/pdp-i3065465293.html,Samsung Galaxy A06 5G 4GB/128GB Chính Hãng,20,3450000,Hà Nội,https://img.lazcdn.com/g/p/758c6e6f2d44558b00e3667b11f39428.jpg_200x200q80.avif,Samsung Galaxy A06 5G 4GB/128GB Ch nh H ng
https://www.lazada.vn/products/pdp-i3065464260.html,Samsung Galaxy A26 5G 8GB/128GB Chính Hãng,19,6220000,Hà Nội,https://img.lazcdn.com/g/p/95e8b08e3c1b4361a29f96227993d22f.jpg_200x200q80.avif,Samsung Galaxy A26 5G 8GB/128GB Ch nh H ng
https://www.lazada.vn/products/pdp-i3065380612.html,Điện thoại Samsung Galaxy A56 5G 12GB/256GB,11,10612600,Hồ Chí Minh,https://img.lazcdn.com/g/ff/kf/Sf0fd7110d0054f19beac40409ec9e8d0O.jpg_200x200q80.avif,i n tho i Samsung Galaxy A56 5G 12GB/256GB
https://www.lazada.vn/products/pdp-i3065344735.html,Điện thoại Samsung Galaxy A36 5G 8GB/128GB,14,7134224,Hồ Chí Minh,https://img.lazcdn.com/g/p/a00ae4d21a87963e584cea980298bcab.png_200x200q80.avif,i n tho i Samsung Galaxy A36 5G 8GB/128GB
https://www.lazada.vn/products/pdp-i3065335735.html,Điện thoại Samsung Galaxy A56 5G 8GB/256GB,12,9672694,Hồ Chí Minh,https://img.lazcdn.com/g/ff/kf/S5eee78298b884b998a8ed48a949ad1bf6.jpg_200x200q80.avif,i n tho i Samsung Galaxy A56 5G 8GB/256GB
https://www.lazada.vn/products/pdp-i3065225453.html,điện thoại cảm ứng giá rẻ Pin trâu 6800mAh Bán giá rẻ 7.3inch điện thoại màn hình to giá rẻ Hàng mới về Bảo hành miễn phí Màn hình AMOLED giá bán rẻ,46,1125836,Hà Nội,https://img.lazcdn.com/g/p/abad9d38a6fa4b4e8c81732a3aab2e91.jpg_200x200q80.avif,i n tho i c m ng gi r Pin tr u 6800mAh B n gi r 7 3inch i n tho i m n h nh to gi r H ng m i v B o h nh mi n ph M n h nh AMOLED gi b n r
https://www.lazada.vn/products/pdp-i3065179926.html,Smartphone Hàng mới về điện thoại android siêu mượt đt giá rẻ chính hãng mướt game điện thoại chơi game Camera 72+48MP  điện thoại Giá Rẻ Hỗ trợ 2 SIM điện thoại giá rẽ Cấu hình mạnh đỉnh dt gia rẻ Pin trâu 7300mAh,44,1486522,Hà Nội,https://img.lazcdn.com/g/p/ae08e4397fb5897ebad420a312ed0eaf.jpg_200x200q80.avif,Smartphone H ng m i v i n tho i android si u m t t gi r ch nh h ng m t game i n tho i ch i game Camera 72+48MP i n tho i Gi R H tr 2 SIM i n tho i gi r C u h nh m nh nh dt gia r Pin tr u 7300mAh
https://www.lazada.vn/products/pdp-i3064809823.html,Điện thoại Xiaomi Redmi A3 3GB/64GB - Chính hãng (Nguyên seal chưa active),23,1920000,Hồ Chí Minh,https://img.lazcdn.com/g/p/1eadf8acaa43dd80471446d9acdf84a4.png_200x200q80.avif,i n tho i Xiaomi Redmi A3 3GB/64GB - Ch nh h ng Nguy n seal ch a active
https://www.lazada.vn/products/pdp-i3064650651.html,SamSung Galaxy A15 5G Look Mỹ,0,2300000,Hưng Yên,https://img.lazcdn.com/g/p/a7b9cc12b1ddd6c90e37de32d6afdab6.png_200x200q80.avif,Samsung Galaxy A15 5G Look M
https://www.lazada.vn/products/pdp-i3063012240.html,Điện thoại samsung  A30/ A30s Ram 4GB/ 64GB Pin 5500 mAh camera trước sau rõ nét chơi game nghe nhạc lướt toptop,0,2200000,Quảng Ngãi,https://img.lazcdn.com/g/p/1be060902317d8b20083653621f6e1c9.jpg_200x200q80.avif,i n tho i Samsung A30/ A30s Ram 4GB/ 64GB Pin 5500 mAh camera tr c sau r n t ch i game nghe nh c l t toptop
https://www.lazada.vn/products/pdp-i3061764484.html,honor magic V2,0,21000000,Cà Mau,https://img.lazcdn.com/g/ff/kf/S2d8ceb2c4f394f749dc311d852d298eac.jpg_200x200q80.avif,honor magic V2
https://www.lazada.vn/products/pdp-i3061330688.html,[QÙA TẶNG KHÔNG BÁN] Củ sạc Samsung Charger 45W type C,0,890000,Hồ Chí Minh,https://img.lazcdn.com/g/p/27d2b01361eea31f81f5c5a3210e90cb.jpg_200x200q80.avif,Q A T NG KH NG B N C s c Samsung Charger 45W type C
https://www.lazada.vn/products/pdp-i3060550535.html,Điện Thoại Samsung Galaxy A26 5G 6GB/128GB,11,5865694,Hồ Chí Minh,https://img.lazcdn.com/g/ff/kf/Saf37cb52a37a46609656567e95c4c4b1P.jpg_200x200q80.avif,i n Tho i Samsung Galaxy A26 5G 6GB/128GB
https://www.lazada.vn/products/pdp-i3060479912.html,Điện Thoại Samsung Galaxy A26 5G 8GB/128GB,14,6007070,Hồ Chí Minh,https://img.lazcdn.com/g/ff/kf/Sd45648e45b08476db7d398d418470fd5a.jpg_200x200q80.avif,i n Tho i Samsung Galaxy A26 5G 8GB/128GB
https://www.lazada.vn/products/pdp-i3060476917.html,Điện Thoại Samsung Galaxy A26 5G 8GB/256GB,13,6946976,Hồ Chí Minh,https://img.lazcdn.com/g/ff/kf/S8b62d8767cc44960b1651b9dec9c6965j.jpg_200x200q80.avif,i n Tho i Samsung Galaxy A26 5G 8GB/256GB
https://www.lazada.vn/products/pdp-i3059799002.html,Điện Thoại Samsung Galaxy A06 5G 6GB/128GB,25,3374788,Hồ Chí Minh,https://img.lazcdn.com/g/ff/kf/S505e0d30dec04774973dd07c3a4db5b3f.jpg_200x200q80.avif,i n Tho i Samsung Galaxy A06 5G 6GB/128GB
https://www.lazada.vn/products/pdp-i3059782044.html,"[MỚI] Điện thoại Nubia V70 Max 12(6+6)GB/128GB I Pin 6000mAh I 6.9""120Hz I Chống rơi vỡ*",9,2549000,Hồ Chí Minh,https://img.lazcdn.com/g/p/39f6ab1ec33c0520205436b0accd081a.jpg_200x200q80.avif,M I i n tho i Nubia V70 Max 12 6+6 GB/128GB I Pin 6000mAh I 6 9 120Hz I Ch ng r i v
https://www.lazada.vn/products/pdp-i3059723200.html,Điện Thoại Samsung Galaxy A06 5G 4GB/128GB,20,3186318,Hồ Chí Minh,https://img.lazcdn.com/g/ff/kf/S7561117436524e09856c3ff66d4b5ae6x.jpg_200x200q80.avif,i n Tho i Samsung Galaxy A06 5G 4GB/128GB
https://www.lazada.vn/products/pdp-i3059670480.html,"[MỚI] Điện thoại Nubia V70 Max 8(4+4)GB/128GB I Pin 6000mAh I 6.9""120Hz I Chống rơi vỡ*",9,2349000,Hồ Chí Minh,https://img.lazcdn.com/g/p/3751519d0e8e07dd4a279b4e6030f1a9.jpg_200x200q80.avif,M I i n tho i Nubia V70 Max 8 4+4 GB/128GB I Pin 6000mAh I 6 9 120Hz I Ch ng r i v
https://www.lazada.vn/products/pdp-i3059613534.html,Điện Thoại Samsung Galaxy A06 5G 4GB/64GB,22,2716882,Hồ Chí Minh,https://img.lazcdn.com/g/ff/kf/Sc0f3adbb8a1640d29fed282a598f60faq.jpg_200x200q80.avif,i n Tho i Samsung Galaxy A06 5G 4GB/64GB
https://www.lazada.vn/products/pdp-i3058695412.html,Điện Thoại Di Động Samsung Galaxy A25 5G - Hàng chính hãng 100%,20,5290000,Hà Nội,https://img.lazcdn.com/g/p/c07de32d1f8af891c6b095df021ba0c2.png_200x200q80.avif,i n Tho i Di ng Samsung Galaxy A25 5G - H ng ch nh h ng 100
https://www.lazada.vn/products/pdp-i3058604617.html,"Điện Thoại Di Động Samsung Galaxy A16 LTE, 5G 8GB/128GB",10,5490000,Hà Nội,https://img.lazcdn.com/g/p/3febb810697442515741c4e61db7e039.png_200x200q80.avif,i n Tho i Di ng Samsung Galaxy A16 LTE 5G 8GB/128GB
https://www.lazada.vn/products/pdp-i3058039201.html,"Điện thoại Op po A3s 2SIM Ram 6GB/128GB - Zin đẹp keng TẶNG(SẠC, CƯỜNG LỰC, ỐP) - Bảo hành 6 tháng",43,799000,Hồ Chí Minh,https://img.lazcdn.com/g/p/e0760866293713b9ab0d0470af7cd584.jpg_200x200q80.avif,i n tho i Op po A3s 2SIM Ram 6GB/128GB - Zin p keng T NG S C C NG L C P - B o h nh 6 th ng
https://www.lazada.vn/products/pdp-i3055708700.html,Điện Thoại Di Động Samsung Galaxy A36 5G 8GB/128GB,12,7290000,Hà Nội,https://img.lazcdn.com/g/p/66e683060c0408c57f9c0db446fa561d.png_200x200q80.avif,i n Tho i Di ng Samsung Galaxy A36 5G 8GB/128GB
https://www.lazada.vn/products/pdp-i3055558507.html,Samsung Galaxy A06 5G 4GB 128GB Chính hãng,23,3090000,Hà Nội,https://img.lazcdn.com/g/p/f1316b140bba1f10cbb68bfd5f967241.jpg_200x200q80.avif,Samsung Galaxy A06 5G 4GB 128GB Ch nh h ng
https://www.lazada.vn/products/pdp-i3055546998.html,Điện Thoại Di Động Samsung Galaxy A56 5G 8GB/128GB,12,8790000,Hà Nội,https://img.lazcdn.com/g/p/670e6a20960c6ce2fd829b2453b97230.png_200x200q80.avif,i n Tho i Di ng Samsung Galaxy A56 5G 8GB/128GB
https://www.lazada.vn/products/pdp-i3055527293.html,Điện Thoại Samsung Galaxy A16 5G 8GB/128G,17,5066224,Hồ Chí Minh,https://img.lazcdn.com/g/ff/kf/S6cb644148505426e8537e3fc92d99d6eu.jpg_200x200q80.avif,i n Tho i Samsung Galaxy A16 5G 8GB/128G
https://www.lazada.vn/products/pdp-i3055504320.html,Điện Thoại Samsung Galaxy A16 8GB/256GB,23,5160600,Hồ Chí Minh,https://img.lazcdn.com/g/ff/kf/S6bb2cc8c01f1440f83c246b0ea3ee0d2z.jpg_200x200q80.avif,i n Tho i Samsung Galaxy A16 8GB/256GB
https://www.lazada.vn/products/pdp-i3055492369.html,Điện Thoại Samsung Galaxy A16 5G 8GB/256G,22,5443070,Hồ Chí Minh,https://img.lazcdn.com/g/ff/kf/S3102042314bb411c926877c6d02e0bc3N.jpg_200x200q80.avif,i n Tho i Samsung Galaxy A16 5G 8GB/256G
https://www.lazada.vn/products/pdp-i3055438519.html,Điện Thoại Samsung Galaxy A16 8GB/128GB,25,4408600,Hồ Chí Minh,https://img.lazcdn.com/g/ff/kf/Sc66b75e301484c9e864c01a42e6da736Z.jpg_200x200q80.avif,i n Tho i Samsung Galaxy A16 8GB/128GB
https://www.lazada.vn/products/pdp-i3055302976.html,Điện Thoại Samsung Galaxy A06 4GB/64GB,27,2340600,Hồ Chí Minh,https://img.lazcdn.com/g/ff/kf/Sbe3d2f372be24422b6afb0a975775fd14.jpg_200x200q80.avif,i n Tho i Samsung Galaxy A06 4GB/64GB
https://www.lazada.vn/products/pdp-i3053258433.html,Điện thoại Samsung Galaxy A56 5G 12-256GB chính hãng,47,4990000,Hà Nội,https://img.lazcdn.com/g/p/5f05153ee14bcab9a26195fa0023c1b4.png_200x200q80.avif,i n tho i Samsung Galaxy A56 5G 12-256GB ch nh h ng
https://www.lazada.vn/products/pdp-i3053157149.html,"[ RẺ HỦY DIỆT ] điện thoại 4G Samsung Galaxy A7 (A750) 2sim ram 4G/64G Chính Hãng, Chiến Game mượt, Chụp ảnh siêu đẹp",43,229000,Hồ Chí Minh,https://img.lazcdn.com/g/p/7632b76655f38e094f3d7eb35f8fad8f.jpg_200x200q80.avif,R H Y DI T i n tho i 4G Samsung Galaxy A7 A750 2sim ram 4G/64G Ch nh H ng Chi n Game m t Ch p nh si u p
https://www.lazada.vn/products/pdp-i3053047616.html,"[ SALE -RẺ VÔ ĐỊCH ] Điện thoại 4G giá rẻ cho học sinh Samsung Galaxy A6 Plus 2sim ram 4G/32G, Cấu hình Cao Chiến mọi Game mượt, Chụp ảnh đẹp ms",43,229000,Hồ Chí Minh,https://img.lazcdn.com/g/p/11531c84de73b75eff90ebb1c8e603d2.jpg_200x200q80.avif,SALE -R V CH i n tho i 4G gi r cho h c sinh Samsung Galaxy A6 Plus 2sim ram 4G/32G C u h nh Cao Chi n m i Game m t Ch p nh p ms
https://www.lazada.vn/products/pdp-i3052473065.html,"[SALE- RẺ HỦY DIỆT ] Điện thoại giá rẻ Samsuung Galaxy A71 2sim ram 8G/128G, Cấu hình Cao Chiến mọi Game mượt, Chụp ảnh đẹp, máy đủ màu.BSNT.N",44,999000,Hồ Chí Minh,https://img.lazcdn.com/g/p/19440fc6a2db6766d937a94d6bbda5ae.jpg_200x200q80.avif,SALE- R H Y DI T i n tho i gi r Samsuung Galaxy A71 2sim ram 8G/128G C u h nh Cao Chi n m i Game m t Ch p nh p m y m u BSNT N
https://www.lazada.vn/products/pdp-i3052438005.html,"[ SALE -RẺ VÔ ĐỊCH ] Điện thoại 4G giá rẻ Samsuung Galaxy A51 2sim ram 6G/128G, Cấu hình Cao Chiến mọi Game mượt, Chụp ảnh đẹp, Máy nhiều màu",0,999000,Hồ Chí Minh,https://img.lazcdn.com/g/p/ba80465ccbe70feb5e8d16f9b5a40d5c.jpg_200x200q80.avif,SALE -R V CH i n tho i 4G gi r Samsuung Galaxy A51 2sim ram 6G/128G C u h nh Cao Chi n m i Game m t Ch p nh p M y nhi u m u
https://www.lazada.vn/products/pdp-i3052421296.html,"Điện thoại giá rẻ Samsung Galaxy A71 2sim ram 8G/128G, Cấu hình Cao Chiến mọi Game mượt, Chụp ảnh đẹp, - BS.",0,1009000,Hồ Chí Minh,https://img.lazcdn.com/g/p/19440fc6a2db6766d937a94d6bbda5ae.jpg_200x200q80.avif,i n tho i gi r Samsung Galaxy A71 2sim ram 8G/128G C u h nh Cao Chi n m i Game m t Ch p nh p - BS
https://www.lazada.vn/products/pdp-i3052305844.html,"SỐC SỐC điện thoại 4G Samsung Galaxy J7 Pro 2sim ram 3G/32G Chính Hãng, , Chiến Game mượt, Chụp ảnh siêu đẹp , máy đủ màu",0,998000,Hồ Chí Minh,https://img.lazcdn.com/g/p/e1484d74c35e2a3dafccd5e1c5a7085f.jpg_200x200q80.avif,S C S C i n tho i 4G Samsung Galaxy J7 Pro 2sim ram 3G/32G Ch nh H ng Chi n Game m t Ch p nh si u p m y m u
https://www.lazada.vn/products/pdp-i3051890009.html,[Đặt trước từ 28.03] Điện thoại Gaming Nubia Neo 3 4G 16(8+8)GB I 128GB - Hàng Chính Hãng,7,4190000,Hồ Chí Minh,https://img.lazcdn.com/g/p/cdb4bd3246fd2db1027b2c44b85304da.jpg_200x200q80.avif,t tr c t 28 03 i n tho i Gaming Nubia Neo 3 4G 16 8+8 GB I 128GB - H ng Ch nh H ng
https://www.lazada.vn/products/pdp-i3051777186.html,Điện thoại 0PPP0 A1k 2SIM Bộ Nhớ Ram 2/32G Màn hình giọt nước zin đẹp,48,729000,Hồ Chí Minh,https://img.lazcdn.com/g/p/e794359bc1cd2f31280758b9a12d45b8.jpg_200x200q80.avif,i n tho i 0PPP0 A1k 2SIM B Nh Ram 2/32G M n h nh gi t n c zin p
https://www.lazada.vn/products/pdp-i3051561753.html,Điện thoại Realme C2 2SIM Cấu hình Ram 2/32G Màn hình tràn viền Pin Trâu,55,633596,Hồ Chí Minh,https://img.lazcdn.com/g/p/e2cf29b6947eb9f52be54464d0267127.jpg_200x200q80.avif,i n tho i Realme C2 2SIM C u h nh Ram 2/32G M n h nh tr n vi n Pin Tr u
https://www.lazada.vn/products/pdp-i3051291154.html,Điện thoại Xiaomi REDMI K80 Pro 5G Ram 16GB/512GB (Snapdragon 8 Elite - Pin 6000mAh),37,6900000,Hà Nội,https://img.lazcdn.com/g/p/f228dc5619ff58ed798eaa9f12e5b99c.png_200x200q80.avif,i n tho i Xiaomi REDMI K80 Pro 5G Ram 16GB/512GB Snapdragon 8 Elite - Pin 6000mAh
https://www.lazada.vn/products/pdp-i3051288220.html,Điện thoại Samsung Galaxy S23 Ultra 5G 8GB/256GB,44,6090000,Hà Nội,https://img.lazcdn.com/g/p/ca71cd5e7de9deaa949b750257c5e90f.png_200x200q80.avif,i n tho i Samsung Galaxy S23 Ultra 5G 8GB/256GB
https://www.lazada.vn/products/pdp-i3051275214.html,Điện thoại Xiaomi Redmi K50 Ultra (Snapdragon 8+ Gen 1 - Màn 1.5K),47,4590000,Hà Nội,https://img.lazcdn.com/g/p/dab93bcec9b8623bdd32e40788f4abc9.png_200x200q80.avif,i n tho i Xiaomi Redmi K50 Ultra Snapdragon 8+ Gen 1 - M n 1 5K
https://www.lazada.vn/products/pdp-i3051267330.html,điện thoại Galaxy Z Fold3 (5G) 256GB Likenew 99%,37,6890000,Hà Nội,https://img.lazcdn.com/g/p/79dca92f71db39e2cdfa69c6fc4db7dc.png_200x200q80.avif,i n tho i Galaxy Z Fold3 5G 256GB Likenew 99
https://www.lazada.vn/products/pdp-i3051247283.html,Điện thoại Samsung Galaxy Note 20 Ultra 5G (12GB|256GB) SM-N981N - Snapdragon 865+,42,4590000,Hà Nội,https://img.lazcdn.com/g/p/0e8959f5b2d6000d9bf0ebe719531398.png_200x200q80.avif,i n tho i Samsung Galaxy Note 20 Ultra 5G 12GB 256GB SM-N981N - Snapdragon 865+
https://www.lazada.vn/products/pdp-i3051210418.html,Điện Thoại Motorola Edge 50 Fusion bảo hành 12 tháng,42,4090000,Hà Nội,https://img.lazcdn.com/g/p/18a5e2d037f0ee01c3666193785318b3.png_200x200q80.avif,i n Tho i Motorola Edge 50 Fusion b o h nh 12 th ng
https://www.lazada.vn/products/pdp-i3051160784.html,Điện thoại Realme Neo7 (Dimensity 9300 Plus) chính hãng,42,4090000,Hà Nội,https://img.lazcdn.com/g/p/7068cce5b0ef35e7792e4bed1857b2c7.png_200x200q80.avif,i n tho i Realme Neo7 Dimensity 9300 Plus ch nh h ng
https://www.lazada.vn/products/pdp-i3051137878.html,Điện thoại Samsung Galaxy S22 Ultra 5G 128GB likenew,46,4290000,Hà Nội,https://img.lazcdn.com/g/p/be7b1346034f2d9ff2e35c23a876304c.png_200x200q80.avif,i n tho i Samsung Galaxy S22 Ultra 5G 128GB likenew
https://www.lazada.vn/products/pdp-i3050951274.html,Poco M7 Pro (8+256GB) |  Vi xử lý Dimensity 7025-Ultra mạnh mẽ | Bộ vi xử lý 5G 6nm mạnh mẽ và hiệu quả cao | Màn hình AMOLED FHD+ 120Hz bảo vệ mắt,0,6490000,Bình Dương,https://img.lazcdn.com/g/p/1c57e21e1d14de68f772a3356359590d.jpg_200x200q80.avif,Poco M7 Pro 8+256GB Vi x l Dimensity 7025-Ultra m nh m B vi x l 5G 6nm m nh m v hi u qu cao M n h nh AMOLED FHD+ 120Hz b o v m t
https://www.lazada.vn/products/pdp-i3049095866.html,"Điện thoại thông minh POCO M7 Pro 5G (8+256GB) | 6.67"" AMOLED 120Hz FHD+ | Camera 50MP+2MP | MD7025-Ultra | 5110mAh/45W",0,6490000,Hồ Chí Minh,https://img.lazcdn.com/g/p/a27e69c5f28f034d8c7949d6509077ad.jpg_200x200q80.avif,i n tho i th ng minh POCO M7 Pro 5G 8+256GB 6 67 AMOLED 120Hz FHD+ Camera 50MP+2MP MD7025-Ultra 5110mAh/45W
https://www.lazada.vn/products/pdp-i3048707585.html,"Điện thoại Nubia V70 Max 8(4+4)GB/128GB I Pin 6000mAh I 6.9""120Hz I Chống rơi vỡ*",9,2550000,Hồ Chí Minh,https://img.lazcdn.com/g/p/d4770cece1ef841e13bc6977d3a2caf6.jpg_200x200q80.avif,i n tho i Nubia V70 Max 8 4+4 GB/128GB I Pin 6000mAh I 6 9 120Hz I Ch ng r i v
https://www.lazada.vn/products/pdp-i3048223370.html,điện thoại samsung  A30/ A30s ram 4GB bộ nhớ 64GB máy cũ mới 99% chơi gmae nghe nhạc lướt wed,43,1090000,Quảng Ngãi,https://img.lazcdn.com/g/p/1be060902317d8b20083653621f6e1c9.jpg_200x200q80.avif,i n tho i Samsung A30/ A30s ram 4GB b nh 64GB m y c m i 99 ch i gmae nghe nh c l t wed
https://www.lazada.vn/products/pdp-i3048002289.html,Samsung Galaxy A56 5G 8G/128GB,0,9990000,Bình Dương,https://img.lazcdn.com/g/p/810ea0d8ac323781f1235fafdc0feba0.jpg_200x200q80.avif,Samsung Galaxy A56 5G 8G/128GB
https://www.lazada.vn/products/pdp-i3044999430.html,Điện Thoại Samsung A56 5G 8GB/128GB - Hàng Chính Hãng,10,9238000,Bến Tre,https://img.lazcdn.com/g/p/d4911ec9c020600871a00eb350daff69.jpg_200x200q80.avif,i n Tho i Samsung A56 5G 8GB/128GB - H ng Ch nh H ng
https://www.lazada.vn/products/pdp-i3044978624.html,Điện Thoại Samsung A36 5G 8GB/128GB - Hàng Chính Hãng,13,7588000,Bến Tre,https://img.lazcdn.com/g/p/ffd1dc3011da6ac6fbb0408d68e48c0e.jpg_200x200q80.avif,i n Tho i Samsung A36 5G 8GB/128GB - H ng Ch nh H ng
https://www.lazada.vn/products/pdp-i3044735080.html,Điện Thoại Samsung A56 5G 8GB/128GB - Hàng Chính Hãng,12,8768000,Bến Tre,https://img.lazcdn.com/g/p/8333d2235bb69e53970103a51a34f99a.jpg_200x200q80.avif,i n Tho i Samsung A56 5G 8GB/128GB - H ng Ch nh H ng
https://www.lazada.vn/products/pdp-i3044732703.html,Điện thoại thông minh Xiaomi 15 Ultra 16GB/512GB - Hàng Chính Hãng - Nguyên Seal Chưa Active,15,29890000,Đà Nẵng,https://img.lazcdn.com/g/p/9debc5c808f841a93dd533cf39bc3c50.jpg_200x200q80.avif,i n tho i th ng minh Xiaomi 15 Ultra 16GB/512GB - H ng Ch nh H ng - Nguy n Seal Ch a Active
https://www.lazada.vn/products/pdp-i3044724115.html,Điện Thoại Samsung A36 5G 8GB/128GB - Hàng Chính Hãng,13,7202000,Bến Tre,https://img.lazcdn.com/g/p/40549d2b5fdbe45e2a5debbb276ce86e.jpg_200x200q80.avif,i n Tho i Samsung A36 5G 8GB/128GB - H ng Ch nh H ng
https://www.lazada.vn/products/pdp-i3043255662.html,Samsung E105,0,450000,Hồ Chí Minh,https://img.lazcdn.com/g/p/283b2ae77e14c1c3f50b2a8a06355abf.jpg_200x200q80.avif,Samsung E105
https://www.lazada.vn/products/pdp-i3041936626.html,Điện thoại Xiaomi Redmi A3 - Hàng chính hãng,16,2090000,Hà Nội,https://img.lazcdn.com/g/p/385e2fd046affb3b76e706e8ddec3da1.jpg_200x200q80.avif,i n tho i Xiaomi Redmi A3 - H ng ch nh h ng
https://www.lazada.vn/products/pdp-i3038753147.html,"[MEGA - SALE ĐẬM TỪ 20H 5.6] [SẠC 25W + TAI NGHE] [QUÀ QUẤN KÈM HÀNG] Điện thoại Samsung Galaxy A26 5G (8/128GB), Mặt lưng kính, AI-Circle to Search, Camera HDR chụp đêm sáng rõ",0,6990000,Hồ Chí Minh,https://img.lazcdn.com/g/p/e3b8d242ff55035540c57c7747a5b1f1.jpg_200x200q80.avif,MEGA - SALE M T 20H 5 6 S C 25W + TAI NGHE QU QU N K M H NG i n tho i Samsung Galaxy A26 5G 8/128GB M t l ng k nh AI-Circle to Search Camera HDR ch p m s ng r
https://www.lazada.vn/products/pdp-i3038644287.html,"[MEGA - SALE ĐẬM TỪ 20H 5.6] [SẠC 25W + TAI NGHE] [QUÀ QUẤN KÈM HÀNG] Điện thoại Samsung Galaxy A06 5G (4/128GB), Màn Hình Cực Đại HD+ 6.7”, 5G Kết nối cực nhanh",0,3990000,Hồ Chí Minh,https://img.lazcdn.com/g/p/ea33d8775d342bc73b8e8a68607563c6.jpg_200x200q80.avif,MEGA - SALE M T 20H 5 6 S C 25W + TAI NGHE QU QU N K M H NG i n tho i Samsung Galaxy A06 5G 4/128GB M n H nh C c i HD+ 6 7 5G K t n i c c nhanh
https://www.lazada.vn/products/pdp-i3037497190.html,Samsung Galaxy A36 5G 8GB 128GB Chính hãng,25,7490000,Hà Nội,https://img.lazcdn.com/g/p/289ee22956a95ebc654e372a70fbecf3.jpg_200x200q80.avif,Samsung Galaxy A36 5G 8GB 128GB Ch nh h ng
https://www.lazada.vn/products/pdp-i3037453584.html,"Điện thoại Samsung Galaxy S25 Ultra (12GB/256GB) - Hàng chính hãng - Hiển thị mượt mà sắc nét, hiệu năng mạnh mẽ, Chụp ảnh siêu nét hỗ trợ zoom quang học cao",17,28090000,Hồ Chí Minh,https://img.lazcdn.com/g/p/d5f956b184a5c50f5d756622ccfaa07c.jpg_200x200q80.avif,i n tho i Samsung Galaxy S25 Ultra 12GB/256GB - H ng ch nh h ng - Hi n th m t m s c n t hi u n ng m nh m Ch p nh si u n t h tr zoom quang h c cao
https://www.lazada.vn/products/pdp-i3035403386.html,"điện thoại samsum A30 / A30s 4G/ 64G mới căng lên mạng, lượt wed chơi game thả ga",50,1200000,Quảng Ngãi,https://img.lazcdn.com/g/p/1be060902317d8b20083653621f6e1c9.jpg_200x200q80.avif,i n tho i samsum A30 / A30s 4G/ 64G m i c ng l n m ng l t wed ch i game th ga
https://www.lazada.vn/products/pdp-i3034724087.html,Điện thoại Samsung Galaxy A35 8/128GB New nguyên seal - mới 100% bảo hành chính hãng,10,7190000,Hà Nội,https://img.lazcdn.com/g/p/81766b131a89ff07b248e234c64aefdd.png_200x200q80.avif,i n tho i Samsung Galaxy A35 8/128GB New nguy n seal - m i 100 b o h nh ch nh h ng
https://www.lazada.vn/products/pdp-i3034642307.html,Điện Thoại Samsung Galaxy A05s (4GB/128GB) - Hàng chính hãng New Nguyên seal,19,3250000,Hà Nội,https://img.lazcdn.com/g/p/61e1595381c4087a8e826c0d12ddd5fa.png_200x200q80.avif,i n Tho i Samsung Galaxy A05s 4GB/128GB - H ng ch nh h ng New Nguy n seal
https://www.lazada.vn/products/pdp-i3033715383.html,Điện thoại giá rẻ Samsung A02S pin 5000,6,1700000,Bạc Liêu,https://img.lazcdn.com/g/ff/kf/Sd151d46ef4174d818a821764eda7f571Q.jpg_200x200q80.avif,i n tho i gi r Samsung A02S pin 5000
https://www.lazada.vn/products/pdp-i3030451054.html,Điện thoại Samsung Galaxy A56 5G 8GB/128GB - Độc quyền online,13,8732788,Hồ Chí Minh,https://img.lazcdn.com/g/ff/kf/Sbef150503932446a972937f48a06c088q.jpg_200x200q80.avif,i n tho i Samsung Galaxy A56 5G 8GB/128GB - c quy n online
https://www.lazada.vn/products/pdp-i3030391067.html,Điện Thoại Samsung Galaxy A55 5G - Hàng Chính Hãng,0,8500000,Hải Phòng,https://img.lazcdn.com/g/p/12e54f519692b3ff30847d1690229373.jpg_200x200q80.avif,i n Tho i Samsung Galaxy A55 5G - H ng Ch nh H ng
https://www.lazada.vn/products/pdp-i3030249536.html,Điện thoại Samsung Galaxy A36 5G 8GB/128GB - Độc Quyền Online,14,7134224,Hồ Chí Minh,https://img.lazcdn.com/g/ff/kf/S69dbf7d73c324b6b9f8e980e2f35e37en.jpg_200x200q80.avif,i n tho i Samsung Galaxy A36 5G 8GB/128GB - c Quy n Online
https://www.lazada.vn/products/pdp-i3030204433.html,"Điện thoại OnePlus Ace 5, Chip Snapdragon 8 Gen 3, Ram 12GB/256GB, Pin 6415 mAh. SonPixel",34,8570000,Hà Nội,https://img.lazcdn.com/g/p/bcf17c994545878354446a7141a193e3.png_200x200q80.avif,i n tho i OnePlus Ace 5 Chip Snapdragon 8 Gen 3 Ram 12GB/256GB Pin 6415 mAh SonPixel
https://www.lazada.vn/products/pdp-i3030055996.html,"điện thoại Vivo Y50 (8GB-128GB) -Pin trâu 5000 mAh 6.35 inch, Snapdragon 665, Zin Đẹp",23,1199000,Hồ Chí Minh,https://img.lazcdn.com/g/p/269f46556fc81a33fdc16628888d139b.jpg_200x200q80.avif,i n tho i Vivo Y50 8GB-128GB -Pin tr u 5000 mAh 6 35 inch Snapdragon 665 Zin p
https://www.lazada.vn/products/pdp-i3029492952.html,Pin trâu 5000mAh đt thông minh giá rẻ Bộ nhớ 16+1TB Mobile Hỗ trợ 4G/5G đt rẻ đánh mọi gaming nặng chất bán với giá thấp Camera 72+48MP  điện thoại cảm ứng giá rẻ Sạc nhanh NEW 5G Phone siêu mượt điện thoại gia,41,1521745,Hà Nội,https://img.lazcdn.com/g/p/5cda9a784f772733b0cd52d793e02210.jpg_200x200q80.avif,Pin tr u 5000mAh t th ng minh gi r B nh 16+1TB Mobile H tr 4G/5G t r nh m i gaming n ng ch t b n v i gi th p Camera 72+48MP i n tho i c m ng gi r S c nhanh NEW 5G Phone si u m t i n tho i gia
https://www.lazada.vn/products/pdp-i3026826239.html,Điện Thoại Samsung M15 5G 4GB/128GB - Hàng Chính Hãng,24,3799000,Bến Tre,https://img.lazcdn.com/g/p/5e141655ae02d331fd2194d8a8170d66.jpg_200x200q80.avif,i n Tho i Samsung M15 5G 4GB/128GB - H ng Ch nh H ng
https://www.lazada.vn/products/pdp-i3024616557.html,Đt siêu mượt đien thoại giá rẻ nhất điện thoại gaming Camera 108+50MP Feature phones Mạng 5G Nguyên bản mới đt giá rẻ chính hãng,45,1229287,Hà Nội,https://img.lazcdn.com/g/p/4bfc8b9fdc584a255082d6ffb32a2895.jpg_200x200q80.avif,t si u m t ien tho i gi r nh t i n tho i gaming Camera 108+50MP Feature phones M ng 5G Nguy n b n m i t gi r ch nh h ng
https://www.lazada.vn/products/pdp-i3020030439.html,Điện thoại samsung glaxy A750 -Ram 4,0,1350000,Bến Tre,https://img.lazcdn.com/g/ff/kf/S9aea9b03fbea48b280cc6935396f93bc4.jpg_200x200q80.avif,i n tho i Samsung glaxy A750 -Ram 4
https://www.lazada.vn/products/pdp-i3020029390.html,Điện thoại samsung A30,0,1350000,Bến Tre,https://img.lazcdn.com/g/ff/kf/Sabe057c12f33444b96c0669c724ea915N.jpg_200x200q80.avif,i n tho i Samsung A30
https://www.lazada.vn/products/pdp-i3018856620.html,"Điện thoại Samsung Note 3 sưu tầm ( 5,7 inch , Ram 3/32.  Android 13 )",0,750000,Hồ Chí Minh,https://img.lazcdn.com/g/ff/kf/Seb69930f207f44c3a8e4b176cc13edcaZ.jpg_200x200q80.avif,i n tho i Samsung Note 3 s u t m 5 7 inch Ram 3/32 Android 13
https://www.lazada.vn/products/pdp-i3014610501.html,Điện thoại thông minh Xiaomi 15 (12+256GB | 12+512GB) | Xiaomi HyperAI | Camera Leica | Vi xử lý Snapdragon® 8 Elite,8,22990000,Bình Dương,https://img.lazcdn.com/g/p/cf9f7fd56b71a59a9eb42e32535658a9.jpg_200x200q80.avif,i n tho i th ng minh Xiaomi 15 12+256GB 12+512GB Xiaomi HyperAI Camera Leica Vi x l Snapdragon 8 Elite
https://www.lazada.vn/products/pdp-i3014579532.html,Điện thoại thông minh Xiaomi 15 Ultra (16+512GB) | Camera Leica | Ống kính tele 200MP | Xiaomi HyperAI,6,32990000,Bình Dương,https://img.lazcdn.com/g/p/d75ec7bece7d5b66478a23ea79aee59e.jpg_200x200q80.avif,i n tho i th ng minh Xiaomi 15 Ultra 16+512GB Camera Leica ng k nh tele 200MP Xiaomi HyperAI
https://www.lazada.vn/products/pdp-i3014545246.html,"Điện thoại Samsung Galaxy A16 LTE Ram 4GB | 128GB, Màn hình 6.7"" - Chip MediaTek Helio G99 - 5000 mAh | BH 24 tháng",27,3650000,Hồ Chí Minh,https://img.lazcdn.com/g/p/b83f1c515c98531e5e653ece78243d13.png_200x200q80.avif,i n tho i Samsung Galaxy A16 LTE Ram 4GB 128GB M n h nh 6 7 - Chip MediaTek Helio G99 - 5000 mAh BH 24 th ng
https://www.lazada.vn/products/pdp-i3014444185.html,"Điện thoại thông minh Redmi 14C (4+128GB | 6+128GB) | Màn hình 6.88"" | Camera kép AI 50MP | MediaTek Helio G81-Ultra",6,3090000,Bình Dương,https://img.lazcdn.com/g/p/ea38c1d3d75c9755d3195dc2dee8b926.jpg_200x200q80.avif,i n tho i th ng minh Redmi 14C 4+128GB 6+128GB M n h nh 6 88 Camera k p AI 50MP MediaTek Helio G81-Ultra
https://www.lazada.vn/products/pdp-i3014375349.html,"Điện thoại Redmi A3 (3+64G | 4+128G) |Màn hình 6,71"" 90Hz | Pin 5000mAh (thông thường) dung lượng lớn | Mở khóa bằng khuôn mặt và vân tay bảo mật*",16,2090000,Bình Dương,https://img.lazcdn.com/g/p/de54b893c9cbf89de0029007ad43f4e7.jpg_200x200q80.avif,i n tho i Redmi A3 3+64G 4+128G M n h nh 6 71 90Hz Pin 5000mAh th ng th ng dung l ng l n M kh a b ng khu n m t v v n tay b o m t
https://www.lazada.vn/products/pdp-i3014331023.html,"Điện thoại thông minh POCO C75 (6+128GB | 8+256GB) | Màn hình 6,88"" | Pin 5160mAh | Camera kép 50MP AI",21,2690000,Bình Dương,https://img.lazcdn.com/g/p/3c16ae4651a56abfc9665d70b43ad7c4.jpg_200x200q80.avif,i n tho i th ng minh POCO C75 6+128GB 8+256GB M n h nh 6 88 Pin 5160mAh Camera k p 50MP AI
https://www.lazada.vn/products/pdp-i3014290083.html,"Điện thoại thông minh POCO X7 Pro 5G (8+256GB | 12+256G) | Màn hình 6.67"" 120Hz AMOLED | D8400-Ultra | Camera 50MP OIS | Pin 6000mAh",5,9490000,Bình Dương,https://img.lazcdn.com/g/p/4dd1ecbf8535ba31885af05d34a5229a.jpg_200x200q80.avif,i n tho i th ng minh POCO X7 Pro 5G 8+256GB 12+256G M n h nh 6 67 120Hz AMOLED D8400-Ultra Camera 50MP OIS Pin 6000mAh
https://www.lazada.vn/products/pdp-i3014255425.html,Điện thoại thông minh Redmi Note 14 (6+128GB | 8+128G | 8+256G) | Camera AI 108MP | MediaTek Helio G99-Ultra | Pin 5500mAh,0,4990000,Bình Dương,https://img.lazcdn.com/g/p/153a7c2ee743613e32de684fea4d4fc1.jpg_200x200q80.avif,i n tho i th ng minh Redmi Note 14 6+128GB 8+128G 8+256G Camera AI 108MP MediaTek Helio G99-Ultra Pin 5500mAh
https://www.lazada.vn/products/pdp-i3014250310.html,"Điện thoại thông minh POCO M6 PRO (8+256G | 12+512G) | FHD+ 6,67"" 120Hz Flow AMOLED | Helio G99-Ultra mạnh mẽ | Sạc tăng cường 67W Pin 5000mAh",25,4890000,Bình Dương,https://img.lazcdn.com/g/p/4321da48db730e4a3a5cf2c7b39d6639.jpg_200x200q80.avif,i n tho i th ng minh POCO M6 Pro 8+256G 12+512G FHD+ 6 67 120Hz Flow AMOLED Helio G99-Ultra m nh m S c t ng c ng 67W Pin 5000mAh
https://www.lazada.vn/products/pdp-i3014175010.html,Điện thoại thông minh POCO X7 5G (8+256GB | 12+512GB) | Màn hình 120Hz AMOLED Viền cong | D7300-Ultra | Camera chính 50MP OIS | IP68,0,8490000,Bình Dương,https://img.lazcdn.com/g/p/7c343b7cb36a362dead731362f80d69a.jpg_200x200q80.avif,i n tho i th ng minh POCO X7 5G 8+256GB 12+512GB M n h nh 120Hz AMOLED Vi n cong D7300-Ultra Camera ch nh 50MP OIS IP68
https://www.lazada.vn/products/pdp-i3013975022.html,iPhone 16e - Hàng Chính Hãng VN/A (Mới ra mắt),3,16490000,Bắc Ninh,https://img.lazcdn.com/g/p/bdda76badce5bb79850c7c0682b2ac53.jpg_200x200q80.avif,iPhone 16e - H ng Ch nh H ng VN/A M i ra m t
https://www.lazada.vn/products/pdp-i3012890151.html,Điện thoại thông minh Xiaomi 14T Pro (12+512GB | 12+512G | 12G+1024G) | Light Fusion 900 | MD 9300+ | Pin 5000mAh,6,15990000,Bình Dương,https://img.lazcdn.com/g/p/26345279719a5e3016b1a10f3deb9814.jpg_200x200q80.avif,i n tho i th ng minh Xiaomi 14T Pro 12+512GB 12+512G 12G+1024G Light Fusion 900 MD 9300+ Pin 5000mAh
https://www.lazada.vn/products/pdp-i3012773230.html,Điện thoại thông minh Xiaomi 14T (12+256GB | 12+512GB) | Cảm biến ảnh Sony IMX906 | MD 8300 | Pin 5000mAh,12,11490000,Bình Dương,https://img.lazcdn.com/g/p/3ce81df550961e35d00c512455407e00.jpg_200x200q80.avif,i n tho i th ng minh Xiaomi 14T 12+256GB 12+512GB C m bi n nh Sony IMX906 MD 8300 Pin 5000mAh
https://www.lazada.vn/products/pdp-i3010182283.html,"[ SALE -RẺ VÔ ĐỊCH ] Điện thoại 4G giá rẻ Samsung Galaxy A70 2sim ram 6G/128G, Cấu hình Cao Chiến mọi Game mượt, Chụp ảnh đẹp, máy nhiều màu MSNC",35,1009000,Hồ Chí Minh,https://img.lazcdn.com/g/p/76d8c56d4d88909d7991894a2e7df94a.jpg_200x200q80.avif,SALE -R V CH i n tho i 4G gi r Samsung Galaxy A70 2sim ram 6G/128G C u h nh Cao Chi n m i Game m t Ch p nh p m y nhi u m u MSNC
https://www.lazada.vn/products/pdp-i3010119056.html,"[ SALE -RẺ VÔ ĐỊCH ] Điện thoại 4G giá rẻ Samsung Galaxy A51 2sim ram 6G/128G, Cấu hình Cao Chiến mọi Game mượt, Chụp ảnh đẹp, Máy nhiều màu,SMS",50,1019000,Hồ Chí Minh,https://img.lazcdn.com/g/p/ba80465ccbe70feb5e8d16f9b5a40d5c.jpg_200x200q80.avif,SALE -R V CH i n tho i 4G gi r Samsung Galaxy A51 2sim ram 6G/128G C u h nh Cao Chi n m i Game m t Ch p nh p M y nhi u m u SMS
https://www.lazada.vn/products/pdp-i3010033899.html,"Sale điện thoại 4G Samsung Galaxy J8 2sim ram 3G/32G Chính Hãng, Chiến Game mượt, Chụp ảnh siêu đẹp - BSPP",45,226000,Hồ Chí Minh,https://img.lazcdn.com/g/p/1e2d125833c3382cf3abdcff834d6cc0.jpg_200x200q80.avif,Sale i n tho i 4G Samsung Galaxy J8 2sim ram 3G/32G Ch nh H ng Chi n Game m t Ch p nh si u p - BSPP
https://www.lazada.vn/products/pdp-i3010024208.html,"[SALE- RẺ HỦY DIỆT ] Điện thoại giá rẻ Samsung Galaxy A71 2sim ram 8G/128G, Cấu hình Cao Chiến mọi Game mượt, Chụp ảnh đẹp -CMS",0,1019000,Hồ Chí Minh,https://img.lazcdn.com/g/p/19440fc6a2db6766d937a94d6bbda5ae.jpg_200x200q80.avif,SALE- R H Y DI T i n tho i gi r Samsung Galaxy A71 2sim ram 8G/128G C u h nh Cao Chi n m i Game m t Ch p nh p -CMS
https://www.lazada.vn/products/pdp-i3010021713.html,"[SALE- RẺ HỦY DIỆT ] Điện thoại 4G giá rẻ Samsung Galaxy A31 2sim ram 6G/128G, Cấu hình Cao Chiến mọi Game mượt, Chụp ảnh đẹp, máy đủ màu- MSS",50,1009000,Hồ Chí Minh,https://img.lazcdn.com/g/p/41bcf1e7dc87fd6651913bbdbdbc8691.jpg_200x200q80.avif,SALE- R H Y DI T i n tho i 4G gi r Samsung Galaxy A31 2sim ram 6G/128G C u h nh Cao Chi n m i Game m t Ch p nh p m y m u- MSamsung
https://www.lazada.vn/products/pdp-i3009801936.html,"[ SALE KHỦNG - GIÁ SỐC ] điện thoại Samsung Galaxy A51 2sim ram 6G/128G máy Chính Hãng, Màn hình: Super AMOLED6.5""Full HD+, Camera sau: Chính 48 MP & Phụ 12 MP, 5 MP, 5 MP Camera trước: 32 MP LN1",0,1009000,Hồ Chí Minh,https://img.lazcdn.com/g/p/25f1ba63b5498d8747457c0713578eb5.jpg_200x200q80.avif,SALE KH NG - GI S C i n tho i Samsung Galaxy A51 2sim ram 6G/128G m y Ch nh H ng M n h nh Super AMOLED6 5 Full HD+ Camera sau Ch nh 48 MP Ph 12 MP 5 MP 5 MP Camera tr c 32 MP LN1
https://www.lazada.vn/products/pdp-i3008354225.html,"[ RẺ HỦY DIỆT ] điện thoại 4G Samsung Galaxy S9 Plus ram 6G/64G Chính Hãng, Chiến Game mượt, Chụp ảnh siêu đẹp - BSLN N",0,1029000,Hồ Chí Minh,https://img.lazcdn.com/g/p/c0323fb7c5c8c5df63489994f1e4e948.jpg_200x200q80.avif,R H Y DI T i n tho i 4G Samsung Galaxy S9 Plus ram 6G/64G Ch nh H ng Chi n Game m t Ch p nh si u p - BSLN N
https://www.lazada.vn/products/pdp-i3008309320.html,"SALE Điện thoại Samsung Note 9 -Samsung Galaxy Note 9 2sim ram 6G/128G, Cấu hình Cao Chiến mọi Game mượt, Chụp ảnh đẹp, BSNT",0,228000,Hồ Chí Minh,https://img.lazcdn.com/g/p/9af9d9f2b5cbcab954df2dcc46cc3855.jpg_200x200q80.avif,SALE i n tho i Samsung Note 9 -Samsung Galaxy Note 9 2sim ram 6G/128G C u h nh Cao Chi n m i Game m t Ch p nh p BSNT
https://www.lazada.vn/products/pdp-i3007104188.html,"điện thoại Realme 10 Chính hãng (8GB/256GB) mới, Chiến Liên quân/Game nặng ngon, Camera siêu nét - TN01S SSM",0,229000,Hồ Chí Minh,https://img.lazcdn.com/g/p/6b2f77be4d922a301bd98ceb5ed6f972.jpg_200x200q80.avif,i n tho i Realme 10 Ch nh h ng 8GB/256GB m i Chi n Li n qu n/Game n ng ngon Camera si u n t - TN01S Samsung M
https://www.lazada.vn/products/pdp-i3004950747.html,Honor X5b 4GB 64GB Chính hãng,0,2190000,Hà Nội,https://img.lazcdn.com/g/p/38199edb965a9c66f65da3e0f67c5283.jpg_200x200q80.avif,Honor X5b 4GB 64GB Ch nh h ng
https://www.lazada.vn/products/pdp-i3004151288.html,Điện thoại Samsung Galaxy M35 5G/256GB,18,7228694,Hồ Chí Minh,https://img.lazcdn.com/g/ff/kf/S38831ab71673489c9662262ea465f481T.jpg_200x200q80.avif,i n tho i Samsung Galaxy M35 5G/256GB
https://www.lazada.vn/products/pdp-i3003993320.html,"Điện thoại Samsung Galaxy A16 5G, Hàng chính hãng BH 12 tháng",12,5365000,Hà Nội,https://img.lazcdn.com/g/p/48abee1c6149f53dd1ee73e163592aab.jpg_200x200q80.avif,i n tho i Samsung Galaxy A16 5G H ng ch nh h ng BH 12 th ng
https://www.lazada.vn/products/pdp-i3003924375.html,"Điện thoại Samsung Galaxy A16 4G - Hàng chính hãng , bảo hành 12 tháng",26,3750000,Hà Nội,https://img.lazcdn.com/g/p/1420bdd32c8fc799cdf394d478ef1f41.jpg_200x200q80.avif,i n tho i Samsung Galaxy A16 4G - H ng ch nh h ng b o h nh 12 th ng
https://www.lazada.vn/products/pdp-i3003721636.html,điện thoại 0PPP0 A83 ram 6/128g 2sim có mở khóa khuôn mặt zin đẹp,56,611091,Hồ Chí Minh,https://img.lazcdn.com/g/p/85741354f30b2b865b09d0625476a35a.jpg_200x200q80.avif,i n tho i 0PPP0 A83 ram 6/128g 2sim c m kh a khu n m t zin p
https://www.lazada.vn/products/pdp-i3002669987.html,"Điện thoại thông minh POCO M6 (6+128GB | 8+256GB) | Màn hình FHD+ 6,79"" 90Hz | MediaTek Helio G91Ultra | Camera 108MP",23,3290000,Bình Dương,https://img.lazcdn.com/g/p/78efe75654cb67b46a2ad2faeef3954b.jpg_200x200q80.avif,i n tho i th ng minh POCO M6 6+128GB 8+256GB M n h nh FHD+ 6 79 90Hz MediaTek Helio G91Ultra Camera 108MP
https://www.lazada.vn/products/pdp-i3000013709.html,"Điện thoại Xiaomi Redmi Note 14 6GB | 128GB, Màn hình 6.67"" 120Hz -  MediaTek Helio G99-Ultra - 5500 mAh | BH 18 tháng",19,4450000,Hồ Chí Minh,https://img.lazcdn.com/g/p/5887c765a764920a803f6a27b88611c6.png_200x200q80.avif,i n tho i Xiaomi Redmi Note 14 6GB 128GB M n h nh 6 67 120Hz - MediaTek Helio G99-Ultra - 5500 mAh BH 18 th ng
https://www.lazada.vn/products/pdp-i2999241881.html,Điện thoại sam sung galaxy A32 5G (Hỗ trợ 5G) cũ còn mới 99% 128G6GB,0,3350000,Hồ Chí Minh,https://img.lazcdn.com/g/p/f40d093e0b5250633942aa09090eb9bf.jpg_200x200q80.avif,i n tho i sam sung galaxy A32 5G H tr 5G c c n m i 99 128G6GB
https://www.lazada.vn/products/pdp-i2999172284.html,Điện thoại Samsung Galaxy S10 Plus Ram 8GB/ Dung Lượng 128GB Vân tay Ok,0,2600000,Bạc Liêu,https://img.lazcdn.com/g/p/2807a9bed4ee26cddcd25e7533689595.jpg_200x200q80.avif,i n tho i Samsung Galaxy S10 Plus Ram 8GB/ Dung L ng 128GB V n tay Ok
https://www.lazada.vn/products/pdp-i2995218843.html,Điện thoại Xiaomi Redmi Note 12 Ram 8GB/128GB pin 5000 mAh máy chính hãng 2sim Vân tay Ok,0,2600000,Bạc Liêu,https://img.lazcdn.com/g/p/c72a9f2b185c14584df11333878c0d36.jpg_200x200q80.avif,i n tho i Xiaomi Redmi Note 12 Ram 8GB/128GB pin 5000 mAh m y ch nh h ng 2sim V n tay Ok
https://www.lazada.vn/products/pdp-i2995168878.html,Xiaomi Redmi note 12 Ram 8GB/128GB pin 5000 mAh máy chính hãng Vân tay Ok,0,2600000,Bạc Liêu,https://img.lazcdn.com/g/p/890c41af91e65cfa31a6fec5347e3820.jpg_200x200q80.avif,Xiaomi Redmi note 12 Ram 8GB/128GB pin 5000 mAh m y ch nh h ng V n tay Ok
https://www.lazada.vn/products/pdp-i2989475336.html,Điện thoại di động Samsung Galaxy S25 Ultra - Chính hãng,28,32980000,Hồ Chí Minh,https://img.lazcdn.com/g/p/4bd73482b24116f74e31c4e823aca631.png_200x200q80.avif,i n tho i di ng Samsung Galaxy S25 Ultra - Ch nh h ng
https://www.lazada.vn/products/pdp-i2988568034.html,Điện Thoại Xiaomi 14T 5G 12GB/512GB - Hàng Chính Hãng,11,12439000,Bến Tre,https://img.lazcdn.com/g/p/bb3af3d77f59b67c72849fc85fe9b38d.jpg_200x200q80.avif,i n Tho i Xiaomi 14T 5G 12GB/512GB - H ng Ch nh H ng
https://www.lazada.vn/products/pdp-i2987994391.html,Samsung Galaxy S25 12GB/256GB Chính Hãng,21,20550000,Hồ Chí Minh,https://img.lazcdn.com/g/p/6aac5cb13fa4462a86c74d85257310ba.jpg_200x200q80.avif,Samsung Galaxy S25 12GB/256GB Ch nh H ng
https://www.lazada.vn/products/pdp-i2986797464.html,Samsung Galaxy S25 Ultra 12GB/512GB Chính Hãng,17,33200000,Hồ Chí Minh,https://img.lazcdn.com/g/p/318dfea327de3affa217f849f580d9d9.jpg_200x200q80.avif,Samsung Galaxy S25 Ultra 12GB/512GB Ch nh H ng
https://www.lazada.vn/products/pdp-i2986275925.html,Samsung Galaxy S25 Ultra 12GB/256GB Chính Hãng,19,29900000,Hồ Chí Minh,https://img.lazcdn.com/g/p/da21db62175213ee8635a506faa3f1ce.jpg_200x200q80.avif,Samsung Galaxy S25 Ultra 12GB/256GB Ch nh H ng
https://www.lazada.vn/products/pdp-i2980721773.html,"Điện thoại Xiaomi Redmi Note 14 (6GB/128GB) - Hàng chính hãng - Màn hình AMOLED 6,67”, Full HD+, 120Hz, 1800nits, Bộ xử lý Helio G99-Ultra, Cảm biến vân tay trong màn hình, Chống nước và bụi IP54",14,4279000,Hồ Chí Minh,https://img.lazcdn.com/g/p/86efbc26fa0176f762c8a7ca6e73f2ba.jpg_200x200q80.avif,i n tho i Xiaomi Redmi Note 14 6GB/128GB - H ng ch nh h ng - M n h nh AMOLED 6 67 Full HD+ 120Hz 1800nits B x l Helio G99-Ultra C m bi n v n tay trong m n h nh Ch ng n c v b i IP54
https://www.lazada.vn/products/pdp-i2979197602.html,"ĐIỆN THOẠI SAMSUNG J6PLUS ĐỎ , ĐÃ QUA SỬ DỤNG , VỎ CŨ",0,590000,Đồng Nai,https://img.lazcdn.com/g/p/5986595566974ea3638264123f5d6224.jpg_200x200q80.avif,I N THO I Samsung J6PLUS QUA S D NG V C
https://www.lazada.vn/products/pdp-i2978122367.html,"điện thoại Samsung Galaxy A50s Chính Hãng 2sim ram 4G/64G, Cày Tiktok Zalo FB Youtube, chơi Liên Quân-Free Fire-PUBG mượt SSM",0,228000,Hồ Chí Minh,https://img.lazcdn.com/g/p/c856e4ac1664c246b51ceec3df3a91f8.jpg_200x200q80.avif,i n tho i Samsung Galaxy A50s Ch nh H ng 2sim ram 4G/64G C y Tiktok Zalo FB Youtube ch i Li n Qu n-Free Fire-PUBG m t Samsung M
https://www.lazada.vn/products/pdp-i2977989664.html,"[MEGA - SALE ĐẬM TỪ 20H 5.6] [MUA KÈM SẠC 45W GIÁ 149K Điện thoại Samsung Galaxy S25, Điện thoại AI, Tìm kiếm thông minh, Video camera đêm Nightography, Chip Snapdragon",0,22990000,Hồ Chí Minh,https://img.lazcdn.com/g/p/2475afb0e8fa8b8451706f46de197e65.jpg_200x200q80.avif,MEGA - SALE M T 20H 5 6 MUA K M S C 45W GI 149K i n tho i Samsung Galaxy S25 i n tho i AI T m ki m th ng minh Video camera m Nightography Chip Snapdragon
https://www.lazada.vn/products/pdp-i2977981604.html,"[MEGA - SALE ĐẬM TỪ 20H 5.6] [MUA KÈM SẠC 45W GIÁ 149K] Điện thoại Samsung Galaxy S25+, Điện thoại AI, Tìm kiếm thông minh, Video camera đêm Nightography, Chip Snapdragon",0,26990000,Bắc Ninh,https://img.lazcdn.com/g/p/e389a3ecebc41e4dc98cb4f4557268df.jpg_200x200q80.avif,MEGA - SALE M T 20H 5 6 MUA K M S C 45W GI 149K i n tho i Samsung Galaxy S25+ i n tho i AI T m ki m th ng minh Video camera m Nightography Chip Snapdragon
https://www.lazada.vn/products/pdp-i2977625246.html,Điện thoại  SAMSUNG Galaxy S25 Ultra 512GB - Độc quyền Online,16,31490000,Hồ Chí Minh,https://img.lazcdn.com/g/p/19d48bd7c1d33a79ed83395df15a4a25.png_200x200q80.avif,i n tho i Samsung Galaxy S25 Ultra 512GB - c quy n Online
https://www.lazada.vn/products/pdp-i2977593571.html,Điện thoại di động Xiaomi Redmi Note 14 6GB/128GB - Chính hãng,12,7010000,Hồ Chí Minh,https://img.lazcdn.com/g/p/d5090d955bbdce497cdc7cc729c0d41a.png_200x200q80.avif,i n tho i di ng Xiaomi Redmi Note 14 6GB/128GB - Ch nh h ng
https://www.lazada.vn/products/pdp-i2977517455.html,Điện thoại  SAMSUNG Galaxy S25 Ultra 256GB - Độc quyền Online,18,27990000,Hồ Chí Minh,https://img.lazcdn.com/g/p/ea538d2f81c006cafa30d13e4c0fb27c.png_200x200q80.avif,i n tho i Samsung Galaxy S25 Ultra 256GB - c quy n Online
https://www.lazada.vn/products/pdp-i2975941655.html,Samsung Galaxy A16 LTE 4GB/128GB Chính Hãng,39,4230000,Hồ Chí Minh,https://img.lazcdn.com/g/p/ccd9bb1b6cdcbfe40e5afa293d620c2c.jpg_200x200q80.avif,Samsung Galaxy A16 LTE 4GB/128GB Ch nh H ng
https://www.lazada.vn/products/pdp-i2974968475.html,"[ RẺ HỦY DIỆT ] điện thoại 4G Samsung Galaxy J8 2sim ram 3G/32G Chính Hãng, Chiến Game mượt, Chụp ảnh siêu đẹp - CMS",0,228000,Hồ Chí Minh,https://img.lazcdn.com/g/p/eae70d287bdad82da8f9be4e6fa2dba0.jpg_200x200q80.avif,R H Y DI T i n tho i 4G Samsung Galaxy J8 2sim ram 3G/32G Ch nh H ng Chi n Game m t Ch p nh si u p - CMS
https://www.lazada.vn/products/pdp-i2974757015.html,"[SALE- RẺ HỦY DIỆT ] Điện thoại giá rẻ Samsung Galaxy A71 2sim ram 8G/128G, Cấu hình Cao Chiến mọi Game mượt, Chụp ảnh đẹp, máy đủ màu.BSNT.N",0,1009000,Hồ Chí Minh,https://img.lazcdn.com/g/p/cc4e933ae7048f4e084c78bb7556813e.jpg_200x200q80.avif,SALE- R H Y DI T i n tho i gi r Samsung Galaxy A71 2sim ram 8G/128G C u h nh Cao Chi n m i Game m t Ch p nh p m y m u BSNT N
https://www.lazada.vn/products/pdp-i2974696442.html,"[ RẺ HỦY DIỆT ] điện thoại 4G Samsung Galaxy Note 9 ram 6G/128G Chính Hãng, Chiến Game mượt, Chụp ảnh siêu đẹp - Máy đủ máu, NCNC",37,999000,Hồ Chí Minh,https://img.lazcdn.com/g/p/14aaccf72b8966910256a74470f1958e.jpg_200x200q80.avif,R H Y DI T i n tho i 4G Samsung Galaxy Note 9 ram 6G/128G Ch nh H ng Chi n Game m t Ch p nh si u p - M y m u NCNC
https://www.lazada.vn/products/pdp-i2974655685.html,"[RẺ VÔ ĐỊCH] Điện thoại Samsung Note 9 -Samsung Galaxy Note 9 2sim ram 6G/128G, Cấu hình Cao Chiến mọi Game mượt, Chụp ảnh đẹp- BM79",33,267000,Hồ Chí Minh,https://img.lazcdn.com/g/p/d07b4f0060313a59404074904ad4deff.jpg_200x200q80.avif,R V CH i n tho i Samsung Note 9 -Samsung Galaxy Note 9 2sim ram 6G/128G C u h nh Cao Chi n m i Game m t Ch p nh p- BM79
https://www.lazada.vn/products/pdp-i2974336998.html,Điện Thoại Xiaomi Redmi Note 14 8/256Gb Quốc Tế Nguyên Seal - Chính Hãng Bảo hành 24 Tháng,18,4890000,Hà Nội,https://img.lazcdn.com/g/p/3bcea58a29a01ef565b30b6c991111ae.png_200x200q80.avif,i n Tho i Xiaomi Redmi Note 14 8/256Gb Qu c T Nguy n Seal - Ch nh H ng B o h nh 24 Th ng
https://www.lazada.vn/products/pdp-i2973984215.html,"Điện thoại giá rẻ Samsung Galaxy A71 2sim ram 8G/128G, Cấu hình Cao Chiến mọi Game mượt, Chụp ảnh đẹp, - BM1",37,999000,Hồ Chí Minh,https://img.lazcdn.com/g/p/e1ffde343f03629eb9c7579cc40bde67.jpg_200x200q80.avif,i n tho i gi r Samsung Galaxy A71 2sim ram 8G/128G C u h nh Cao Chi n m i Game m t Ch p nh p - BM1
https://www.lazada.vn/products/pdp-i2973297290.html,"Điện thoại thông minh POCO X7 Pro 5G (12+256GB) | Màn hình 6.67"" 120Hz AMOLED | D8400-Ultra | Camera 50MP OIS | Pin 6000mAh - Chính Hãng",2,8790000,Đà Nẵng,https://img.lazcdn.com/g/p/2c889567bef0266709b53d05244d8809.jpg_200x200q80.avif,i n tho i th ng minh POCO X7 Pro 5G 12+256GB M n h nh 6 67 120Hz AMOLED D8400-Ultra Camera 50MP OIS Pin 6000mAh - Ch nh H ng
https://www.lazada.vn/products/pdp-i2973296342.html,Điện thoại thông minh POCO X7 5G (8+256GB) | Màn hình 120Hz AMOLED Viền cong | D7300-Ultra | Camera chính 50MP OIS | IP68 - Chính Hãng,5,7090000,Đà Nẵng,https://img.lazcdn.com/g/p/a69ffb625242422c5ca34b33159fa4f1.jpg_200x200q80.avif,i n tho i th ng minh POCO X7 5G 8+256GB M n h nh 120Hz AMOLED Vi n cong D7300-Ultra Camera ch nh 50MP OIS IP68 - Ch nh H ng
https://www.lazada.vn/products/pdp-i2967101620.html,"Điện thoại HONOR X5b 4GB+64GB | Pin 5200mAh 90Hz | Màn hình 6.56"" | BH 13 Tháng Hàng Chính Hãng",4,2690000,Long An,https://img.lazcdn.com/g/p/1d720a80ac158ce4e7e187b0574a9243.png_200x200q80.avif,i n tho i HONOR X5b 4GB+64GB Pin 5200mAh 90Hz M n h nh 6 56 BH 13 Th ng H ng Ch nh H ng
https://www.lazada.vn/products/pdp-i2966270674.html,"Điện thoại Samsung Galaxy Note 10 Ram 8Gb/Rom256Gb Chính Hãng , Vân tay Ok",0,3000000,Bạc Liêu,https://img.lazcdn.com/g/p/04837cb5c36c045b85f0b99aa20ed64b.jpg_200x200q80.avif,i n tho i Samsung Galaxy Note 10 Ram 8Gb/Rom256Gb Ch nh H ng V n tay Ok
https://www.lazada.vn/products/pdp-i2964314110.html,Điện thoại asuz Zenfone 2 laze android 5.0,0,470000,Bến Tre,https://img.lazcdn.com/g/ff/kf/Sca5ff771b6044896bed508cf5273afbc3.jpg_200x200q80.avif,i n tho i asuz Zenfone 2 laze android 5 0
https://www.lazada.vn/products/pdp-i2964114540.html,Điện Thoại asus Zenfone 2 laze 5.0,0,550000,Bến Tre,https://img.lazcdn.com/g/ff/kf/Sdbb874360c3149e5abf33b1fff7642d3F.jpg_200x200q80.avif,i n Tho i asus Zenfone 2 laze 5 0
https://www.lazada.vn/products/pdp-i2963678316.html,đt thông minh giá rẻ Pin Lớn 6800mAh điện thoại rẻ đánh mọi gaming nặng chất đt giá rẻ chính hãng Hàng mới về  Điện thoại Giá mềm 7.3inch Mobilephone,44,1135545,Hà Nội,https://img.lazcdn.com/g/p/e3dd9d894abbeae6423549964fa80ce0.jpg_200x200q80.avif,t th ng minh gi r Pin L n 6800mAh i n tho i r nh m i gaming n ng ch t t gi r ch nh h ng H ng m i v i n tho i Gi m m 7 3inch Mobilephone
https://www.lazada.vn/products/pdp-i2960562893.html,Điện Thoại Xi_ao_mi Redmi 9A 2GB/32GB - Màn hình 6.53inch - Pin khủng5000mah,47,949000,Hồ Chí Minh,https://img.lazcdn.com/g/p/3a89a3d5e2148132d8f6f60eafd2de81.jpg_200x200q80.avif,i n Tho i Xi ao mi Redmi 9A 2GB/32GB - M n h nh 6 53inch - Pin kh ng5000mah
https://www.lazada.vn/products/pdp-i2959095913.html,Điện Thoại Samsung A06 4GB/64GB - Hàng Chính Hãng,26,2368000,Bến Tre,https://img.lazcdn.com/g/p/1515c8797c50a574e7c620df3e6bed0f.jpg_200x200q80.avif,i n Tho i Samsung A06 4GB/64GB - H ng Ch nh H ng
https://www.lazada.vn/products/pdp-i2957645261.html,"Điện thoại Samsung Galaxy M51 Ram 8G/128GB Pin 7000 mAh, Máy chính hãng, Vân tay ok",0,2850000,Bạc Liêu,https://img.lazcdn.com/g/p/2b9b8070b150f29a651ece82ea59579e.jpg_200x200q80.avif,i n tho i Samsung Galaxy M51 Ram 8G/128GB Pin 7000 mAh M y ch nh h ng V n tay ok
https://www.lazada.vn/products/pdp-i2957456128.html,Điện Thoại Di Động Samsung Galaxy A16 LTE 4GB 128GB,20,4090000,Hà Nội,https://img.lazcdn.com/g/p/310c2347d7f0e68fe75260377f487184.jpg_200x200q80.avif,i n Tho i Di ng Samsung Galaxy A16 LTE 4GB 128GB
https://www.lazada.vn/products/pdp-i2957436068.html,ĐIỆN THOẠI SAMSUNG S20 PLUS Ram 8G/128G Vân tay ok,0,3700000,Bạc Liêu,https://img.lazcdn.com/g/p/8fb79deaa45dbb0338fd7398703291c7.jpg_200x200q80.avif,I N THO I Samsung S20 PLUS Ram 8G/128G V n tay ok
https://www.lazada.vn/products/pdp-i2957430301.html,Điện thoại Samsung Galaxy S20 RAM 8GB/128GB Vân tay ok,0,3600000,Bạc Liêu,https://img.lazcdn.com/g/p/1205d84e3a064c1bf356f03adcd25735.png_200x200q80.avif,i n tho i Samsung Galaxy S20 RAM 8GB/128GB V n tay ok
https://www.lazada.vn/products/pdp-i2955881464.html,"Điện thoại thông minh POCO X7 Pro 5G (12+256GB) | Màn hình 6.67"" 120Hz AMOLED | D8400-Ultra | Camera 50MP OIS | Pin 6000mAh",0,9990000,Hồ Chí Minh,https://img.lazcdn.com/g/p/87e9abb3ca04e19ce7a79bd120c60074.jpg_200x200q80.avif,i n tho i th ng minh POCO X7 Pro 5G 12+256GB M n h nh 6 67 120Hz AMOLED D8400-Ultra Camera 50MP OIS Pin 6000mAh
https://www.lazada.vn/products/pdp-i2951004962.html,Điện thoại thông minh Redmi Note 14 (6+128GB) | Camera AI 108MP | MediaTek Helio G99-Ultra | Pin 5500mAh,0,4990000,Hồ Chí Minh,https://img.lazcdn.com/g/p/5fe9995cf2ebfc6fa39734d868148256.jpg_200x200q80.avif,i n tho i th ng minh Redmi Note 14 6+128GB Camera AI 108MP MediaTek Helio G99-Ultra Pin 5500mAh
https://www.lazada.vn/products/pdp-i2949443299.html,"[ RẺ HỦY DIỆT ] điện thoại 4G Samsung Galaxy Note 9 ram 6G/128G Chính Hãng, Chiến Game mượt, Chụp ảnh siêu đẹp - Máy đủ máu, NCBS",44,228000,Hồ Chí Minh,https://img.lazcdn.com/g/p/97e0bea43fccc71f19b3c91e21ac7948.jpg_200x200q80.avif,R H Y DI T i n tho i 4G Samsung Galaxy Note 9 ram 6G/128G Ch nh H ng Chi n Game m t Ch p nh si u p - M y m u NCBS
https://www.lazada.vn/products/pdp-i2949433358.html,"[RẺ VÔ ĐỊCH] Điện thoại Samsung Note 9 -Samsung Galaxy Note 9 2sim ram 6G/128G, Cấu hình Cao Chiến mọi Game mượt, Chụp ảnh đẹp- BM2BSPN",0,229000,Hồ Chí Minh,https://img.lazcdn.com/g/p/ec74ca64c2bdecddd36c71b0c6b43fdd.jpg_200x200q80.avif,R V CH i n tho i Samsung Note 9 -Samsung Galaxy Note 9 2sim ram 6G/128G C u h nh Cao Chi n m i Game m t Ch p nh p- BM2BSPN
https://www.lazada.vn/products/pdp-i2949425516.html,"[RẺ VÔ ĐỊCH] Điện thoại REALME 10 5G 2sim ram 8G/256G, Cấu hình Cao Chiến mọi Game mượt, Chụp ảnh đẹp, BSNT.PN",43,228000,Hồ Chí Minh,https://img.lazcdn.com/g/p/6b2f77be4d922a301bd98ceb5ed6f972.jpg_200x200q80.avif,R V CH i n tho i REALME 10 5G 2sim ram 8G/256G C u h nh Cao Chi n m i Game m t Ch p nh p BSNT PN
https://www.lazada.vn/products/pdp-i2949368619.html,"[Realme-Chính Hãng] Điện thoại REALME 10 5G 2sim ram 8G/256G, Cấu hình Cao Chiến mọi Game mượt, Chụp ảnh đẹp BMMSS2",43,228000,Hồ Chí Minh,https://img.lazcdn.com/g/p/1dca71e9a8dd1c6294d0561d2817556a.jpg_200x200q80.avif,Realme-Ch nh H ng i n tho i REALME 10 5G 2sim ram 8G/256G C u h nh Cao Chi n m i Game m t Ch p nh p BMMSamsung 2
https://www.lazada.vn/products/pdp-i2948802023.html,"Điện thoại Samsung Note 9 -Samsung Galaxy Note 9 2sim ram 6G/128G, Cấu hình Cao Chiến mọi Game mượt, Chụp ảnh đẹp, BSSM2",37,999000,Hồ Chí Minh,https://img.lazcdn.com/g/p/d07b4f0060313a59404074904ad4deff.jpg_200x200q80.avif,i n tho i Samsung Note 9 -Samsung Galaxy Note 9 2sim ram 6G/128G C u h nh Cao Chi n m i Game m t Ch p nh p BSamsung M2
https://www.lazada.vn/products/pdp-i2948663192.html,"[ RẺ HỦY DIỆT ] điện thoại 4G Samsung Galaxy S9 Plus ram 6G/64G Chính Hãng, Chiến Game mượt, Chụp ảnh siêu đẹp - BSNT.PN",0,229000,Hồ Chí Minh,https://img.lazcdn.com/g/p/c0323fb7c5c8c5df63489994f1e4e948.jpg_200x200q80.avif,R H Y DI T i n tho i 4G Samsung Galaxy S9 Plus ram 6G/64G Ch nh H ng Chi n Game m t Ch p nh si u p - BSNT PN
https://www.lazada.vn/products/pdp-i2948636120.html,"[RẺ KHÔNG TẢ] Điện thoại giá rẻ Samsung Galaxy M51 2sim ram 8G/128G, Cấu hình Cao Chiến mọi Game mượt, Chụp ảnh đẹp, - SSBM2",45,227000,Hồ Chí Minh,https://img.lazcdn.com/g/p/2b9b8070b150f29a651ece82ea59579e.jpg_200x200q80.avif,R KH NG T i n tho i gi r Samsung Galaxy M51 2sim ram 8G/128G C u h nh Cao Chi n m i Game m t Ch p nh p - Samsung BM2
https://www.lazada.vn/products/pdp-i2948538346.html,"[SALE- RẺ HỦY DIỆT ] Điện thoại giá rẻ Samsung Galaxy M51 2sim ram 8G/128G, Cấu hình Cao Chiến mọi Game mượt, Chụp ảnh đẹp, BSSM1M1",44,228000,Hồ Chí Minh,https://img.lazcdn.com/g/p/228ea86637b6bd54b4dff22bcf47ce82.jpg_200x200q80.avif,SALE- R H Y DI T i n tho i gi r Samsung Galaxy M51 2sim ram 8G/128G C u h nh Cao Chi n m i Game m t Ch p nh p BSamsung M1M1
https://www.lazada.vn/products/pdp-i2948525081.html,"[SALE GIÁ RẺ SỐC] Điện thoại Samsung Galaxy A71 2sim ram 8G/128G, Cấu hình Cao Chiến mọi Game mượt, Chụp ảnh đẹp, SSBM2",0,229000,Hồ Chí Minh,https://img.lazcdn.com/g/p/e1ffde343f03629eb9c7579cc40bde67.jpg_200x200q80.avif,SALE GI R S C i n tho i Samsung Galaxy A71 2sim ram 8G/128G C u h nh Cao Chi n m i Game m t Ch p nh p Samsung BM2
https://www.lazada.vn/products/pdp-i2948381041.html,"[ SALE -RẺ VÔ ĐỊCH ] Điện thoại 4G giá rẻ Samsung Galaxy A70 2sim ram 6G/128G, Cấu hình Cao Chiến mọi Game mượt, Chụp ảnh đẹp BMS",0,999000,Hồ Chí Minh,https://img.lazcdn.com/g/p/8bb9d0949b4a1553e59d53aff6d2803f.jpg_200x200q80.avif,SALE -R V CH i n tho i 4G gi r Samsung Galaxy A70 2sim ram 6G/128G C u h nh Cao Chi n m i Game m t Ch p nh p BMS
https://www.lazada.vn/products/pdp-i2948340881.html,"[RẺ VÔ ĐỊCH ] Điện thoại giá rẻ Samsung Galaxy M51 2sim ram 8G/128G, Cấu hình Cao Chiến mọi Game mượt, Chụp ảnh đẹp,  BSNT.PN",43,226000,Hồ Chí Minh,https://img.lazcdn.com/g/p/04daae27819b071dc0682ef927d3859d.jpg_200x200q80.avif,R V CH i n tho i gi r Samsung Galaxy M51 2sim ram 8G/128G C u h nh Cao Chi n m i Game m t Ch p nh p BSNT PN
https://www.lazada.vn/products/pdp-i2948336917.html,"[ SALE -RẺ VÔ ĐỊCH ] Điện thoại 4G giá rẻ cho học sinh Samsung Galaxy A6 Plus 2sim ram 4G/32G, Cấu hình Cao Chiến mọi Game mượt, Chụp ảnh đẹp, BSNT.PN",0,228000,Hồ Chí Minh,https://img.lazcdn.com/g/p/2e4a23729cb9884d5e338d9e3c85f00c.png_200x200q80.avif,SALE -R V CH i n tho i 4G gi r cho h c sinh Samsung Galaxy A6 Plus 2sim ram 4G/32G C u h nh Cao Chi n m i Game m t Ch p nh p BSNT PN
https://www.lazada.vn/products/pdp-i2948335940.html,"điện thoại 4G Samsung Galaxy S9 Plus ram 6G/64G Chính Hãng, Chiến Game mượt, Chụp ảnh siêu đẹp - BSPN",38,999000,Hồ Chí Minh,https://img.lazcdn.com/g/p/f68f93eb0295814b7093091529f39053.jpg_200x200q80.avif,i n tho i 4G Samsung Galaxy S9 Plus ram 6G/64G Ch nh H ng Chi n Game m t Ch p nh si u p - BSPN
https://www.lazada.vn/products/pdp-i2948335873.html,"[ Rẻ Vô Địch ] điện thoại Samsung Galaxy A7 (A750) 2sim ram 4G/64G máy Chính Hãng, Cấu hình Cao cấp, Chiến mọi game nặng siêu mượt, -PNBS",38,799000,Hồ Chí Minh,https://img.lazcdn.com/g/p/223ea7a8e13aefe37f5ea2555af60c7e.jpg_200x200q80.avif,R V ch i n tho i Samsung Galaxy A7 A750 2sim ram 4G/64G m y Ch nh H ng C u h nh Cao c p Chi n m i game n ng si u m t -PNBS
https://www.lazada.vn/products/pdp-i2948306991.html,Điện thoại Samsung Galaxy A06 - Hàng chính hãng,22,2500000,Hồ Chí Minh,https://img.lazcdn.com/g/p/d3623f42d38c466aa92a658b07a51ae9.png_200x200q80.avif,i n tho i Samsung Galaxy A06 - H ng ch nh h ng
https://www.lazada.vn/products/pdp-i2948296979.html,"[ RẺ HỦY DIỆT ] điện thoại 4G Samsung Galaxy A7 (A750) 2sim ram 4G/64G Chính Hãng, Chiến Game mượt, Chụp ảnh siêu đẹp -bsnt PN",43,228000,Hồ Chí Minh,https://img.lazcdn.com/g/p/9c50db32410076009a375cd2108b9da0.jpg_200x200q80.avif,R H Y DI T i n tho i 4G Samsung Galaxy A7 A750 2sim ram 4G/64G Ch nh H ng Chi n Game m t Ch p nh si u p -bsnt PN
https://www.lazada.vn/products/pdp-i2948267310.html,"Điện thoại 4G giá rẻ Samsung Galaxy A70 2sim ram 6G/128G, Cấu hình Cao Chiến mọi Game mượt, Chụp ảnh đẹp, BSNT",0,999000,Hồ Chí Minh,https://img.lazcdn.com/g/p/1c3f7d1a4c0d4f78db7225576880601d.jpg_200x200q80.avif,i n tho i 4G gi r Samsung Galaxy A70 2sim ram 6G/128G C u h nh Cao Chi n m i Game m t Ch p nh p BSNT
https://www.lazada.vn/products/pdp-i2948256348.html,"[ SALE -RẺ VÔ ĐỊCH ] Điện thoại 4G giá rẻ Samsung Galaxy A50s 2sim ram 4G/64G, Cấu hình Cao Chiến mọi Game mượt, Chụp ảnh đẹp,  BMM1",0,229000,Hồ Chí Minh,https://img.lazcdn.com/g/p/a2eeaedae8519a8c9cf0558eb1cd037b.jpg_200x200q80.avif,SALE -R V CH i n tho i 4G gi r Samsung Galaxy A50s 2sim ram 4G/64G C u h nh Cao Chi n m i Game m t Ch p nh p BMM1
https://www.lazada.vn/products/pdp-i2948248697.html,"[SALE- RẺ HỦY DIỆT ] Điện thoại giá rẻ Samsung Galaxy A71 2sim ram 8G/128G, Cấu hình Cao Chiến mọi Game mượt, Chụp ảnh đẹp, máy đủ màu -PNNTBS",0,999000,Hồ Chí Minh,https://img.lazcdn.com/g/p/e1ffde343f03629eb9c7579cc40bde67.jpg_200x200q80.avif,SALE- R H Y DI T i n tho i gi r Samsung Galaxy A71 2sim ram 8G/128G C u h nh Cao Chi n m i Game m t Ch p nh p m y m u -PNNTBS
https://www.lazada.vn/products/pdp-i2948243616.html,"Điện thoại Samsung Galaxy A71 2sim ram 8G/128G, Cấu hình Cao Chiến mọi Game mượt, Chụp ảnh đẹp,BMS2",0,229000,Hồ Chí Minh,https://img.lazcdn.com/g/p/cc4e933ae7048f4e084c78bb7556813e.jpg_200x200q80.avif,i n tho i Samsung Galaxy A71 2sim ram 8G/128G C u h nh Cao Chi n m i Game m t Ch p nh p BMS2
https://www.lazada.vn/products/pdp-i2948186807.html,"[RẺ GIÒN RỤM]Điện thoại Samsung Galaxy A71 2sim ram 8G/128G, Cấu hình Cao Chiến mọi Game mượt, Chụp ảnh đẹp,- BSSSM2",38,999000,Hồ Chí Minh,https://img.lazcdn.com/g/p/19440fc6a2db6766d937a94d6bbda5ae.jpg_200x200q80.avif,R GI N R M i n tho i Samsung Galaxy A71 2sim ram 8G/128G C u h nh Cao Chi n m i Game m t Ch p nh p - BSamsung SM2
https://www.lazada.vn/products/pdp-i2948148725.html,"Điện thoại 4G giá rẻ Samsung Galaxy A50s 2sim ram 4G/64G, Cấu hình Cao Chiến mọi Game mượt, Chụp ảnh đẹp,máy đủ màu- BSNT",20,799000,Hồ Chí Minh,https://img.lazcdn.com/g/p/c856e4ac1664c246b51ceec3df3a91f8.jpg_200x200q80.avif,i n tho i 4G gi r Samsung Galaxy A50s 2sim ram 4G/64G C u h nh Cao Chi n m i Game m t Ch p nh p m y m u- BSNT
https://www.lazada.vn/products/pdp-i2946997116.html,"[ SALE -RẺ VÔ ĐỊCH ] Điện thoại 4G giá rẻ Samsung Galaxy A51 2sim ram 6G/128G, Cấu hình Cao Chiến mọi Game mượt, Chụp ảnh đẹp,BMM1",0,999000,Hồ Chí Minh,https://img.lazcdn.com/g/p/ba80465ccbe70feb5e8d16f9b5a40d5c.jpg_200x200q80.avif,SALE -R V CH i n tho i 4G gi r Samsung Galaxy A51 2sim ram 6G/128G C u h nh Cao Chi n m i Game m t Ch p nh p BMM1
https://www.lazada.vn/products/pdp-i2946800775.html,"Điện thoại 4G giá rẻ Samsung Galaxy A51 2sim ram 6G/128G, Cấu hình Cao Chiến mọi Game mượt, Chụp ảnh đẹp, BSNTPN",0,999000,Hồ Chí Minh,https://img.lazcdn.com/g/p/abfd91b193e370cbfc843426ebd359fe.jpg_200x200q80.avif,i n tho i 4G gi r Samsung Galaxy A51 2sim ram 6G/128G C u h nh Cao Chi n m i Game m t Ch p nh p BSNTPN
https://www.lazada.vn/products/pdp-i2946737561.html,"[SALE- RẺ HỦY DIỆT ] Điện thoại 4G giá rẻ Samsung Galaxy A31 2sim ram 6G/128G, Cấu hình Cao Chiến mọi Game mượt, Chụp ảnh đẹp - BMM",0,999000,Hồ Chí Minh,https://img.lazcdn.com/g/p/9f0d716e57c9fcca46833faf8c252144.jpg_200x200q80.avif,SALE- R H Y DI T i n tho i 4G gi r Samsung Galaxy A31 2sim ram 6G/128G C u h nh Cao Chi n m i Game m t Ch p nh p - BMM
https://www.lazada.vn/products/pdp-i2946580298.html,"[SALE- RẺ HỦY DIỆT ] Điện thoại 4G giá rẻ Samsung Galaxy A31 2sim ram 6G/128G, Cấu hình Cao Chiến mọi Game mượt, Chụp ảnh đẹp - BSNT",0,999000,Hồ Chí Minh,https://img.lazcdn.com/g/p/33ae4d00302c0ca7a90b4e8297a7b979.jpg_200x200q80.avif,SALE- R H Y DI T i n tho i 4G gi r Samsung Galaxy A31 2sim ram 6G/128G C u h nh Cao Chi n m i Game m t Ch p nh p - BSNT
https://www.lazada.vn/products/pdp-i2946561788.html,"[ RẺ HỦY DIỆT ] điện thoại 4G Samsung Galaxy J8 2sim ram 3G/32G Chính Hãng, Chiến Game mượt, Chụp ảnh siêu đẹp - BSNT",43,227000,Hồ Chí Minh,https://img.lazcdn.com/g/p/eae70d287bdad82da8f9be4e6fa2dba0.jpg_200x200q80.avif,R H Y DI T i n tho i 4G Samsung Galaxy J8 2sim ram 3G/32G Ch nh H ng Chi n Game m t Ch p nh si u p - BSNT
https://www.lazada.vn/products/pdp-i2944455536.html,"Điện thoại HONOR X9c 5G 12GB + 256GB | Pin 6600mAh, Camera 108MP | Bảo hành 24 Tháng| Hàng Chính Hãng",20,9190000,Long An,https://img.lazcdn.com/g/p/0732db237bb8e62ce9e4a3d69a8f4533.png_200x200q80.avif,i n tho i HONOR X9c 5G 12GB + 256GB Pin 6600mAh Camera 108MP B o h nh 24 Th ng H ng Ch nh H ng
https://www.lazada.vn/products/pdp-i2944119941.html,Điện thoại Samsung S21 Fe 5G Likenew 99% chip Snapdragon 888 bản Mỹ  - Bảo Hành 6 Tháng lỗi 1 đổi 1,23,5390000,Hà Nội,https://img.lazcdn.com/g/p/bcb581ee0e673ff29dcc04af46ec760d.jpg_200x200q80.avif,i n tho i Samsung S21 Fe 5G Likenew 99 chip Snapdragon 888 b n M - B o H nh 6 Th ng l i 1 i 1
https://www.lazada.vn/products/pdp-i2941712177.html,Điện thoại Samsung Galaxy S24 8GB/ 512GB,36,16910600,Hồ Chí Minh,https://img.lazcdn.com/g/ff/kf/Sc4f5c50ced474399a549a5b73222a049Y.jpg_200x200q80.avif,i n tho i Samsung Galaxy S24 8GB/ 512GB
https://www.lazada.vn/products/pdp-i2941691943.html,"Điện thoại OnePlus 13 Chip Snapdragon 8 Elite, Ram 12/256GB, Pin 6000 mAh Likenew Fullbox. SONPIXEL",41,14750000,Hà Nội,https://img.lazcdn.com/g/p/0a65d89a105ceebc926aca924710593e.png_200x200q80.avif,i n tho i OnePlus 13 Chip Snapdragon 8 Elite Ram 12/256GB Pin 6000 mAh Likenew Fullbox SONPIXEL
https://www.lazada.vn/products/pdp-i2941566434.html,Điện thoại Samsung Galaxy S24 Ultra 12GB/512GB,35,24490000,Hồ Chí Minh,https://img.lazcdn.com/g/ff/kf/Sdbcb835659e849229a2edfaaa0dae13bl.jpg_200x200q80.avif,i n tho i Samsung Galaxy S24 Ultra 12GB/512GB
https://www.lazada.vn/products/pdp-i2939346908.html,"Điện thoại Samsung Galaxy Note 10 Plus ram 12G/256G, Cấu hình Cao Chiến mọi Game mượt, Chụp ảnh đẹp",0,3500000,Bạc Liêu,https://img.lazcdn.com/g/p/a87240a047c28db3e20d9df333e603df.jpg_200x200q80.avif,i n tho i Samsung Galaxy Note 10 Plus ram 12G/256G C u h nh Cao Chi n m i Game m t Ch p nh p
https://www.lazada.vn/products/pdp-i2938567756.html,"Điện thoại thông minh POCO X7 Pro 5G (8+256GB) | Màn hình 6.67"" 120Hz AMOLED | D8400-Ultra | Camera 50MP OIS | Pin 6000mAh",0,8990000,Hồ Chí Minh,https://img.lazcdn.com/g/p/39e6e72a9458eec270b421bb21915f15.jpg_200x200q80.avif,i n tho i th ng minh POCO X7 Pro 5G 8+256GB M n h nh 6 67 120Hz AMOLED D8400-Ultra Camera 50MP OIS Pin 6000mAh
https://www.lazada.vn/products/pdp-i2938546479.html,"Điện thoại Xiaomi Redmi Note 11 (6GB/128GB) chính hãng cấu hình cao chiến game siêu mượt, chụp ảnh siêu đẹp",0,2300000,Bạc Liêu,https://img.lazcdn.com/g/p/92c7a0e2c17109db8c1f2f134b1eb3c9.jpg_200x200q80.avif,i n tho i Xiaomi Redmi Note 11 6GB/128GB ch nh h ng c u h nh cao chi n game si u m t ch p nh si u p
https://www.lazada.vn/products/pdp-i2938536216.html,thanh lý giá điện thoại Màn hình FHD điện thoại giá học sinh Hỗ trợ 2 SIM bán với giá thấp 6.7inch điện thoại thông minh Sạc nhanh Cellphones,43,1188590,Hà Nội,https://img.lazcdn.com/g/p/e4787ba0a7f5da67ac0f4dd96930784c.jpg_200x200q80.avif,thanh l gi i n tho i M n h nh FHD i n tho i gi h c sinh H tr 2 SIM b n v i gi th p 6 7inch i n tho i th ng minh S c nhanh Cellphones
https://www.lazada.vn/products/pdp-i2938531847.html,Điện thoại thông minh POCO X7 5G (8+256GB) | Màn hình 120Hz AMOLED Viền cong | D7300-Ultra | Camera chính 50MP OIS | IP68,0,7290000,Hồ Chí Minh,https://img.lazcdn.com/g/p/879c8732800b39f4297f04e8082ece13.jpg_200x200q80.avif,i n tho i th ng minh POCO X7 5G 8+256GB M n h nh 120Hz AMOLED Vi n cong D7300-Ultra Camera ch nh 50MP OIS IP68
https://www.lazada.vn/products/pdp-i2938517480.html,Cấu hình mạnh đỉnh điện thoại cảm ứng Mạng 5G dien thoai Camera 108+72MP điện thoại rẻ Siêu CPU Nguyên bản mới bản Quốc tế Điện Thoại Thông Minh Bộ nhớ 16+1TB đt chính hãng mướt game điện thoại android Android điện,0,2392187,Hà Nội,https://img.lazcdn.com/g/p/d63fc00762620f9947a5b5615638352c.jpg_200x200q80.avif,C u h nh m nh nh i n tho i c m ng M ng 5G dien thoai Camera 108+72MP i n tho i r Si u CPU Nguy n b n m i b n Qu c t i n Tho i Th ng Minh B nh 16+1TB t ch nh h ng m t game i n tho i android Android i n
https://www.lazada.vn/products/pdp-i2938517332.html,Điện thoại giá tốt Samsung Galaxy Note 10 ram 8G/256G Cấu hình Cao Chiến mọi Game mượt Chụp ảnh đẹp - smartphone,0,3000000,Bạc Liêu,https://img.lazcdn.com/g/p/04837cb5c36c045b85f0b99aa20ed64b.jpg_200x200q80.avif,i n tho i gi t t Samsung Galaxy Note 10 ram 8G/256G C u h nh Cao Chi n m i Game m t Ch p nh p - smartphone
https://www.lazada.vn/products/pdp-i2938514195.html,Hỗ trợ 2 SIMdien thoai Camera 108+72MP điện thoại rẻ Siêu CPU Nguyên bản mới bản Quốc tế Điện Thoại Thông Minh đánh mọi gaming nặng chất điện thoại tồn kho Bộ nhớ 16+1TB đt chính hãng mướt game điện thoại android Cấu,45,1391713,Hà Nội,https://img.lazcdn.com/g/p/4f615d74a4261b971ab7babc097bbe33.jpg_200x200q80.avif,H tr 2 SIMdien thoai Camera 108+72MP i n tho i r Si u CPU Nguy n b n m i b n Qu c t i n Tho i Th ng Minh nh m i gaming n ng ch t i n tho i t n kho B nh 16+1TB t ch nh h ng m t game i n tho i android C u
https://www.lazada.vn/products/pdp-i2938483496.html,"Diện thoại giá tốt Samsung Galaxy A71 2sim ram 8G/128G Chính Hãng, Cày game siêu mượt - Smartphone",0,2400000,Bạc Liêu,https://img.lazcdn.com/g/p/673767ecdbfcb9308db1fabc9c9ccb68.jpg_200x200q80.avif,Di n tho i gi t t Samsung Galaxy A71 2sim ram 8G/128G Ch nh H ng C y game si u m t - Smartphone
https://www.lazada.vn/products/pdp-i2938481253.html,đien thoại giá rẻ nhất 7.3inch đt thông minh giá rẻ Hỗ trợ 2 SIM điện thoại rẻ cho học sinh Bộ nhớ 16+1TB Tiếng Việt Cấu hình mạnh đỉnh dt gia rẻ,45,1040780,Hà Nội,https://img.lazcdn.com/g/p/34e6b7b6f48d9729676926b55bde97a3.jpg_200x200q80.avif,ien tho i gi r nh t 7 3inch t th ng minh gi r H tr 2 SIM i n tho i r cho h c sinh B nh 16+1TB Ti ng Vi t C u h nh m nh nh dt gia r
https://www.lazada.vn/products/pdp-i2938407881.html,"Điện thoại oppo a73 5g nhật, màn 6.5 inch siêu to,ram 8GB ,Bộ nhớ 128GB chip 5g, pin 5000 mah",0,1570000,Hà Nội,https://img.lazcdn.com/g/p/719ca7b7bc00c6402f27a6d24c3370fd.jpg_200x200q80.avif,i n tho i OPPO a73 5g nh t m n 6 5 inch si u to ram 8GB B nh 128GB chip 5g pin 5000 mah
https://www.lazada.vn/products/pdp-i2938254300.html,"Điện thoại giá tốt Samsung Galaxy Note 10 Plus ram 12G/256G, Cấu hình Cao Chiến mọi Game mượt, Chụp ảnh đẹp",0,3400000,Bạc Liêu,https://img.lazcdn.com/g/p/a87240a047c28db3e20d9df333e603df.jpg_200x200q80.avif,i n tho i gi t t Samsung Galaxy Note 10 Plus ram 12G/256G C u h nh Cao Chi n m i Game m t Ch p nh p
https://www.lazada.vn/products/pdp-i2938230289.html,"Điện thoại giá tốt Samsung Galaxy Note 10 ram 8G/256G, Cấu hình Cao Chiến mọi Game mượt, Chụp ảnh đẹp - smartphone",0,3000000,Bạc Liêu,https://img.lazcdn.com/g/p/04837cb5c36c045b85f0b99aa20ed64b.jpg_200x200q80.avif,i n tho i gi t t Samsung Galaxy Note 10 ram 8G/256G C u h nh Cao Chi n m i Game m t Ch p nh p - smartphone
https://www.lazada.vn/products/pdp-i2938200056.html,"Điện thoại giá tốt Samsung Galaxy A30S Chính Hãng, 2sim ram 4G/64G, màn 6.4inch, Cày Game nặng đỉnh - smartphone",0,1600000,Bạc Liêu,https://img.lazcdn.com/g/p/9c87a795bff97bf98a1f2010807aa8ff.jpg_200x200q80.avif,i n tho i gi t t Samsung Galaxy A30S Ch nh H ng 2sim ram 4G/64G m n 6 4inch C y Game n ng nh - smartphone
https://www.lazada.vn/products/pdp-i2938176279.html,"Điện thoại Samsung Galaxy A70 máy 2sim ram 6G/128G Chính Hãng, lướt Web Tiktok Facebook Youtube , Camera mượt",0,2050000,Bạc Liêu,https://img.lazcdn.com/g/p/7d82003863bed9a502650568f214d21b.jpg_200x200q80.avif,i n tho i Samsung Galaxy A70 m y 2sim ram 6G/128G Ch nh H ng l t Web Tiktok Facebook Youtube Camera m t
https://www.lazada.vn/products/pdp-i2938169894.html,"Điện thoại Xiaomi Redmi Note 11 2sim ram 6G/128GB máy chính hãng cấu hình cao chơi game mượt, chụp ảnh siêu nét - smartphone",0,2300000,Bạc Liêu,https://img.lazcdn.com/g/p/336456506d5ddfed71f2d5ad2165cc73.jpg_200x200q80.avif,i n tho i Xiaomi Redmi Note 11 2sim ram 6G/128GB m y ch nh h ng c u h nh cao ch i game m t ch p nh si u n t - smartphone
https://www.lazada.vn/products/pdp-i2938097560.html,"Điện thoại Samsung Galaxy A50 2sim ram 4G/64G Chính Hãng, Màn hình 6.4inch, Chơi Game mượt - Smartphone",0,1600000,Bạc Liêu,https://img.lazcdn.com/g/p/97ea09e967ecf67fce6efcaedce83b86.jpg_200x200q80.avif,i n tho i Samsung Galaxy A50 2sim ram 4G/64G Ch nh H ng M n h nh 6 4inch Ch i Game m t - Smartphone
https://www.lazada.vn/products/pdp-i2938032856.html,"Điện thoại Samsung Galaxy A30 Chính Hãng 2sim ram 3G/32G, màn 6.4"",Camera sau: 16 MP &5 MP, Cày Game mượt",0,1250000,Bạc Liêu,https://img.lazcdn.com/g/p/b0be0f7b33fe70eaa2acae06ada71d8e.jpg_200x200q80.avif,i n tho i Samsung Galaxy A30 Ch nh H ng 2sim ram 3G/32G m n 6 4 Camera sau 16 MP 5 MP C y Game m t
https://www.lazada.vn/products/pdp-i2936481850.html,[MEGA - SALE ĐẬM TỪ 20H 5.6] [QUÀ QUẤN KÈM HÀNG] Điện thoại Samsung Galaxy A16 LTE (4GB/128GB),0,5090000,Hồ Chí Minh,https://img.lazcdn.com/g/p/341627263981d8bb485f4c643e7f46ac.jpg_200x200q80.avif,MEGA - SALE M T 20H 5 6 QU QU N K M H NG i n tho i Samsung Galaxy A16 LTE 4GB/128GB
https://www.lazada.vn/products/pdp-i2932738313.html,"Điện thoại Samsung A03s Ram 4G/64G cấu hình cao cày game nặng siêu , chụp ảnh đẹp - Smartphone",0,1800000,Bạc Liêu,https://img.lazcdn.com/g/p/194e7ab8ee9db5932a65f5f00be8c552.jpg_200x200q80.avif,i n tho i Samsung A03s Ram 4G/64G c u h nh cao c y game n ng si u ch p nh p - Smartphone
https://www.lazada.vn/products/pdp-i2932661295.html,"Điện thoại Samsung Galaxy A52 2sim ram 8G/128G Cấu hình mạnh, cày game nặng siêu mượt - Smartphone",0,2850000,Bạc Liêu,https://img.lazcdn.com/g/p/572bdf0ee8c2b333fa9766f4e81cb3dc.png_200x200q80.avif,i n tho i Samsung Galaxy A52 2sim ram 8G/128G C u h nh m nh c y game n ng si u m t - Smartphone
https://www.lazada.vn/products/pdp-i2932326049.html,"Điện thoại Samsung Galaxy Note 9 Ram 6G/128G  Camera đẹp, Cày game đỉnh - Smartphone",0,2900000,Bạc Liêu,https://img.lazcdn.com/g/p/7102ad0a2642cbbdef5e5016625a5b01.jpg_200x200q80.avif,i n tho i Samsung Galaxy Note 9 Ram 6G/128G Camera p C y game nh - Smartphone
https://www.lazada.vn/products/pdp-i2931006302.html,"Điện thoại Samsung Galaxy A51 RAM 6GB / 128GB chính hãng, siêu mượt , Camera đẹp - Smartphone",0,1900000,Bạc Liêu,https://img.lazcdn.com/g/p/0fcf8318d3bcb464c496983a67146734.jpg_200x200q80.avif,i n tho i Samsung Galaxy A51 RAM 6GB / 128GB ch nh h ng si u m t Camera p - Smartphone
https://www.lazada.vn/products/pdp-i2930947324.html,"Điện thoại chính hãng Samsung Galaxy A30S 2sim ram 4G/64G, Cày game siêu chất, Chụp ảnh đẹp - Smartphone",0,1600000,Bạc Liêu,https://img.lazcdn.com/g/p/9c87a795bff97bf98a1f2010807aa8ff.jpg_200x200q80.avif,i n tho i ch nh h ng Samsung Galaxy A30S 2sim ram 4G/64G C y game si u ch t Ch p nh p - Smartphone
https://www.lazada.vn/products/pdp-i2930873540.html,"Điện thoại thông minh Samsung Galaxy S9 Plus RAM 6G | 64G - Cấu hình mạnh mẽ, giá tốt - Smartphone",0,2350000,Bạc Liêu,https://img.lazcdn.com/g/p/427ead731cac17e281c286bed28565d3.jpg_200x200q80.avif,i n tho i th ng minh Samsung Galaxy S9 Plus RAM 6G 64G - C u h nh m nh m gi t t - Smartphone
https://www.lazada.vn/products/pdp-i2930842951.html,Điện thoại cảm ứng 4G giá tốt Samsung Galaxy A20 2Sim RAM 3G | 32G mới đẹp keng - Smartphone,0,1200000,Bạc Liêu,https://img.lazcdn.com/g/p/6346ad033aaed8df1cc523b17921d2af.png_200x200q80.avif,i n tho i c m ng 4G gi t t Samsung Galaxy A20 2Sim RAM 3G 32G m i p keng - Smartphone
https://www.lazada.vn/products/pdp-i2930827391.html,"Điện thoại thông minh Samsung A10 Chính Hãng, máy 2sim RAM 2G bộ nhớ 32G, máy êm đẹp keng",0,1150000,Bạc Liêu,https://img.lazcdn.com/g/p/c059090d2af95e0fe0487277daa06753.jpg_200x200q80.avif,i n tho i th ng minh Samsung A10 Ch nh H ng m y 2sim RAM 2G b nh 32G m y m p keng
https://www.lazada.vn/products/pdp-i2930764692.html,"Điện thoại giá tốt Samsung Galaxy A71 2sim ram 8G/128G Chính Hãng, Cày game siêu mượt - Smartphone",0,2400000,Bạc Liêu,https://img.lazcdn.com/g/p/673767ecdbfcb9308db1fabc9c9ccb68.jpg_200x200q80.avif,i n tho i gi t t Samsung Galaxy A71 2sim ram 8G/128G Ch nh H ng C y game si u m t - Smartphone
https://www.lazada.vn/products/pdp-i2930684855.html,"Điện thoại Samsung Galaxy A70 giá tốt RAM 6G | 128G, Màn 6.7""Full HD+ Camera sau: 32 MP & 8 MP, 5MP",0,2100000,Bạc Liêu,https://img.lazcdn.com/g/p/8ee6e1e7b948e8997dfc23f41a313056.jpg_200x200q80.avif,i n tho i Samsung Galaxy A70 gi t t RAM 6G 128G M n 6 7 Full HD+ Camera sau 32 MP 8 MP 5MP
https://www.lazada.vn/products/pdp-i2929738343.html,"SAMSUNG A750 MÁY ĐẸP KEENG RAM 4G/64G CẤU HÌNH SIÊU MƯỢT,MÁY ĐỦ MÀU.MS47",36,799000,Hồ Chí Minh,https://img.lazcdn.com/g/p/fb11c16dbdd4e8fb9e82975d3643a1f9.jpg_200x200q80.avif,Samsung A750 M Y P KEENG RAM 4G/64G C U H NH SI U M T M Y M U MS47
https://www.lazada.vn/products/pdp-i2929733516.html,"[Máy Chính Hãng ] Điện thoại giá rẻ Samsung Galaxy M51 2sim ram 8G/128G, Cấu hình Cao Chiến mọi Game mượt, Chụp ảnh đẹp - BMD2",44,228000,Hồ Chí Minh,https://img.lazcdn.com/g/p/77d6bb936b4761692404fc761c0b029d.jpg_200x200q80.avif,M y Ch nh H ng i n tho i gi r Samsung Galaxy M51 2sim ram 8G/128G C u h nh Cao Chi n m i Game m t Ch p nh p - BMD2
https://www.lazada.vn/products/pdp-i2929733159.html,"[ SALE -RẺ VÔ ĐỊCH ] Điện thoại 4G giá rẻ Samsung Galaxy A70 2sim ram 6G/128G, Cấu hình Cao Chiến mọi Game mượt, Chụp ảnh đẹp, máy nhiều màu MS47",0,229000,Hồ Chí Minh,https://img.lazcdn.com/g/p/76d8c56d4d88909d7991894a2e7df94a.jpg_200x200q80.avif,SALE -R V CH i n tho i 4G gi r Samsung Galaxy A70 2sim ram 6G/128G C u h nh Cao Chi n m i Game m t Ch p nh p m y nhi u m u MS47
https://www.lazada.vn/products/pdp-i2929714135.html,"[ SALE -RẺ VÔ ĐỊCH ] Điện thoại 4G giá rẻ Samsung Galaxy A51 2sim ram 6G/128G, Cấu hình Cao Chiến mọi Game mượt, Chụp ảnh đẹp, Máy nhiều màu,SMM",0,1009000,Hồ Chí Minh,https://img.lazcdn.com/g/p/25f1ba63b5498d8747457c0713578eb5.jpg_200x200q80.avif,SALE -R V CH i n tho i 4G gi r Samsung Galaxy A51 2sim ram 6G/128G C u h nh Cao Chi n m i Game m t Ch p nh p M y nhi u m u SMM
https://www.lazada.vn/products/pdp-i2929707543.html,"Điện thoại 4G giá rẻ Samsung Galaxy A50s 2sim ram 4G/64G, Cấu hình Cao Chiến mọi Game mượt, Chụp ảnh đẹp - BMSA",0,999000,Hồ Chí Minh,https://img.lazcdn.com/g/p/a2eeaedae8519a8c9cf0558eb1cd037b.jpg_200x200q80.avif,i n tho i 4G gi r Samsung Galaxy A50s 2sim ram 4G/64G C u h nh Cao Chi n m i Game m t Ch p nh p - BMSA
https://www.lazada.vn/products/pdp-i2929700236.html,"[SALE- RẺ HỦY DIỆT ] Điện thoại 4G giá rẻ Samsung Galaxy A70 2sim ram 6G/128G, Cấu hình Cao Chiến mọi Game mượt, Chụp ảnh đẹp - MS47..",0,999000,Hồ Chí Minh,https://img.lazcdn.com/g/p/8bb9d0949b4a1553e59d53aff6d2803f.jpg_200x200q80.avif,SALE- R H Y DI T i n tho i 4G gi r Samsung Galaxy A70 2sim ram 6G/128G C u h nh Cao Chi n m i Game m t Ch p nh p - MS47
https://www.lazada.vn/products/pdp-i2929695545.html,"[SALE- RẺ HỦY DIỆT ] Điện thoại 4G giá rẻ Samsung Galaxy A50s 2sim ram 4G/64G, Cấu hình Cao Chiến mọi Game mượt, Chụp ảnh đẹp, máy đủ màu ms47",0,229000,Hồ Chí Minh,https://img.lazcdn.com/g/p/dae617cc5c61978295cc388d702292c7.jpg_200x200q80.avif,SALE- R H Y DI T i n tho i 4G gi r Samsung Galaxy A50s 2sim ram 4G/64G C u h nh Cao Chi n m i Game m t Ch p nh p m y m u ms47
https://www.lazada.vn/products/pdp-i2929666424.html,"SALE- RẺ HỦY DIỆT ] Điện thoại 4G giá rẻ Samsung Galaxy A6 Plus 2sim ram 4G/32G, Cấu hình Cao Chiến mọi Game mượt, Chụp ảnh đẹp, Game mượt-BM1",0,229000,Hồ Chí Minh,https://img.lazcdn.com/g/p/e7e655e4021eed2e27d1ac0180713e59.jpg_200x200q80.avif,SALE- R H Y DI T i n tho i 4G gi r Samsung Galaxy A6 Plus 2sim ram 4G/32G C u h nh Cao Chi n m i Game m t Ch p nh p Game m t-BM1
https://www.lazada.vn/products/pdp-i2929627901.html,"[RẺ GIÒN RỤM]Điện thoại Samsung Galaxy A71 2sim ram 8G/128G, Cấu hình Cao Chiến mọi Game mượt, Chụp ảnh đẹp,- BSM2",0,999000,Hồ Chí Minh,https://img.lazcdn.com/g/p/e1ffde343f03629eb9c7579cc40bde67.jpg_200x200q80.avif,R GI N R M i n tho i Samsung Galaxy A71 2sim ram 8G/128G C u h nh Cao Chi n m i Game m t Ch p nh p - BSM2
https://www.lazada.vn/products/pdp-i2929445522.html,"Điện thoại 4G giá rẻ Samsung Galaxy A51 2sim ram 6G/128G, Cấu hình Cao Chiến mọi Game mượt, Chụp ảnh đẹp, - MSSM",0,2099000,Hồ Chí Minh,https://img.lazcdn.com/g/p/ba80465ccbe70feb5e8d16f9b5a40d5c.jpg_200x200q80.avif,i n tho i 4G gi r Samsung Galaxy A51 2sim ram 6G/128G C u h nh Cao Chi n m i Game m t Ch p nh p - MSamsung M
https://www.lazada.vn/products/pdp-i2929380697.html,"[SALE- RẺ HỦY DIỆT ] Điện thoại 4G giá rẻ Samsung Galaxy A31 2sim ram 6G/128G, Cấu hình Cao Chiến mọi Game mượt, Chụp ảnh đẹp, máy đủ màu- MSST",0,1799000,Hồ Chí Minh,https://img.lazcdn.com/g/p/a4fffa91cb5ffdca6d00c980a321f5e3.jpg_200x200q80.avif,SALE- R H Y DI T i n tho i 4G gi r Samsung Galaxy A31 2sim ram 6G/128G C u h nh Cao Chi n m i Game m t Ch p nh p m y m u- MSamsung T
https://www.lazada.vn/products/pdp-i2929366800.html,"Điện thoại 4G giá rẻ Samsung Galaxy A31 2sim ram 6G/128G, Cấu hình Cao Chiến mọi Game mượt, Chụp ảnh đẹp,  - SSM",14,1799000,Hồ Chí Minh,https://img.lazcdn.com/g/p/41bcf1e7dc87fd6651913bbdbdbc8691.jpg_200x200q80.avif,i n tho i 4G gi r Samsung Galaxy A31 2sim ram 6G/128G C u h nh Cao Chi n m i Game m t Ch p nh p - Samsung M
https://www.lazada.vn/products/pdp-i2928508908.html,Điện Thoại Samsung Galaxy A05 (6GB/128GB) -  Hàng chính hãng,11,4000000,Hồ Chí Minh,https://img.lazcdn.com/g/p/b2e06bf76b3df66e2920120cc776126a.jpg_200x200q80.avif,i n Tho i Samsung Galaxy A05 6GB/128GB - H ng ch nh h ng
https://www.lazada.vn/products/pdp-i2928389481.html,"Điện thoại Samsung Galaxy A16 5G (8GB/128GB) - Hàng chính hãng, Mới 100%, Bảo hành 12 tháng",0,6990000,Hồ Chí Minh,https://img.lazcdn.com/g/p/294df588e38ac90d01b31c9ccac0d9cd.png_200x200q80.avif,i n tho i Samsung Galaxy A16 5G 8GB/128GB - H ng ch nh h ng M i 100 B o h nh 12 th ng
https://www.lazada.vn/products/pdp-i2926976523.html,Sam Sung A32 4G,0,2700000,Hồ Chí Minh,https://img.lazcdn.com/g/p/e2de65b0d182dd883e00c018fd99d6af.jpg_200x200q80.avif,Sam Sung A32 4G
https://www.lazada.vn/products/pdp-i2925386019.html,Điện Thoại Samsung Galaxy Z Fold6 12GB/512GB-Hàng chính hãng,0,47990000,Hồ Chí Minh,https://img.lazcdn.com/g/p/a70ba1de2e068d39ee5a712c92037e74.jpg_200x200q80.avif,i n Tho i Samsung Galaxy Z Fold6 12GB/512GB-H ng ch nh h ng
https://www.lazada.vn/products/pdp-i2925383028.html,Điện Thoại Samsung Galaxy A05 (4GB/128GB) -  Hàng chính hãng,0,3090000,Hồ Chí Minh,https://img.lazcdn.com/g/p/b2e06bf76b3df66e2920120cc776126a.jpg_200x200q80.avif,i n Tho i Samsung Galaxy A05 4GB/128GB - H ng ch nh h ng
https://www.lazada.vn/products/pdp-i2925146941.html,Điện thoại Samsung Galaxy S24 Ultra 5G 256GB-Hàng chính hãng,0,33990000,Hồ Chí Minh,https://img.lazcdn.com/g/p/b7f84a4d760dc2c209fb2d3c7684f9a5.jpg_200x200q80.avif,i n tho i Samsung Galaxy S24 Ultra 5G 256GB-H ng ch nh h ng
https://www.lazada.vn/products/pdp-i2925058611.html,2024 New S24 Ultra điện thoại thông minh 7.3 inch Android 3G/4G/5G giá rẻ 12GB/512GB 8000mAh điện thoại rẻ cho học sinh Hai SIM Với bút,50,1598000,Hà Nội,https://img.lazcdn.com/g/p/b2c4ab0e25ef940a7cde8d7c8bfa498a.jpg_200x200q80.avif,2024 New S24 Ultra i n tho i th ng minh 7 3 inch Android 3G/4G/5G gi r 12GB/512GB 8000mAh i n tho i r cho h c sinh Hai SIM V i b t
https://www.lazada.vn/products/pdp-i2925008503.html,"Sale điện thoại 4G Samsung Galaxy J8 2sim ram 3G/32G Chính Hãng, Chiến Game mượt, Chụp ảnh siêu đẹp - BSPN",44,228000,Hồ Chí Minh,https://img.lazcdn.com/g/p/614d864ee2c335fb2fd2c964fc64f479.jpg_200x200q80.avif,Sale i n tho i 4G Samsung Galaxy J8 2sim ram 3G/32G Ch nh H ng Chi n Game m t Ch p nh si u p - BSPN
https://www.lazada.vn/products/pdp-i2924962517.html,"[ RẺ HỦY DIỆT ] điện thoại 4G Samsung Galaxy J8 2sim ram 3G/32G Chính Hãng, Chiến Game mượt, Chụp ảnh siêu đẹp - CMSMS",0,1009000,Hồ Chí Minh,https://img.lazcdn.com/g/p/eae70d287bdad82da8f9be4e6fa2dba0.jpg_200x200q80.avif,R H Y DI T i n tho i 4G Samsung Galaxy J8 2sim ram 3G/32G Ch nh H ng Chi n Game m t Ch p nh si u p - CMSMS
https://www.lazada.vn/products/pdp-i2924170173.html,"Điện thoại Xiaomi Poco C75 (6GB/128GB) - Hàng chính hãng - Màn hình IPS LCD 6.88 inch, độ phân giải 1640*720, tần số quét 120Hz, vi xử lý MediaTek Helio G81-Ultra mạnh mẽ, Pin 5000mAh, sạc nhanh 18W",14,2899000,Hồ Chí Minh,https://img.lazcdn.com/g/p/d9b90e351cc5c1ff2724e58649888b7d.jpg_200x200q80.avif,i n tho i Xiaomi Poco C75 6GB/128GB - H ng ch nh h ng - M n h nh IPS LCD 6 88 inch ph n gi i 1640 720 t n s qu t 120Hz vi x l MediaTek Helio G81-Ultra m nh m Pin 5000mAh s c nhanh 18W
https://www.lazada.vn/products/pdp-i2922082414.html,đt giá siêu rẻ S24 Ultra điện thoại di động Bộ nhớ 16+1TB đt giá siêu rẻ Hỗ trợ 2 SIM điện thoại chính hãng Pin Lớn 6800mAh đt giá rẻ cho học sinh Mới 100%,49,1043915,Hà Nội,https://img.lazcdn.com/g/p/f9e377c3400a89ea7351e4e83ed7eb4c.jpg_200x200q80.avif,t gi si u r S24 Ultra i n tho i di ng B nh 16+1TB t gi si u r H tr 2 SIM i n tho i ch nh h ng Pin L n 6800mAh t gi r cho h c sinh M i 100
https://www.lazada.vn/products/pdp-i2919939335.html,Điện thoại Samsung j7 pro-Ram3,0,1380000,Bến Tre,https://img.lazcdn.com/g/ff/kf/S02907e094e184772bee1abf9a934e4afv.jpg_200x200q80.avif,i n tho i Samsung j7 Pro -Ram3
https://www.lazada.vn/products/pdp-i2918975032.html,"[SALE- RẺ HỦY DIỆT ] Điện thoại 4G giá rẻ Samsung Galaxy A50s 2sim ram 4G/64G, Cấu hình Cao Chiến mọi Game mượt, Chụp ảnh đẹp, máy đủ màuSSMM",0,229000,Hồ Chí Minh,https://img.lazcdn.com/g/p/c856e4ac1664c246b51ceec3df3a91f8.jpg_200x200q80.avif,SALE- R H Y DI T i n tho i 4G gi r Samsung Galaxy A50s 2sim ram 4G/64G C u h nh Cao Chi n m i Game m t Ch p nh p m y m uSamsung MM
https://www.lazada.vn/products/pdp-i2918931527.html,"Điện thoại Samsung Galaxy A16 5G - Hàng chính hãng - Màn hình: Super AMOLED 6.7 inch, FHD+, 90Hz, Chip MediaTek Dimensity 6300 mạnh mẽ, Kháng nước và bụi IP54, Dung lượng pin 5000mAh, sạc nhanh 25W",13,5299000,Hồ Chí Minh,https://img.lazcdn.com/g/p/64845a77e21be4323f6227528ab268e4.jpg_200x200q80.avif,i n tho i Samsung Galaxy A16 5G - H ng ch nh h ng - M n h nh Super AMOLED 6 7 inch FHD+ 90Hz Chip MediaTek Dimensity 6300 m nh m Kh ng n c v b i IP54 Dung l ng pin 5000mAh s c nhanh 25W
https://www.lazada.vn/products/pdp-i2918902697.html,"Điện thoại Samsung Galaxy A16 5G - Hàng chính hãng - Màn hình: Super AMOLED 6.7 inch, FHD+, 90Hz, Chip MediaTek Dimensity 6300 mạnh mẽ, Kháng nước và bụi IP54, Dung lượng pin 5000mAh, sạc",10,5499000,Hồ Chí Minh,https://img.lazcdn.com/g/p/d65ae7dab7136211a22d2f36ebe147e7.jpg_200x200q80.avif,i n tho i Samsung Galaxy A16 5G - H ng ch nh h ng - M n h nh Super AMOLED 6 7 inch FHD+ 90Hz Chip MediaTek Dimensity 6300 m nh m Kh ng n c v b i IP54 Dung l ng pin 5000mAh s c
https://www.lazada.vn/products/pdp-i2918807294.html,"Điện thoại Samsung Galaxy S9 Plus 2sim ram 6G/64G, máy chính hãng, màn hình 6.2inch, Cày Game nặng mượt_MMSS",0,228000,Hồ Chí Minh,https://img.lazcdn.com/g/p/c0323fb7c5c8c5df63489994f1e4e948.jpg_200x200q80.avif,i n tho i Samsung Galaxy S9 Plus 2sim ram 6G/64G m y ch nh h ng m n h nh 6 2inch C y Game n ng m t MMSamsung
https://www.lazada.vn/products/pdp-i2918628133.html,"Điện thoại Samsung Galaxy A16 5G (8GB/128GB) - Hàng chính hãng - Màn hình: Super AMOLED 6.7 inch, FHD+, 90Hz, Chip MediaTek Dimensity 6300 mạnh mẽ, Kháng nước và bụi IP54, Dung lượng pin 5000mAh, sạc nhanh 25W",10,5499000,Hồ Chí Minh,https://img.lazcdn.com/g/p/dedb06fe8baffaf05e9f317242945d1d.jpg_200x200q80.avif,i n tho i Samsung Galaxy A16 5G 8GB/128GB - H ng ch nh h ng - M n h nh Super AMOLED 6 7 inch FHD+ 90Hz Chip MediaTek Dimensity 6300 m nh m Kh ng n c v b i IP54 Dung l ng pin 5000mAh s c nhanh 25W
https://www.lazada.vn/products/pdp-i2917431472.html,"Điện thoại giá rẻ Samsung Galaxy A71 2sim ram 8G/128G, Cấu hình Cao Chiến mọi Game mượt, Chụp ảnh đẹp, - BM1MS",44,228000,Hồ Chí Minh,https://img.lazcdn.com/g/p/e90f118a583b0a94b8d68a63ea03f6e4.jpg_200x200q80.avif,i n tho i gi r Samsung Galaxy A71 2sim ram 8G/128G C u h nh Cao Chi n m i Game m t Ch p nh p - BM1MS
https://www.lazada.vn/products/pdp-i2917404713.html,"điện thoại Samsung Galaxy A31 máy 2sim ram 6G/128G Chính Hãng, lướt Wed Tiktok Facebook Youtube chất_MBCC",38,999000,Hồ Chí Minh,https://img.lazcdn.com/g/p/a4fffa91cb5ffdca6d00c980a321f5e3.jpg_200x200q80.avif,i n tho i Samsung Galaxy A31 m y 2sim ram 6G/128G Ch nh H ng l t Wed Tiktok Facebook Youtube ch t MBCC
https://www.lazada.vn/products/pdp-i2917364447.html,"điện thoại Samsunq J3 Pro ram 2G bộ nhớ 16G bản 2 sim , máy đủ màu _ CCMS",43,228000,Hồ Chí Minh,https://img.lazcdn.com/g/p/2412a3abbb6dc7c6a33df5dbcca6b227.jpg_200x200q80.avif,i n tho i Samsunq J3 Pro ram 2G b nh 16G b n 2 sim m y m u CCMS
https://www.lazada.vn/products/pdp-i2917250615.html,"điện thoại Samsunq J7 prime 2sim ram 3G bộ nhớ trong 32GB nguyên zin đẹp keng ,Chơi Game Mượt _MS",15,849000,Hồ Chí Minh,https://img.lazcdn.com/g/p/63e970a26c6d1565ea92e586f7febcdf.jpg_200x200q80.avif,i n tho i Samsunq J7 prime 2sim ram 3G b nh trong 32GB nguy n zin p keng Ch i Game M t MS
https://www.lazada.vn/products/pdp-i2915008469.html,"Oukitel WP35 S Điện Thoại Chắc Chắn (RAM 24GB (6GB + 18GB),Rom 256GB,Pin 11000MAh,NFC , Camera Sau 48MP)",15,5495000,Hồ Chí Minh,https://img.lazcdn.com/g/p/3346b631499a7f7d47bec6b99fdaef51.png_200x200q80.avif,Oukitel WP35 S i n Tho i Ch c Ch n RAM 24GB 6GB + 18GB Rom 256GB Pin 11000MAh NFC Camera Sau 48MP
https://www.lazada.vn/products/pdp-i2914870041.html,Điện thoại Motorola Moto G Stylus 5G (2023) XT2315 - Snaρdragon 6 Gen 1 ram 6G 256G,2,2648000,Nghệ An,https://img.lazcdn.com/g/p/f96ee3c1f0a09687135578bd7651c646.jpg_200x200q80.avif,i n tho i Motorola Moto G Stylus 5G 2023 XT2315 - Sna dragon 6 Gen 1 ram 6G 256G
https://www.lazada.vn/products/pdp-i2911506161.html,điện thoại gia rẻ học sinh siêu mượt đt thông minh giá rẻ Android Mobile Mạng 5G Feature phones mướt game gaming phone đien thoại giá rẻ nhất,44,1119772,Hà Nội,https://img.lazcdn.com/g/p/d112c12e205095385196ee73e034399f.jpg_200x200q80.avif,i n tho i gia r h c sinh si u m t t th ng minh gi r Android Mobile M ng 5G Feature phones m t game gaming phone ien tho i gi r nh t
https://www.lazada.vn/products/pdp-i2911478487.html,Đt giá rẻ cho hs Màn hình FHD điện thoại rẻ nhất điện thoại gaming Hỗ trợ 2 SIM Mobilephone Bộ nhớ 16+1TB Bảo hành miễn phí đt giá rẻ cho học sinh,43,1191557,Hà Nội,https://img.lazcdn.com/g/p/8360d879453c6e48d62ddb63b826333f.jpg_200x200q80.avif,t gi r cho hs M n h nh FHD i n tho i r nh t i n tho i gaming H tr 2 SIM Mobilephone B nh 16+1TB B o h nh mi n ph t gi r cho h c sinh
https://www.lazada.vn/products/pdp-i2911214882.html,Mobilephone Camera 108+72MP điện thoại cảm ứng Bộ nhớ 16+1TB dt gia re Vi xử lý 10 nhân gaming phone Pin Lớn 6800mAh i15 pro max Android điện thoại màn hình to giá rẻ mướt game handphone Màn hình FHD điên thoại Sạc nha,49,1371202,Hà Nội,https://img.lazcdn.com/g/p/610c4646de2bc365bafb2738bdcee8cc.jpg_200x200q80.avif,Mobilephone Camera 108+72MP i n tho i c m ng B nh 16+1TB dt gia re Vi x l 10 nh n gaming phone Pin L n 6800mAh i15 Pro max Android i n tho i m n h nh to gi r m t game handphone M n h nh FHD i n tho i S c nha
https://www.lazada.vn/products/pdp-i2905024928.html,"&lt; GIẢM GIÁ RẺ &gt;  Điện thoại rẻ cho học sinh OP.PO A15s 2sim ram 8G/256G, Cấu hình Cao Chiến mọi Game mượt, Chụp ảnh đẹp, Bảo hành 12 tháng ,TẶNG SẠC CÁP ỐP LƯNG",48,1179000,Hồ Chí Minh,https://img.lazcdn.com/g/p/4190e45d6e7e612e9fdd76b954b28ce7.jpg_200x200q80.avif,lt GI M GI R gt i n tho i r cho h c sinh OP PO A15s 2sim ram 8G/256G C u h nh Cao Chi n m i Game m t Ch p nh p B o h nh 12 th ng T NG S C C P P L NG
https://www.lazada.vn/products/pdp-i2904229344.html,"&lt; TRỢ GIÁ RẺ &gt; Điện thoại chính hãng ( O P P O - .F11 ) Ram 8/256Gb ,Máy mới leng keng ,Cấu hình mạnh cân mọi game nặng ,lướt wed xem fim tiktok zalo fb thoải mái ,máy được bảo hành 12 tháng ,phụ kiện sạc cáp ốp lưng​",40,1179000,Hồ Chí Minh,https://img.lazcdn.com/g/p/faa9c8cb7f82d4523cb8d18b6c98be76.jpg_200x200q80.avif,lt TR GI R gt i n tho i ch nh h ng O P P O - F11 Ram 8/256Gb M y m i leng keng C u h nh m nh c n m i game n ng l t wed xem fim tiktok zalo fb tho i m i m y c b o h nh 12 th ng ph ki n s c c p p l ng
https://www.lazada.vn/products/pdp-i2903944546.html,Điện Thoại Samsung A16 5G 8GB/128GB - Hàng Chính Hãng,14,5218000,Bến Tre,https://img.lazcdn.com/g/p/e08d17134d7cee3333555db3b48fdb72.jpg_200x200q80.avif,i n Tho i Samsung A16 5G 8GB/128GB - H ng Ch nh H ng
https://www.lazada.vn/products/pdp-i2903858878.html,Điện Thoại Samsung A16 5G 8GB/128GB - Hàng Chính Hãng,10,5498000,Bến Tre,https://img.lazcdn.com/g/p/cf6e224d4ad4e8f37433da8494f957fc.jpg_200x200q80.avif,i n Tho i Samsung A16 5G 8GB/128GB - H ng Ch nh H ng
https://www.lazada.vn/products/pdp-i2897401851.html,Điện thoại iPhone 16 Pro Max 256GB/512GB/1TB - Hàng Chính Hãng [Futureworld-AAR],0,35350000,Hồ Chí Minh,https://img.lazcdn.com/g/p/131c48b8c038bcaa68a26bf6b4844203.png_200x200q80.avif,i n tho i iPhone 16 Pro Max 256GB/512GB/1TB - H ng Ch nh H ng Futureworld-AAR
https://www.lazada.vn/products/pdp-i2894606112.html,Samsung Galaxy A16 5G 8GB/128GB,0,6090000,Bình Dương,https://img.lazcdn.com/g/p/97d412cb2565b59c5d1878f20719bd6d.jpg_200x200q80.avif,Samsung Galaxy A16 5G 8GB/128GB
https://www.lazada.vn/products/pdp-i2890965086.html,Điện thoại Xiaomi Mi 11 Lite 5G Rom Quốc tế tiếng Việt - Snapdragon 780G ram 8G 128G MSMS,0,268000,Hồ Chí Minh,https://img.lazcdn.com/g/p/13cbd69c00e0b2ea1f6483240f9ff1b5.jpg_200x200q80.avif,i n tho i XiaoXiaomi 11 Lite 5G Rom Qu c t ti ng Vi t - Snapdragon 780G ram 8G 128G MSMS
https://www.lazada.vn/products/pdp-i2890882018.html,"điện thoại 4G Samsung Galaxy S9 Plus ram 6G/64G Chính Hãng, Chiến Game mượt, Chụp ảnh siêu đẹp - CMSS",0,999000,Hồ Chí Minh,https://img.lazcdn.com/g/p/014902173ea039259254e1c82f93bbeb.jpg_200x200q80.avif,i n tho i 4G Samsung Galaxy S9 Plus ram 6G/64G Ch nh H ng Chi n Game m t Ch p nh si u p - CMSamsung
https://www.lazada.vn/products/pdp-i2890874224.html,"SALE -RẺ VÔ ĐỊCH ] Điện thoại 4G giá rẻ Samsung Galaxy S10 Plus 2sim ram 8G/128G, Cấu hình Cao Chiến mọi Game mượt, Chụp ảnh đẹp - BSSM1",44,228000,Hồ Chí Minh,https://img.lazcdn.com/g/p/45b12c3725e8165d3a389a59ef416657.jpg_200x200q80.avif,SALE -R V CH i n tho i 4G gi r Samsung Galaxy S10 Plus 2sim ram 8G/128G C u h nh Cao Chi n m i Game m t Ch p nh p - BSamsung M1
https://www.lazada.vn/products/pdp-i2890866498.html,"Điện thoại Cảm ứng Cao Cấp Giá rẻ Xiaom 11 Lite 5G NE - điện thoại Xiaomi 11 Lite 5G NE 2sim ram 8G/128G máy Chính Hãng, lướt Wed Tiktok Facebook Youtube chất,máy đủ màu _PNGSS",43,228000,Hồ Chí Minh,https://img.lazcdn.com/g/p/dfbd584526f109bb45a0da3295c61627.jpg_200x200q80.avif,i n tho i C m ng Cao C p Gi r Xiaom 11 Lite 5G NE - i n tho i Xiaomi 11 Lite 5G NE 2sim ram 8G/128G m y Ch nh H ng l t Wed Tiktok Facebook Youtube ch t m y m u PNGSamsung
https://www.lazada.vn/products/pdp-i2890866174.html,"[ RẺ HỦY DIỆT ] điện thoại 4G Samsung Galaxy S7 Edge 2sim ram 4G/32G Chính Hãng, Chiến Game mượt, Chụp ảnh siêu đẹp - MSMS",33,267000,Hồ Chí Minh,https://img.lazcdn.com/g/p/96533d22d5d91a37788cdc3bdb0cdf19.jpg_200x200q80.avif,R H Y DI T i n tho i 4G Samsung Galaxy S7 Edge 2sim ram 4G/32G Ch nh H ng Chi n Game m t Ch p nh si u p - MSMS
https://www.lazada.vn/products/pdp-i2890864092.html,"[ RẺ VÔ ĐỊCH ] điện thoại 4G Samsung Galaxy S9 Plus ram 6G/64G Chính Hãng,Chiến Game mượt, Chụp ảnh siêu đẹp - PNBS1",0,229000,Hồ Chí Minh,https://img.lazcdn.com/g/p/0bdac77e34d7c554353c28af07fb8423.jpg_200x200q80.avif,R V CH i n tho i 4G Samsung Galaxy S9 Plus ram 6G/64G Ch nh H ng Chi n Game m t Ch p nh si u p - PNBS1
https://www.lazada.vn/products/pdp-i2890841288.html,"điện thoại 4G Samsung Galaxy Note 9 ram 6G/128G Chính Hãng, Chiến Game mượt, Chụp ảnh siêu đẹp -CMMF",0,268000,Hồ Chí Minh,https://img.lazcdn.com/g/p/11170aa4a12e455a61db8a63d24b73aa.jpg_200x200q80.avif,i n tho i 4G Samsung Galaxy Note 9 ram 6G/128G Ch nh H ng Chi n Game m t Ch p nh si u p -CMMF
https://www.lazada.vn/products/pdp-i2890686126.html,"Điện thoại 5G giá rẻ Samsung Galaxy S10 5G 2sim ram 8G/256G, Cấu hình Cao Chiến mọi Game mượt, Chụp ảnh đẹp, BSM",0,269000,Hồ Chí Minh,https://img.lazcdn.com/g/p/104ff8fe1d5d91043de35d7bb4c3a734.jpg_200x200q80.avif,i n tho i 5G gi r Samsung Galaxy S10 5G 2sim ram 8G/256G C u h nh Cao Chi n m i Game m t Ch p nh p BSM
https://www.lazada.vn/products/pdp-i2890575586.html,"Điện thoại 4G giá rẻ Samsung Galaxy A50s 2sim ram 4G/64G, Cấu hình Cao Chiến mọi Game mượt, Chụp ảnh đẹp,BSCMS",0,1348000,Hồ Chí Minh,https://img.lazcdn.com/g/p/dae617cc5c61978295cc388d702292c7.jpg_200x200q80.avif,i n tho i 4G gi r Samsung Galaxy A50s 2sim ram 4G/64G C u h nh Cao Chi n m i Game m t Ch p nh p BSCMS
https://www.lazada.vn/products/pdp-i2890546588.html,"[SALE- RẺ HỦY DIỆT ] Điện thoại 4G giá rẻ Samsung Galaxy A50s 2sim ram 4G/64G, Cấu hình Cao Chiến mọi Game mượt, Chụp ảnh đẹp, máy đủ màu",0,1349000,Hồ Chí Minh,https://img.lazcdn.com/g/p/dae617cc5c61978295cc388d702292c7.jpg_200x200q80.avif,SALE- R H Y DI T i n tho i 4G gi r Samsung Galaxy A50s 2sim ram 4G/64G C u h nh Cao Chi n m i Game m t Ch p nh p m y m u
https://www.lazada.vn/products/pdp-i2890515153.html,"Điện thoại giá rẻ Samsung Galaxy A71 2sim ram 8G/128G, Cấu hình Cao Chiến mọi Game mượt, Chụp ảnh đẹp, - BM2S",0,999000,Hồ Chí Minh,https://img.lazcdn.com/g/p/cc4e933ae7048f4e084c78bb7556813e.jpg_200x200q80.avif,i n tho i gi r Samsung Galaxy A71 2sim ram 8G/128G C u h nh Cao Chi n m i Game m t Ch p nh p - BM2S
https://www.lazada.vn/products/pdp-i2890513328.html,"Điện thoại 4G giá rẻ Samsung Galaxy A31 2sim ram 6G/128G, Cấu hình Cao Chiến mọi Game mượt, Chụp ảnh đẹp, máy đủ màu BSPN",0,228000,Hồ Chí Minh,https://img.lazcdn.com/g/p/a4fffa91cb5ffdca6d00c980a321f5e3.jpg_200x200q80.avif,i n tho i 4G gi r Samsung Galaxy A31 2sim ram 6G/128G C u h nh Cao Chi n m i Game m t Ch p nh p m y m u BSPN
https://www.lazada.vn/products/pdp-i2890491300.html,"[SALE- RẺ HỦY DIỆT ] Điện thoại 4G giá rẻ Samsung Galaxy A31 2sim ram 6G/128G, Cấu hình Cao Chiến mọi Game mượt, Chụp ảnh đẹp, máy đủ màu, CMMS",0,1799000,Hồ Chí Minh,https://img.lazcdn.com/g/p/5cf8085ce219d27fc428cd5e5253969f.jpg_200x200q80.avif,SALE- R H Y DI T i n tho i 4G gi r Samsung Galaxy A31 2sim ram 6G/128G C u h nh Cao Chi n m i Game m t Ch p nh p m y m u CMMS
https://www.lazada.vn/products/pdp-i2890491278.html,"[SALE- RẺ HỦY DIỆT ] Điện thoại giá rẻ Samsung Galaxy A71 2sim ram 8G/128G, Cấu hình Cao Chiến mọi Game mượt, Chụp ảnh đẹp -CMSS",0,269000,Hồ Chí Minh,https://img.lazcdn.com/g/p/e1ffde343f03629eb9c7579cc40bde67.jpg_200x200q80.avif,SALE- R H Y DI T i n tho i gi r Samsung Galaxy A71 2sim ram 8G/128G C u h nh Cao Chi n m i Game m t Ch p nh p -CMSamsung
https://www.lazada.vn/products/pdp-i2890472613.html,"Điện thoại 4G giá rẻ Samsung Galaxy A51 2sim ram 6G/128G, Cấu hình Cao Chiến mọi Game mượt, Chụp ảnh đẹp, máy đủ màu BSNT1",0,269000,Hồ Chí Minh,https://img.lazcdn.com/g/p/ba80465ccbe70feb5e8d16f9b5a40d5c.jpg_200x200q80.avif,i n tho i 4G gi r Samsung Galaxy A51 2sim ram 6G/128G C u h nh Cao Chi n m i Game m t Ch p nh p m y m u BSNT1
https://www.lazada.vn/products/pdp-i2890440846.html,"[SALE- RẺ HỦY DIỆT ] Điện thoại 4G giá rẻ Samsung Galaxy A70 2sim ram 6G/128G, Cấu hình Cao Chiến mọi Game mượt, Chụp ảnh đẹp,máy đủ màu CSM",0,1599000,Hồ Chí Minh,https://img.lazcdn.com/g/p/8bb9d0949b4a1553e59d53aff6d2803f.jpg_200x200q80.avif,SALE- R H Y DI T i n tho i 4G gi r Samsung Galaxy A70 2sim ram 6G/128G C u h nh Cao Chi n m i Game m t Ch p nh p m y m u CSM
https://www.lazada.vn/products/pdp-i2890356191.html,"[ RẺ NHƯ CHO ] iện thoại 4G Samsung Galaxy J8 2sim ram 3G/32G Chính Hãng, Chiến Game mượt, Chụp ảnh siêu đẹp -BSLN1",0,999000,Hồ Chí Minh,https://img.lazcdn.com/g/p/614d864ee2c335fb2fd2c964fc64f479.jpg_200x200q80.avif,R NH CHO i n tho i 4G Samsung Galaxy J8 2sim ram 3G/32G Ch nh H ng Chi n Game m t Ch p nh si u p -BSLN1
https://www.lazada.vn/products/pdp-i2890173775.html,"Sale điện thoại 4G Samsung Galaxy J8 2sim ram 3G/32G Chính Hãng, Chiến Game mượt, Chụp ảnh siêu đẹp - LNST01",43,228000,Hồ Chí Minh,https://img.lazcdn.com/g/p/89ec2e3bb60e92fff94334f0530bd04d.jpg_200x200q80.avif,Sale i n tho i 4G Samsung Galaxy J8 2sim ram 3G/32G Ch nh H ng Chi n Game m t Ch p nh si u p - LNST01
https://www.lazada.vn/products/pdp-i2885865695.html,điện thoại SS J3 Pro ram 2G bộ nhớ 16G bản 2 sim zin đẹp,49,549000,Hồ Chí Minh,https://img.lazcdn.com/g/p/571dbad61eadbc805402dd08627605c3.jpg_200x200q80.avif,i n tho i Samsung J3 Pro ram 2G b nh 16G b n 2 sim zin p
https://www.lazada.vn/products/pdp-i2885798949.html,điện thoại SS J5 Prime ram 2G bộ nhớ 16G bản 2 sim zin đẹp,57,460204,Hồ Chí Minh,https://img.lazcdn.com/g/p/6e4186c4d501ba581e176ccbaa9ebbf0.png_200x200q80.avif,i n tho i Samsung J5 Prime ram 2G b nh 16G b n 2 sim zin p
https://www.lazada.vn/products/pdp-i2881533173.html,"[ RẺ VÔ ĐỊCH ] điện thoại 4G Samsung Galaxy S7 Edge 2sim ram 4G/32G Chính Hãng Chiến Game mượt, Chụp ảnh siêu đẹp - máy đủ màu CMSS",26,227000,Hồ Chí Minh,https://img.lazcdn.com/g/p/96533d22d5d91a37788cdc3bdb0cdf19.jpg_200x200q80.avif,R V CH i n tho i 4G Samsung Galaxy S7 Edge 2sim ram 4G/32G Ch nh H ng Chi n Game m t Ch p nh si u p - m y m u CMSamsung
https://www.lazada.vn/products/pdp-i2881533105.html,"điện thoại 4G Samsung Galaxy S8 Plus ram 4G/64G Chính Hãng, Chiến Game mượt, Chụp ảnh siêu đẹp - CMSS",41,997000,Hồ Chí Minh,https://img.lazcdn.com/g/p/14842f749e438d88d816a60a1de12488.jpg_200x200q80.avif,i n tho i 4G Samsung Galaxy S8 Plus ram 4G/64G Ch nh H ng Chi n Game m t Ch p nh si u p - CMSamsung
https://www.lazada.vn/products/pdp-i2881520195.html,"[ RẺ VÔ ĐỊCH ] điện thoại 4G Samsung Galaxy S7 Edge ram 4G/32G Chính Hãng, Chiến Game mượt, Chụp ảnh siêu đẹp - BBCMS",43,228000,Hồ Chí Minh,https://img.lazcdn.com/g/p/b64dd683c4f42b362500bf45e0f2c215.jpg_200x200q80.avif,R V CH i n tho i 4G Samsung Galaxy S7 Edge ram 4G/32G Ch nh H ng Chi n Game m t Ch p nh si u p - BBCMS
https://www.lazada.vn/products/pdp-i2881473295.html,"[ RẺ HỦY DIỆT ] điện thoại 4G Samsung Galaxy S9 Plus ram 6G/64G Chính Hãng, Chiến Game mượt, Chụp ảnh siêu đẹp - MBMBS",0,229000,Hồ Chí Minh,https://img.lazcdn.com/g/p/f68f93eb0295814b7093091529f39053.jpg_200x200q80.avif,R H Y DI T i n tho i 4G Samsung Galaxy S9 Plus ram 6G/64G Ch nh H ng Chi n Game m t Ch p nh si u p - MBMBS
https://www.lazada.vn/products/pdp-i2881406496.html,"điện thoại 4G Samsung Galaxy S9 Plus ram 6G/64G Chính Hãng, Chiến Game mượt, Chụp ảnh siêu đẹp - BSM1",41,998000,Hồ Chí Minh,https://img.lazcdn.com/g/p/0bdac77e34d7c554353c28af07fb8423.jpg_200x200q80.avif,i n tho i 4G Samsung Galaxy S9 Plus ram 6G/64G Ch nh H ng Chi n Game m t Ch p nh si u p - BSM1
https://www.lazada.vn/products/pdp-i2881362624.html,"[ RẺ HỦY DIỆT ] điện thoại 4G Samsung Galaxy S9 Plus ram 6G/64G Chính Hãng, Chiến Game mượt, Chụp ảnh siêu đẹp - CMS1",0,229000,Hồ Chí Minh,https://img.lazcdn.com/g/p/473e0625a9a29ca997e0c8c9136b2a3e.jpg_200x200q80.avif,R H Y DI T i n tho i 4G Samsung Galaxy S9 Plus ram 6G/64G Ch nh H ng Chi n Game m t Ch p nh si u p - CMS1
https://www.lazada.vn/products/pdp-i2881337774.html,"[ RẺ HỦY DIỆT ] điện thoại 4G Samsung Galaxy S8 Plus ram 4G/64G Chính Hãng,Chiến Game mượt, Chụp ảnh siêu đẹp - Máy đủ màu MBMB",43,228000,Hồ Chí Minh,https://img.lazcdn.com/g/p/3a954e60bdd2b0a597d54f4fe86a5fa5.jpg_200x200q80.avif,R H Y DI T i n tho i 4G Samsung Galaxy S8 Plus ram 4G/64G Ch nh H ng Chi n Game m t Ch p nh si u p - M y m u MBMB
https://www.lazada.vn/products/pdp-i2881330474.html,"[ SALE -RẺ VÔ ĐỊCH ] điện thoại 4G Samsung Galaxy S7 Edge , Chiến Game mượt, Chụp ảnh siêu đẹp - NCMSSS",46,228000,Hồ Chí Minh,https://img.lazcdn.com/g/p/df99e91024d8beaf87295761b3543c3e.jpg_200x200q80.avif,SALE -R V CH i n tho i 4G Samsung Galaxy S7 Edge Chi n Game m t Ch p nh si u p - NCMSamsung S
https://www.lazada.vn/products/pdp-i2881268987.html,"điện thoại 4G Samsung Galaxy S9 Plus ram 6G/64G Chính Hãng,Chiến Game mượt, Chụp ảnh siêu đẹp - Máy đủ màu -MSCC1",41,999000,Hồ Chí Minh,https://img.lazcdn.com/g/p/2d5824aaac9c7f7f9577d9b8d982185d.jpg_200x200q80.avif,i n tho i 4G Samsung Galaxy S9 Plus ram 6G/64G Ch nh H ng Chi n Game m t Ch p nh si u p - M y m u -MSCC1
https://www.lazada.vn/products/pdp-i2880862317.html,"[ RẺ VÔ ĐỊCH ] điện thoại 4G Samsung Galaxy Note 9 ram 6G/128G Chính Hãng,  Chiến Game mượt, Chụp ảnh siêu đẹp - BBMB",49,219000,Hồ Chí Minh,https://img.lazcdn.com/g/p/d07b4f0060313a59404074904ad4deff.jpg_200x200q80.avif,R V CH i n tho i 4G Samsung Galaxy Note 9 ram 6G/128G Ch nh H ng Chi n Game m t Ch p nh si u p - BBMB
https://www.lazada.vn/products/pdp-i2880831624.html,"điện thoại 4G Samsung Galaxy Note 10 Lite ram 6G/128G Chính Hãng, Chiến Game mượt, Chụp ảnh siêu đẹp - MBMS",41,998000,Hồ Chí Minh,https://img.lazcdn.com/g/p/efffd41d33540f01b10eb28b4a84a294.jpg_200x200q80.avif,i n tho i 4G Samsung Galaxy Note 10 Lite ram 6G/128G Ch nh H ng Chi n Game m t Ch p nh si u p - MBMS
https://www.lazada.vn/products/pdp-i2880774722.html,"[SALE- RẺ HỦY DIỆT ] Điện thoại 5G giá rẻ Samsung Galaxy Note 10 5G 2sim ram 12G/256G, Cấu hình Cao Chiến mọi Game mượt, Chụp ảnh đẹp- BMMS",41,999000,Hồ Chí Minh,https://img.lazcdn.com/g/p/28f873d61d03428afe8c774e50bc7455.jpg_200x200q80.avif,SALE- R H Y DI T i n tho i 5G gi r Samsung Galaxy Note 10 5G 2sim ram 12G/256G C u h nh Cao Chi n m i Game m t Ch p nh p- BMMS
https://www.lazada.vn/products/pdp-i2880770777.html,"[ SALE -RẺ VÔ ĐỊCH ] Điện thoại 5G giá rẻ Samsung Galaxy Note 10 5G 2sim ram 12G/256G, Cấu hình Cao Chiến mọi Game mượt, Chụp ảnh đẹp, - BMMS",45,227000,Hồ Chí Minh,https://img.lazcdn.com/g/p/a80e68915c7d504fedea8df7e592ab22.jpg_200x200q80.avif,SALE -R V CH i n tho i 5G gi r Samsung Galaxy Note 10 5G 2sim ram 12G/256G C u h nh Cao Chi n m i Game m t Ch p nh p - BMMS
https://www.lazada.vn/products/pdp-i2880763715.html,"[ RẺ HỦY DIỆT ] điện thoại 4G Samsung Galaxy Note 9 ram 6G/128G Chính Hãng, Chiến Game mượt, Chụp ảnh siêu đẹp - CMS",37,1139000,Hồ Chí Minh,https://img.lazcdn.com/g/p/1cd3cf94df0c1f759c36e5a02fac0e6b.jpg_200x200q80.avif,R H Y DI T i n tho i 4G Samsung Galaxy Note 9 ram 6G/128G Ch nh H ng Chi n Game m t Ch p nh si u p - CMS
https://www.lazada.vn/products/pdp-i2880758085.html,"điện thoại 4G Samsung Galaxy J8 2sim ram 3G/32G Chính Hãng, Chiến Game mượt, Chụp ảnh siêu đẹp - MBB",0,999000,Hồ Chí Minh,https://img.lazcdn.com/g/p/eae70d287bdad82da8f9be4e6fa2dba0.jpg_200x200q80.avif,i n tho i 4G Samsung Galaxy J8 2sim ram 3G/32G Ch nh H ng Chi n Game m t Ch p nh si u p - MBB
https://www.lazada.vn/products/pdp-i2880636715.html,"[ RẺ HỦY DIỆT ] điện thoại 4G Samsung Galaxy J8 2sim ram 3G/32G Chính Hãng, Chiến Game mượt, Chụp ảnh siêu đẹp - CMSSS",16,799000,Hồ Chí Minh,https://img.lazcdn.com/g/p/1e2d125833c3382cf3abdcff834d6cc0.jpg_200x200q80.avif,R H Y DI T i n tho i 4G Samsung Galaxy J8 2sim ram 3G/32G Ch nh H ng Chi n Game m t Ch p nh si u p - CMSamsung S
https://www.lazada.vn/products/pdp-i2880131373.html,Điện thoại Xiaomi Mi 11 Lite 5G Ram 8GB bộ nhớ 128GB chính hãng full chức năng_MBMS,44,228000,Hồ Chí Minh,https://img.lazcdn.com/g/p/b80a2fb6a3805e8217b44b4e0154fc56.jpg_200x200q80.avif,i n tho i XiaoXiaomi 11 Lite 5G Ram 8GB b nh 128GB ch nh h ng full ch c n ng MBMS
https://www.lazada.vn/products/pdp-i2879945455.html,"Điện thoại OPPO A3X 5G (6GB/128GB) Mediatek Dimensity 6300,màn hình 6.67"" 120Hz ,rom tiếng việt- Hàng nhập khẩu",19,3249000,Nghệ An,https://img.lazcdn.com/g/p/574d51315df6a445840ae9bfe7ebb400.jpg_200x200q80.avif,i n tho i OPPO A3X 5G 6GB/128GB Mediatek Dimensity 6300 m n h nh 6 67 120Hz rom ti ng vi t- H ng nh p kh u
https://www.lazada.vn/products/pdp-i2879921936.html,"điện thoại Xiaomi Redmi Note 10 2sim ram 6G/128G Chính hãng, cấu hình khủng Cân game mượt - CMS",42,1049000,Hồ Chí Minh,https://img.lazcdn.com/g/p/f70e12540111588e284a786de00c3338.jpg_200x200q80.avif,i n tho i Xiaomi Redmi Note 10 2sim ram 6G/128G Ch nh h ng c u h nh kh ng C n game m t - CMS
https://www.lazada.vn/products/pdp-i2873922176.html,Điện thoại Motorola Moto G Stylus 5G (XT2215) màn 6.8 inch 120Hz - Snaρdragon 695 5G,17,1898000,Nghệ An,https://img.lazcdn.com/g/p/2c2f46586cfde2cb52cb83b3971a851c.jpg_200x200q80.avif,i n tho i Motorola Moto G Stylus 5G XT2215 m n 6 8 inch 120Hz - Sna dragon 695 5G
https://www.lazada.vn/products/pdp-i2873029080.html,Sony Z3 Nhật đã qua sử dụng có 4G,0,390000,Bắc Giang,https://img.lazcdn.com/g/ff/kf/Se5a3e8feb6cb4df9bc0860c24b1fd03a5.jpg_200x200q80.avif,Sony Z3 Nh t qua s d ng c 4G
https://www.lazada.vn/products/pdp-i2869211698.html,Samsung Galaxy Tab S10 Ultra Wi-Fi Chính Hãng 12GB/256GB Chính Hãng,20,25600000,Hà Nội,https://img.lazcdn.com/g/p/696a9cab324731ae6c74c5a7aaffe896.jpg_200x200q80.avif,Samsung Galaxy Tab S10 Ultra Wi-Fi Ch nh H ng 12GB/256GB Ch nh H ng
https://www.lazada.vn/products/pdp-i2868413246.html,Điện Thoại Samsung Galaxy J5 Prime (2GB/16GB) Đã Sử Dụng,50,800000,Sóc Trăng,https://img.lazcdn.com/g/p/39ec411ca037dbed8f4633c00114fe85.png_200x200q80.avif,i n Tho i Samsung Galaxy J5 Prime 2GB/16GB S D ng
https://www.lazada.vn/products/pdp-i2866773285.html,"[MÁY PHỤ SIÊU RẺ] điện thoại Realme 5 Pro ram 8/256G 2sim Chính Hãng, Cày Game siêu chất- TN03",0,227000,Hồ Chí Minh,https://img.lazcdn.com/g/p/4805d3ca3a37a83c55537182991f90bb.jpg_200x200q80.avif,M Y PH SI U R i n tho i Realme 5 Pro ram 8/256G 2sim Ch nh H ng C y Game si u ch t- TN03
https://www.lazada.vn/products/pdp-i2866749288.html,"điện thoại Realme 5 Pro ram 8G/256G 2sim Chính Hãng, Camera sau: Chính 48 MP & Phụ 8 MP, 2 MP, 2 MP, màn 6.3'' máy nhiều màu_CMS",15,799000,Hồ Chí Minh,https://img.lazcdn.com/g/p/a420e52b49670ad841089dae22a85691.jpg_200x200q80.avif,i n tho i Realme 5 Pro ram 8G/256G 2sim Ch nh H ng Camera sau Ch nh 48 MP Ph 8 MP 2 MP 2 MP m n 6 3 m y nhi u m u CMS
https://www.lazada.vn/products/pdp-i2866714415.html,"điện thoại Realme 5 Pro 2sim Chính Hãng ram 8G/256G, Màn hình:IPS LCD, 6.3"", Full HD+, CPU: Snapdragon 712 8 nhân GGS1",20,799000,Hồ Chí Minh,https://img.lazcdn.com/g/p/61d17ed44e9755c1dadc37032e540624.jpg_200x200q80.avif,i n tho i Realme 5 Pro 2sim Ch nh H ng ram 8G/256G M n h nh IPS LCD 6 3 Full HD+ CPU Snapdragon 712 8 nh n GGS1
https://www.lazada.vn/products/pdp-i2866541320.html,"Điện thoại cao cấp quốc tế 2 sim mạng 4G Nokia 7 Có NFC Snap 630, bản 4/64G máy dùng lướt trên 95% full box",0,1150000,Hà Nội,https://img.lazcdn.com/g/p/2db76e103014d0a26d2b33b85f3abffc.jpg_200x200q80.avif,i n tho i cao c p qu c t 2 sim m ng 4G Nokia 7 C NFC Snap 630 b n 4/64G m y d ng l t tr n 95 full box
https://www.lazada.vn/products/pdp-i2866365145.html,điện thoại 4G Samsung máy mới Chính Hãng Bảo hành 12 Tháng Chiến Game mượt Chụp ảnh siêu đẹp - BB1,37,939000,Quảng Ngãi,https://img.lazcdn.com/g/p/55e013d831c9248e5102543c08b84168.jpg_200x200q80.avif,i n tho i 4G Samsung m y m i Ch nh H ng B o h nh 12 Th ng Chi n Game m t Ch p nh si u p - BB1
https://www.lazada.vn/products/pdp-i2866175784.html,[TẶNG CỦ SẠC-QUÀ GIAO KÈM HÀNG] Điện thoại Samsung Galaxy A05 4GB/128GB,3,950000,Quảng Ngãi,https://img.lazcdn.com/g/p/415b51dd0721c7b11f5427e3e157f96e.jpg_200x200q80.avif,T NG C S C-QU GIAO K M H NG i n tho i Samsung Galaxy A05 4GB/128GB
https://www.lazada.vn/products/pdp-i2864847362.html,điện thoại Samsunq J3 Pro ram 2G bộ nhớ 16G bản 2 sim,49,549000,Hồ Chí Minh,https://img.lazcdn.com/g/p/9f835d69f93686865c300f4454c09bd8.jpg_200x200q80.avif,i n tho i Samsunq J3 Pro ram 2G b nh 16G b n 2 sim
https://www.lazada.vn/products/pdp-i2863122183.html,Điện thoại Samsung Galaxy A06- Hàng chính hãng BH 12 tháng,28,2310000,Hà Nội,https://img.lazcdn.com/g/p/3fba8798605b2d2909efc4bbf0c9af8b.jpg_200x200q80.avif,i n tho i Samsung Galaxy A06- H ng ch nh h ng BH 12 th ng
https://www.lazada.vn/products/pdp-i2862634746.html,,45,690000,Hồ Chí Minh,https://img.lazcdn.com/g/p/33264b1f1acf7da01b0c5620f1d0cc73.jpg_200x200q80.avif,nan
https://www.lazada.vn/products/pdp-i2862610880.html,"Điện thoại giá rẻ OPPPO A83 2sim ram 6G/128G máy Chính Hãng, Cấu hình Cao khủng, Chiến mọi game nặng siêu mượt, Bảo hành 12 tháng, tặng sạc cáp ốp lưng",44,698000,Hồ Chí Minh,https://img.lazcdn.com/g/p/36ab81969a92bd59414a173c6be27411.jpg_200x200q80.avif,i n tho i gi r OPPPO A83 2sim ram 6G/128G m y Ch nh H ng C u h nh Cao kh ng Chi n m i game n ng si u m t B o h nh 12 th ng t ng s c c p p l ng
https://www.lazada.vn/products/pdp-i2862589612.html,"""điện thoại giá rẻ Samsung galaxy j7 prime 2sim ram 2G/16G Chính Hãng, Cày Game nặng siêu mượt, full mọi chức năng ,tặng sạc cáp ốp lưng ,bảo hành 12 tháng",46,562000,Hồ Chí Minh,https://img.lazcdn.com/g/p/b357fb1a9a574112352f2041998e8e87.jpg_200x200q80.avif,i n tho i gi r Samsung galaxy j7 prime 2sim ram 2G/16G Ch nh H ng C y Game n ng si u m t full m i ch c n ng t ng s c c p p l ng b o h nh 12 th ng
https://www.lazada.vn/products/pdp-i2862520896.html,"Điện thoại giá rẻ chữa cháy giá rẻ cho học sinh ,sinh viên , Samsung Galaxy J7 Prime 2sim ram 2G/16G Chính Hãng, Bảo hành 12 Tháng, Cảm ứng mượt lướt Wed Zalo FB Youtube chất",46,568000,Hồ Chí Minh,https://img.lazcdn.com/g/p/8c850eb25d125e3c88e0e086bd0c1738.jpg_200x200q80.avif,i n tho i gi r ch a ch y gi r cho h c sinh sinh vi n Samsung Galaxy J7 Prime 2sim ram 2G/16G Ch nh H ng B o h nh 12 Th ng C m ng m t l t Wed Zalo FB Youtube ch t
https://www.lazada.vn/products/pdp-i2862408970.html,điện thoại Samsunq J5 Prime ram 2G bộ nhớ 16G sài siêu bền,49,549000,Hồ Chí Minh,https://img.lazcdn.com/g/p/cd1cfeaecfd1f9d165fd99254e57e3b3.jpg_200x200q80.avif,i n tho i Samsunq J5 Prime ram 2G b nh 16G s i si u b n
https://www.lazada.vn/products/pdp-i2860081507.html,"điện thoại Chính Hãng Realme V30 5G 2sim ram 8/256G,Cày Game nặng đỉnh, Camera siêu đẹp,SSMB3",0,227000,Hồ Chí Minh,https://img.lazcdn.com/g/p/a17d4f37c23855c6f94b1fdcebcded33.jpg_200x200q80.avif,i n tho i Ch nh H ng Realme V30 5G 2sim ram 8/256G C y Game n ng nh Camera si u p Samsung MB3
https://www.lazada.vn/products/pdp-i2859974016.html,Samsung Galaxy A70 máy 2sim ram 6G/128G Chính Hãng Cày Game nặng chất - Bảo hành 12 Tháng- TN03,49,859000,Quảng Ngãi,https://img.lazcdn.com/g/p/3e82107c58dd190d5fc3692b4e43b211.jpg_200x200q80.avif,Samsung Galaxy A70 m y 2sim ram 6G/128G Ch nh H ng C y Game n ng ch t - B o h nh 12 Th ng- TN03
https://www.lazada.vn/products/pdp-i2859462542.html,"[ SALE -RẺ VÔ ĐỊCH ] Điện thoại giá rẻ Samsung Galaxy M51 2sim ram 8G/128G, Cấu hình Cao Chiến mọi Game mượt, Chụp ảnh đẹp, g -máy đủ màu LNBSCK",48,217000,Hồ Chí Minh,https://img.lazcdn.com/g/p/2b9b8070b150f29a651ece82ea59579e.jpg_200x200q80.avif,SALE -R V CH i n tho i gi r Samsung Galaxy M51 2sim ram 8G/128G C u h nh Cao Chi n m i Game m t Ch p nh p g -m y m u LNBSCK
https://www.lazada.vn/products/pdp-i2859458153.html,"[ SALE -RẺ VÔ ĐỊCH ] Điện thoại 4G giá rẻ cho học sinh Samsung Galaxy A6 Plus 2sim ram 4G/32G, Cấu hình Cao Chiến mọi Game mượt, Chụp ảnh đẹp, BSM1",38,999000,Hồ Chí Minh,https://img.lazcdn.com/g/p/507733c6c48fa103746ad5cedb064172.jpg_200x200q80.avif,SALE -R V CH i n tho i 4G gi r cho h c sinh Samsung Galaxy A6 Plus 2sim ram 4G/32G C u h nh Cao Chi n m i Game m t Ch p nh p BSM1
https://www.lazada.vn/products/pdp-i2859368747.html,"Điện thoại 4G giá rẻ cho học sinh Samsung Galaxy A6 Plus 2sim ram 4G/32G, Cấu hình Cao Chiến mọi Game mượt, Chụp ảnh đẹp, -LNBS",20,799000,Hồ Chí Minh,https://img.lazcdn.com/g/p/e7e655e4021eed2e27d1ac0180713e59.jpg_200x200q80.avif,i n tho i 4G gi r cho h c sinh Samsung Galaxy A6 Plus 2sim ram 4G/32G C u h nh Cao Chi n m i Game m t Ch p nh p -LNBS
https://www.lazada.vn/products/pdp-i2858862036.html,"[ RẺ HỦY DIỆT ] điện thoại 4G Samsung Galaxy J7 Pro 2sim ram 3G/32G Chính Hãng, , Chiến Game mượt, Chụp ảnh siêu đẹp - BMS",0,229000,Hồ Chí Minh,https://img.lazcdn.com/g/p/2301c645f2442591492d9eabf7d54ef1.jpg_200x200q80.avif,R H Y DI T i n tho i 4G Samsung Galaxy J7 Pro 2sim ram 3G/32G Ch nh H ng Chi n Game m t Ch p nh si u p - BMS
https://www.lazada.vn/products/pdp-i2858847116.html,"iện thoại 4G Samsung Galaxy J7 Pro 2sim ram 3G/32G Chính Hãng, , Chiến Game mượt, Chụp ảnh siêu đẹp - BSNT",0,227000,Hồ Chí Minh,https://img.lazcdn.com/g/p/2301c645f2442591492d9eabf7d54ef1.jpg_200x200q80.avif,i n tho i 4G Samsung Galaxy J7 Pro 2sim ram 3G/32G Ch nh H ng Chi n Game m t Ch p nh si u p - BSNT
https://www.lazada.vn/products/pdp-i2858822152.html,"điện thoại 4G Samsung Galaxy A7 (A750) 2sim ram 4G/64G Chính Hãng,Chiến Game mượt, Chụp ảnh siêu đẹp - BBM",0,1299000,Hồ Chí Minh,https://img.lazcdn.com/g/p/f9c01c4aa0714916e9760731d9f7d7fe.jpg_200x200q80.avif,i n tho i 4G Samsung Galaxy A7 A750 2sim ram 4G/64G Ch nh H ng Chi n Game m t Ch p nh si u p - BBM
https://www.lazada.vn/products/pdp-i2858782075.html,"Điện thoại 4G giá rẻ Samsung Galaxy A31 2sim ram 6G/128G, Cấu hình Cao Chiến mọi Game mượt, Chụp ảnh đẹp,  - BMm",0,1009000,Hồ Chí Minh,https://img.lazcdn.com/g/p/41bcf1e7dc87fd6651913bbdbdbc8691.jpg_200x200q80.avif,i n tho i 4G gi r Samsung Galaxy A31 2sim ram 6G/128G C u h nh Cao Chi n m i Game m t Ch p nh p - BMm
https://www.lazada.vn/products/pdp-i2858697503.html,"Điện thoại giá rẻ Samsung Galaxy A71 2sim ram 8G/128G, Cấu hình Cao Chiến mọi Game mượt, Chụp ảnh đẹp, - BM1SS",38,998000,Hồ Chí Minh,https://img.lazcdn.com/g/p/19440fc6a2db6766d937a94d6bbda5ae.jpg_200x200q80.avif,i n tho i gi r Samsung Galaxy A71 2sim ram 8G/128G C u h nh Cao Chi n m i Game m t Ch p nh p - BM1Samsung
https://www.lazada.vn/products/pdp-i2858668397.html,"Điện thoại 4G giá rẻ Samsung Galaxy A50s 2sim ram 4G/64G, Cấu hình Cao Chiến mọi Game mượt, Chụp ảnh đẹp,máy đủ màu- BM",38,999000,Hồ Chí Minh,https://img.lazcdn.com/g/p/a2eeaedae8519a8c9cf0558eb1cd037b.jpg_200x200q80.avif,i n tho i 4G gi r Samsung Galaxy A50s 2sim ram 4G/64G C u h nh Cao Chi n m i Game m t Ch p nh p m y m u- BM
https://www.lazada.vn/products/pdp-i2858662767.html,"[ RẺ HỦY DIỆT ] điện thoại 4G Samsung Galaxy A7 (A750) 2sim ram 4G/64G Chính Hãng, Chiến Game mượt, Chụp ảnh siêu đẹp -LNBS",0,999000,Hồ Chí Minh,https://img.lazcdn.com/g/p/f3031472395863aa0baa0d9d37546ecb.jpg_200x200q80.avif,R H Y DI T i n tho i 4G Samsung Galaxy A7 A750 2sim ram 4G/64G Ch nh H ng Chi n Game m t Ch p nh si u p -LNBS
https://www.lazada.vn/products/pdp-i2858638798.html,"[SALE- RẺ HỦY DIỆT ] Điện thoại giá rẻ Samsung Galaxy A71 2sim ram 8G/128G, Cấu hình Cao Chiến mọi Game mượt, Chụp ảnh đẹp, máy đủ màu -PNNT",41,998000,Hồ Chí Minh,https://img.lazcdn.com/g/p/e90f118a583b0a94b8d68a63ea03f6e4.jpg_200x200q80.avif,SALE- R H Y DI T i n tho i gi r Samsung Galaxy A71 2sim ram 8G/128G C u h nh Cao Chi n m i Game m t Ch p nh p m y m u -PNNT
https://www.lazada.vn/products/pdp-i2858618788.html,"[ SALE -RẺ VÔ ĐỊCH ] Điện thoại 4G giá rẻ Samsung Galaxy A51 2sim ram 6G/128G, Cấu hình Cao Chiến mọi Game mượt, Chụp ảnh đẹp, BMSM",41,997000,Hồ Chí Minh,https://img.lazcdn.com/g/p/abfd91b193e370cbfc843426ebd359fe.jpg_200x200q80.avif,SALE -R V CH i n tho i 4G gi r Samsung Galaxy A51 2sim ram 6G/128G C u h nh Cao Chi n m i Game m t Ch p nh p BMSM
https://www.lazada.vn/products/pdp-i2858595930.html,"Điện thoại 4G giá rẻ Samsung Galaxy A51 2sim ram 6G/128G, Cấu hình Cao Chiến mọi Game mượt, Chụp ảnh đẹp - BMS",0,1009000,Hồ Chí Minh,https://img.lazcdn.com/g/p/25f1ba63b5498d8747457c0713578eb5.jpg_200x200q80.avif,i n tho i 4G gi r Samsung Galaxy A51 2sim ram 6G/128G C u h nh Cao Chi n m i Game m t Ch p nh p - BMS
https://www.lazada.vn/products/pdp-i2858594746.html,"[SALE- RẺ HỦY DIỆT ] Điện thoại 4G giá rẻ Samsung Galaxy A50s 2sim ram 4G/64G, Cấu hình Cao Chiến mọi Game mượt, Chụp ảnh đẹp, BSNT",38,999000,Hồ Chí Minh,https://img.lazcdn.com/g/p/dae617cc5c61978295cc388d702292c7.jpg_200x200q80.avif,SALE- R H Y DI T i n tho i 4G gi r Samsung Galaxy A50s 2sim ram 4G/64G C u h nh Cao Chi n m i Game m t Ch p nh p BSNT
https://www.lazada.vn/products/pdp-i2858568898.html,"điện thoại Samsung Galaxy A31 máy 2sim ram 6G/128G Chính Hãng, lướt Wed Tiktok Facebook Youtube chất_BSNT",16,1798000,Hồ Chí Minh,https://img.lazcdn.com/g/p/a4fffa91cb5ffdca6d00c980a321f5e3.jpg_200x200q80.avif,i n tho i Samsung Galaxy A31 m y 2sim ram 6G/128G Ch nh H ng l t Wed Tiktok Facebook Youtube ch t BSNT
https://www.lazada.vn/products/pdp-i2858561203.html,"[SALE- RẺ HỦY DIỆT ] Điện thoại 4G giá rẻ Samsung Galaxy A70 2sim ram 6G/128G, Cấu hình Cao Chiến mọi Game mượt, Chụp ảnh đẹp, Máy đủ màu - BM1",28,999000,Hồ Chí Minh,https://img.lazcdn.com/g/p/8bb9d0949b4a1553e59d53aff6d2803f.jpg_200x200q80.avif,SALE- R H Y DI T i n tho i 4G gi r Samsung Galaxy A70 2sim ram 6G/128G C u h nh Cao Chi n m i Game m t Ch p nh p M y m u - BM1
https://www.lazada.vn/products/pdp-i2858542362.html,"Điện thoại 4G giá rẻ Samsung Galaxy A70 2sim ram 6G/128G, Cấu hình Cao Chiến mọi Game mượt, Chụp ảnh đẹp, - MSMB",38,998000,Hồ Chí Minh,https://img.lazcdn.com/g/p/76d8c56d4d88909d7991894a2e7df94a.jpg_200x200q80.avif,i n tho i 4G gi r Samsung Galaxy A70 2sim ram 6G/128G C u h nh Cao Chi n m i Game m t Ch p nh p - MSMB
https://www.lazada.vn/products/pdp-i2858276262.html,"điện thoại 4G Samsung Galaxy J8 2sim ram 3G/32G Chính Hãng Chiến Game mượt, Chụp ảnh siêu đẹp - BSMB",33,999000,Hồ Chí Minh,https://img.lazcdn.com/g/p/eae70d287bdad82da8f9be4e6fa2dba0.jpg_200x200q80.avif,i n tho i 4G Samsung Galaxy J8 2sim ram 3G/32G Ch nh H ng Chi n Game m t Ch p nh si u p - BSMB
https://www.lazada.vn/products/pdp-i2858055949.html,"[ RẺ HỦY DIỆT ] điện thoại 4G Samsung Galaxy J8 2sim ram 3G/32G Chính Hãng, Chiến Game mượt, Chụp ảnh siêu đẹp - Máy đủ màuBB1",43,228000,Hồ Chí Minh,https://img.lazcdn.com/g/p/2073b7b3c7e6a93b680a1fcda199bb54.jpg_200x200q80.avif,R H Y DI T i n tho i 4G Samsung Galaxy J8 2sim ram 3G/32G Ch nh H ng Chi n Game m t Ch p nh si u p - M y m uBB1
https://www.lazada.vn/products/pdp-i2855859281.html,(Chính Hãng) điện thoại OPPPO A31 (2020) -(O P P O A31 (2020)) 2sim ram 8G/256G máy Chính Hãng Cấu hình Cao khủng Chiến mọi game nặng siêu mượt Bảo hành 12 tháng- BN3,0,1500000,Quảng Ngãi,https://img.lazcdn.com/g/p/27f38439384772bc94c98b44cf2bf435.jpg_200x200q80.avif,Ch nh H ng i n tho i OPPPO A31 2020 - O P P O A31 2020 2sim ram 8G/256G m y Ch nh H ng C u h nh Cao kh ng Chi n m i game n ng si u m t B o h nh 12 th ng- BN3
https://www.lazada.vn/products/pdp-i2852935347.html,Điện thoại Samsung M54 5G (8Gb/256Gb) Chính hãng Samsung Việt Nam Mới 100% Nguyên Seal,19,7290000,Hà Nội,https://img.lazcdn.com/g/p/567f9330a0ea3c030d2afa16e649af6d.jpg_200x200q80.avif,i n tho i Samsung M54 5G 8Gb/256Gb Ch nh h ng Samsung Vi t Nam M i 100 Nguy n Seal
https://www.lazada.vn/products/pdp-i2852892328.html,điện thoại 4G Samsung Galaxy J7 Plus 2sim ram 4G/64G Chính Hãng Bảo hành 12 Tháng Chiến Game mượt Chụp ảnh siêu đẹp - BB1,0,1800000,Quảng Ngãi,https://img.lazcdn.com/g/p/1e39bf419ddbd337b4305a5c5786a204.jpg_200x200q80.avif,i n tho i 4G Samsung Galaxy J7 Plus 2sim ram 4G/64G Ch nh H ng B o h nh 12 Th ng Chi n Game m t Ch p nh si u p - BB1
https://www.lazada.vn/products/pdp-i2852166465.html,"Điện thoại ZTE Libero Flip (6GB/128GB) Màn hình Oled ,120Hz ,rom tiếng việt - Hàng nhập khẩu",33,4699000,Nghệ An,https://img.lazcdn.com/g/p/aea5f69275785d93245f4417b1892e11.jpg_200x200q80.avif,i n tho i ZTE Libero Flip 6GB/128GB M n h nh Oled 120Hz rom ti ng vi t - H ng nh p kh u
https://www.lazada.vn/products/pdp-i2847405712.html,Điện thoại Samsung Galaxy A55 5G Chính hãng Samsung Việt Nam Mới 100% Nguyên Seal,24,7590000,Hà Nội,https://img.lazcdn.com/g/p/da91b00b77fb1a3ff305d5e7356067c6.jpg_200x200q80.avif,i n tho i Samsung Galaxy A55 5G Ch nh h ng Samsung Vi t Nam M i 100 Nguy n Seal
https://www.lazada.vn/products/pdp-i2841533959.html,"[MEGA - SALE ĐẬM TỪ 20H 5.6] Điện thoại Samsung Galaxy A16 5G (8GB/128GB), màn hình Super AMOLED 6.7"", kháng bụi nước IP54, bền mượt 6 năm",0,6090000,Hồ Chí Minh,https://img.lazcdn.com/g/p/bb6b5726e2e00b05407c885b6615e1cb.jpg_200x200q80.avif,MEGA - SALE M T 20H 5 6 i n tho i Samsung Galaxy A16 5G 8GB/128GB m n h nh Super AMOLED 6 7 kh ng b i n c IP54 b n m t 6 n m
https://www.lazada.vn/products/pdp-i2840031234.html,Smartphone Android thanh lý giá điện thoại Cấu hình mạnh đỉnh điện thoại cho học sinh mướt game điện thoại cảm ứng Sạc nhanh điện thoại Giá Rẻ Màn hình FHD dt gia re Hỗ trợ 2 SIMdien thoai Mạng 5G Feature phones Siêu CPU,49,1302513,Hà Nội,https://img.lazcdn.com/g/p/f03b1584a5a3840a205aec25ac0e84f8.jpg_200x200q80.avif,Smartphone Android thanh l gi i n tho i C u h nh m nh nh i n tho i cho h c sinh m t game i n tho i c m ng S c nhanh i n tho i Gi R M n h nh FHD dt gia re H tr 2 SIMdien thoai M ng 5G Feature phones Si u CPU
https://www.lazada.vn/products/pdp-i2839918970.html,"Điện thoại thông minh POCO C75 (6+128GB | 8+256GB) | Màn hình 6,88"" | Pin 5160mAh | Camera kép 50MP AI",0,2690000,Hồ Chí Minh,https://img.lazcdn.com/g/p/7aa460b6a1cd91c7f04fc41957358858.jpg_200x200q80.avif,i n tho i th ng minh POCO C75 6+128GB 8+256GB M n h nh 6 88 Pin 5160mAh Camera k p 50MP AI
https://www.lazada.vn/products/pdp-i2837715690.html,"[ RẺ VÔ ĐỊCH ] điện thoại Y56 5G 2sim ram 8G/256G Cấu hình siêu khủng, Cày game nặng mượt mà, Camera siêu nét, LN3BS",0,268000,Hồ Chí Minh,https://img.lazcdn.com/g/p/6e9fdf47edb2b3adf834b07886290a94.jpg_200x200q80.avif,R V CH i n tho i Y56 5G 2sim ram 8G/256G C u h nh si u kh ng C y game n ng m t m Camera si u n t LN3BS
https://www.lazada.vn/products/pdp-i2836739334.html,Điện thoại thông minh HONOR X7c 16(8+8)GB + 256GB | Pin 6000mAh sạc nhanh 35W | Camera 108MP|Chip Snapdragon 685| Loa kép | Kháng nước IP64 | BH 13 Tháng Hàng chính hãng,16,4590000,Long An,https://img.lazcdn.com/g/p/366d9f1e37c4d6a73720982fe3685185.png_200x200q80.avif,i n tho i th ng minh HONOR X7c 16 8+8 GB + 256GB Pin 6000mAh s c nhanh 35W Camera 108MP Chip Snapdragon 685 Loa k p Kh ng n c IP64 BH 13 Th ng H ng ch nh h ng
https://www.lazada.vn/products/pdp-i2836412200.html,"Điện thoại Cảm ứng Cao Cấp Giá rẻ Xiaom 11 Lite 5G NE - điện thoại Xiaomi 11 Lite 5G NE 2sim ram 8G/128G máy Chính Hãng, lướt Wed Tiktok Facebook Youtube chất,LNBS",47,218000,Hồ Chí Minh,https://img.lazcdn.com/g/p/b80a2fb6a3805e8217b44b4e0154fc56.jpg_200x200q80.avif,i n tho i C m ng Cao C p Gi r Xiaom 11 Lite 5G NE - i n tho i Xiaomi 11 Lite 5G NE 2sim ram 8G/128G m y Ch nh H ng l t Wed Tiktok Facebook Youtube ch t LNBS
https://www.lazada.vn/products/pdp-i2836392037.html,"Điện thoại Cảm ứng Cao Cấp Giá rẻ Xiaom 11 Lite 5G NE - điện thoại Xiaomi 11 Lite 5G NE 2sim ram 8G/128G máy Chính Hãng, lướt Wed Tiktok Facebook Youtube chất, LN01",0,228000,Hồ Chí Minh,https://img.lazcdn.com/g/p/b80a2fb6a3805e8217b44b4e0154fc56.jpg_200x200q80.avif,i n tho i C m ng Cao C p Gi r Xiaom 11 Lite 5G NE - i n tho i Xiaomi 11 Lite 5G NE 2sim ram 8G/128G m y Ch nh H ng l t Wed Tiktok Facebook Youtube ch t LN01
https://www.lazada.vn/products/pdp-i2834647250.html,Điện Thoại Samsung S22 Plus 5G Mỹ likenew 99% chip Snap 8 Gen 1 - Bảo Hành 6 Tháng 1 đổi 1,24,8250000,Hà Nội,https://img.lazcdn.com/g/p/0876a656be76b51dbca550d49df8cafe.jpg_200x200q80.avif,i n Tho i Samsung S22 Plus 5G M likenew 99 chip Snap 8 Gen 1 - B o H nh 6 Th ng 1 i 1
https://www.lazada.vn/products/pdp-i2834593370.html,Điện Thoại Samsung S22 5G Likenew 99% Bản Mỹ 2 Sim - Bảo hành 6 Tháng 1 đổi 1,15,7150000,Hà Nội,https://img.lazcdn.com/g/p/1089a026499df19de159885e6b56ab1e.jpg_200x200q80.avif,i n Tho i Samsung S22 5G Likenew 99 B n M 2 Sim - B o h nh 6 Th ng 1 i 1
https://www.lazada.vn/products/pdp-i2834215260.html,Điện thoại Motorola Edge 5G UW (XT2141) màn 144Hz - Snaρdragon 778G 5G ram 8G 256G,0,2488000,Nghệ An,https://img.lazcdn.com/g/p/72c30f388daa89eb671f0d5713217c22.jpg_200x200q80.avif,i n tho i Motorola Edge 5G UW XT2141 m n 144Hz - Sna dragon 778G 5G ram 8G 256G
https://www.lazada.vn/products/pdp-i2833181254.html,Điện thoại Samsung j7 prime,0,900000,Hồ Chí Minh,https://img.lazcdn.com/g/ff/kf/S27045894aa014b4380c3fad783fad0dfh.jpg_200x200q80.avif,i n tho i Samsung j7 prime
https://www.lazada.vn/products/pdp-i2831759669.html,SAMSUNG S9PLUS LƯỚT WEB BAO MƯỢT MÁY ĐẸP BAO BỀN 6G/64G.,17,2000000,Bạc Liêu,https://img.lazcdn.com/g/p/b796b8beea010acc8044edc27f663557.png_200x200q80.avif,Samsung S9PLUS L T WEB BAO M T M Y P BAO B N 6G/64G
https://www.lazada.vn/products/pdp-i2831500497.html,SAMSUNG A52 MÁY FULL CHỨC NĂNG MÁY ĐẸP CHƠI GAME MƯỢT 8G/128G,0,2850000,Bạc Liêu,https://img.lazcdn.com/g/p/913d7f94a5efab579928a0ecc6cfd1e4.jpg_200x200q80.avif,Samsung A52 M Y FULL CH C N NG M Y P CH I GAME M T 8G/128G
https://www.lazada.vn/products/pdp-i2831472299.html,SAMSUNG M51 PIN TRÂU  BAO MƯỢT SIÊU BỀN 8G/128G.,0,2850000,Bạc Liêu,https://img.lazcdn.com/g/p/1125cb7a3e1f5b1d047361131803df75.jpg_200x200q80.avif,Samsung M51 PIN TR U BAO M T SI U B N 8G/128G
https://www.lazada.vn/products/pdp-i2831438580.html,SAMSUNG NOTE 9 MÁY CHẤT LƯỢNG ĐẸP SIÊU BỀN CHƠI GAME BAO MƯỢT 6G/128G.,0,2900000,Bạc Liêu,https://img.lazcdn.com/g/p/4d296b2a859236cb9b451b396273181b.jpg_200x200q80.avif,Samsung NOTE 9 M Y CH T L NG P SI U B N CH I GAME BAO M T 6G/128G
https://www.lazada.vn/products/pdp-i2831425303.html,SAMSUNG M51 PIN TRÂU LƯỚT WEB SIÊU MƯỢT SIÊU BỀN 8G/128G.,0,2850000,Bạc Liêu,https://img.lazcdn.com/g/p/1125cb7a3e1f5b1d047361131803df75.jpg_200x200q80.avif,Samsung M51 PIN TR U L T WEB SI U M T SI U B N 8G/128G
https://www.lazada.vn/products/pdp-i2831389596.html,SAMSUNG M51 MÁY FULL CHỨC NĂNG BAO ĐẸP CHƠI GAME LƯỚT WEB BAO MẠNH PIN TRÂU  6G/128G,0,2850000,Bạc Liêu,https://img.lazcdn.com/g/p/1125cb7a3e1f5b1d047361131803df75.jpg_200x200q80.avif,Samsung M51 M Y FULL CH C N NG BAO P CH I GAME L T WEB BAO M NH PIN TR U 6G/128G
https://www.lazada.vn/products/pdp-i2831361626.html,SAMSUNG S10 PLUS MÁY FULL CHỨC NĂNG ĐẸP BỀN CHƠI GAME MƯỢT 8G/128G.,0,2600000,Bạc Liêu,https://img.lazcdn.com/g/p/2807a9bed4ee26cddcd25e7533689595.jpg_200x200q80.avif,Samsung S10 PLUS M Y FULL CH C N NG P B N CH I GAME M T 8G/128G
https://www.lazada.vn/products/pdp-i2831310589.html,SAMSUNG A52 ĐIỆN THOẠI BAO ĐẸP LƯỚT WEB BAO MẠNH 6G/128G,0,2850000,Bạc Liêu,https://img.lazcdn.com/g/p/19e9d0effd876feb76859c6552b7f0bc.jpg_200x200q80.avif,Samsung A52 I N THO I BAO P L T WEB BAO M NH 6G/128G
https://www.lazada.vn/products/pdp-i2831290437.html,SAMSUNG NOTE 9 MÁY LƯỚT WEB SIÊU MẠNH SIÊU MƯỢT 6G/128G,0,2900000,Bạc Liêu,https://img.lazcdn.com/g/p/7102ad0a2642cbbdef5e5016625a5b01.jpg_200x200q80.avif,Samsung NOTE 9 M Y L T WEB SI U M NH SI U M T 6G/128G
https://www.lazada.vn/products/pdp-i2830395009.html,"[SALE- RẺ HỦY DIỆT ] Điện thoại 4G giá rẻ Samsung Galaxy A6 Plus 2sim ram 4G/32G, Cấu hình Cao Chiến mọi Game mượt, Chụp ảnh đẹp,STLN01",38,999000,Hồ Chí Minh,https://img.lazcdn.com/g/p/e7e655e4021eed2e27d1ac0180713e59.jpg_200x200q80.avif,SALE- R H Y DI T i n tho i 4G gi r Samsung Galaxy A6 Plus 2sim ram 4G/32G C u h nh Cao Chi n m i Game m t Ch p nh p STLN01
https://www.lazada.vn/products/pdp-i2830383021.html,"Điện thoại 4G giá rẻ cho học sinh Samsung Galaxy A6 Plus 2sim ram 4G/32G, Cấu hình Cao Chiến mọi Game mượt, Chụp ảnh đẹp, LNST",38,998000,Hồ Chí Minh,https://img.lazcdn.com/g/p/507733c6c48fa103746ad5cedb064172.jpg_200x200q80.avif,i n tho i 4G gi r cho h c sinh Samsung Galaxy A6 Plus 2sim ram 4G/32G C u h nh Cao Chi n m i Game m t Ch p nh p LNST
https://www.lazada.vn/products/pdp-i2830091361.html,"Điện thoại 4G giá rẻ Samsung Galaxy A70 2sim ram 6G/128G, Cấu hình Cao Chiến mọi Game mượt, Chụp ảnh đẹp, - LN3939",20,1599000,Hồ Chí Minh,https://img.lazcdn.com/g/p/8bb9d0949b4a1553e59d53aff6d2803f.jpg_200x200q80.avif,i n tho i 4G gi r Samsung Galaxy A70 2sim ram 6G/128G C u h nh Cao Chi n m i Game m t Ch p nh p - LN3939
https://www.lazada.vn/products/pdp-i2830078394.html,"[ Rẻ Vô Địch ] điện thoại Samsung Galaxy A7 (A750) 2sim ram 4G/64G máy Chính Hãng, Cấu hình Cao cấp, Chiến mọi game nặng siêu mượt, - SSLN",28,1299000,Hồ Chí Minh,https://img.lazcdn.com/g/p/9c50db32410076009a375cd2108b9da0.jpg_200x200q80.avif,R V ch i n tho i Samsung Galaxy A7 A750 2sim ram 4G/64G m y Ch nh H ng C u h nh Cao c p Chi n m i game n ng si u m t - Samsung LN
https://www.lazada.vn/products/pdp-i2830075399.html,"Điện thoại 4G giá rẻ Samsung Galaxy A7 (A750) A7 2018 2sim ram 4G/64G máy Chính Hãng, Cấu hình Cao cấp, LN47",28,1299000,Hồ Chí Minh,https://img.lazcdn.com/g/p/f9c01c4aa0714916e9760731d9f7d7fe.jpg_200x200q80.avif,i n tho i 4G gi r Samsung Galaxy A7 A750 A7 2018 2sim ram 4G/64G m y Ch nh H ng C u h nh Cao c p LN47
https://www.lazada.vn/products/pdp-i2830058421.html,"Điện thoại 4G giá rẻ Samsung Galaxy A50s 2sim ram 4G/64G, Cấu hình Cao Chiến mọi Game mượt, Chụp ảnh đẹp,LN1",29,1349000,Hồ Chí Minh,https://img.lazcdn.com/g/p/c856e4ac1664c246b51ceec3df3a91f8.jpg_200x200q80.avif,i n tho i 4G gi r Samsung Galaxy A50s 2sim ram 4G/64G C u h nh Cao Chi n m i Game m t Ch p nh p LN1
https://www.lazada.vn/products/pdp-i2830029621.html,"Điện thoại 4G giá rẻ Samsung Galaxy A31 2sim ram 6G/128G, Cấu hình Cao Chiến mọi Game mượt, Chụp ảnh đẹp, LN47",13,1749000,Hồ Chí Minh,https://img.lazcdn.com/g/p/5cf8085ce219d27fc428cd5e5253969f.jpg_200x200q80.avif,i n tho i 4G gi r Samsung Galaxy A31 2sim ram 6G/128G C u h nh Cao Chi n m i Game m t Ch p nh p LN47
https://www.lazada.vn/products/pdp-i2829997762.html,"Điện thoại 4G giá rẻ Samsung Galaxy A51 2sim ram 6G/128G, Cấu hình Cao Chiến mọi Game mượt, Chụp ảnh đẹp LNS",0,228000,Hồ Chí Minh,https://img.lazcdn.com/g/p/ba80465ccbe70feb5e8d16f9b5a40d5c.jpg_200x200q80.avif,i n tho i 4G gi r Samsung Galaxy A51 2sim ram 6G/128G C u h nh Cao Chi n m i Game m t Ch p nh p LNS
https://www.lazada.vn/products/pdp-i2829986648.html,"điện thoại Samsung Galaxy A31 máy 2sim ram 6G/128G Chính Hãng, lướt Wed Tiktok Facebook Youtube chất_LNMB",0,1009000,Hồ Chí Minh,https://img.lazcdn.com/g/p/41bcf1e7dc87fd6651913bbdbdbc8691.jpg_200x200q80.avif,i n tho i Samsung Galaxy A31 m y 2sim ram 6G/128G Ch nh H ng l t Wed Tiktok Facebook Youtube ch t LNMB
https://www.lazada.vn/products/pdp-i2829978834.html,"[ SALE -RẺ VÔ ĐỊCH ] Điện thoại giá rẻ Samsung Galaxy A71 2sim ram 8G/128G, Cấu hình Cao Chiến mọi Game mượt, Chụp ảnh đẹp, LN01",34,268000,Hồ Chí Minh,https://img.lazcdn.com/g/p/42ed5118ebcf2ce92d753700e72a40af.jpg_200x200q80.avif,SALE -R V CH i n tho i gi r Samsung Galaxy A71 2sim ram 8G/128G C u h nh Cao Chi n m i Game m t Ch p nh p LN01
https://www.lazada.vn/products/pdp-i2829959779.html,"[ SALE KHỦNG - GIÁ SỐC ] điện thoại Samsung Galaxy A51 2sim ram 6G/128G máy Chính Hãng, Màn hình: Super AMOLED6.5""Full HD+, Camera sau: Chính 48 MP & Phụ 12 MP, 5 MP, 5 MP Camera trước: 32 MP  LN1",0,1009000,Hồ Chí Minh,https://img.lazcdn.com/g/p/25f1ba63b5498d8747457c0713578eb5.jpg_200x200q80.avif,SALE KH NG - GI S C i n tho i Samsung Galaxy A51 2sim ram 6G/128G m y Ch nh H ng M n h nh Super AMOLED6 5 Full HD+ Camera sau Ch nh 48 MP Ph 12 MP 5 MP 5 MP Camera tr c 32 MP LN1
https://www.lazada.vn/products/pdp-i2829954937.html,"Điện thoại giá rẻ Samsung Galaxy A71 2sim ram 8G/128G, Cấu hình Cao Chiến mọi Game mượt, Chụp ảnh đẹp,LNST",44,999000,Hồ Chí Minh,https://img.lazcdn.com/g/p/19440fc6a2db6766d937a94d6bbda5ae.jpg_200x200q80.avif,i n tho i gi r Samsung Galaxy A71 2sim ram 8G/128G C u h nh Cao Chi n m i Game m t Ch p nh p LNST
https://www.lazada.vn/products/pdp-i2829575462.html,"điện thoại 4G Samsung Galaxy J8 2sim ram 3G/32G Chính Hãng, , Chiến Game mượt, Chụp ảnh siêu đẹpLN39",44,999000,Hồ Chí Minh,https://img.lazcdn.com/g/p/a3599ccd34ea557c94da0d8f459749f5.jpg_200x200q80.avif,i n tho i 4G Samsung Galaxy J8 2sim ram 3G/32G Ch nh H ng Chi n Game m t Ch p nh si u pLN39
https://www.lazada.vn/products/pdp-i2829082747.html,"điện thoại Samsung Galaxy A50s Chính Hãng 2sim ram 4G/64G, Cày Tiktok Zalo FB Youtube, chơi Liên Quân-Free Fire-PUBG mượt mà-NL39",38,999000,Hồ Chí Minh,https://img.lazcdn.com/g/p/a2eeaedae8519a8c9cf0558eb1cd037b.jpg_200x200q80.avif,i n tho i Samsung Galaxy A50s Ch nh H ng 2sim ram 4G/64G C y Tiktok Zalo FB Youtube ch i Li n Qu n-Free Fire-PUBG m t m -NL39
https://www.lazada.vn/products/pdp-i2829032573.html,"[ Rẻ Hủy Diệt ] điện thoại Samsung Galaxy J8 ram 3G rom 32G 2sim, Máy Chính Hãng, Cày Zalo FB Tiktok Youtube -LN39",0,229000,Hồ Chí Minh,https://img.lazcdn.com/g/p/eae70d287bdad82da8f9be4e6fa2dba0.jpg_200x200q80.avif,R H y Di t i n tho i Samsung Galaxy J8 ram 3G rom 32G 2sim M y Ch nh H ng C y Zalo FB Tiktok Youtube -LN39
https://www.lazada.vn/products/pdp-i2827751534.html,điện thoại 0PP0 A83 ram 6G rom 128G 2sim zin đẹp,48,729000,Hồ Chí Minh,https://img.lazcdn.com/g/p/c8024d84462ac36c754cb6f9c267ba19.jpg_200x200q80.avif,i n tho i OPPO A83 ram 6G rom 128G 2sim zin p
https://www.lazada.vn/products/pdp-i2827748542.html,điện thoại 0PP0 F5 ram 6G rom 128G 2sim zin đẹp,47,739000,Hồ Chí Minh,https://img.lazcdn.com/g/p/51a675067bcb4196a1a24bd36123a199.jpg_200x200q80.avif,i n tho i OPPO F5 ram 6G rom 128G 2sim zin p
https://www.lazada.vn/products/pdp-i2827194039.html,Điện thoại Samsung A06 (4Gb/128Gb) Chính hãng Samsung Việt Nam Mới 100% Nguyên Seal,23,2690000,Hà Nội,https://img.lazcdn.com/g/p/9e67befc557d6d975f6ba9d4b16f912a.jpg_200x200q80.avif,i n tho i Samsung A06 4Gb/128Gb Ch nh h ng Samsung Vi t Nam M i 100 Nguy n Seal
https://www.lazada.vn/products/pdp-i2827144460.html,Điện thoại Samsung A06 (6Gb/128Gb) Chính hãng Samsung Việt Nam Mới 100% Nguyên Seal,24,2890000,Hà Nội,https://img.lazcdn.com/g/p/9e67befc557d6d975f6ba9d4b16f912a.jpg_200x200q80.avif,i n tho i Samsung A06 6Gb/128Gb Ch nh h ng Samsung Vi t Nam M i 100 Nguy n Seal
https://www.lazada.vn/products/pdp-i2827047381.html,đt giá rẻ cho học sinh bản Quốc tế điện thoại giá siêu rẻ 6.7inch Điện thoại di động Chính Hãng đien thoại giá rẻ nhất CPU Siêu dt giá rẻ,46,1104828,Hà Nội,https://img.lazcdn.com/g/p/a5ea951bb243e2be42eff9421e83e2b8.jpg_200x200q80.avif,t gi r cho h c sinh b n Qu c t i n tho i gi si u r 6 7inch i n tho i di ng Ch nh H ng ien tho i gi r nh t CPU Si u dt gi r
https://www.lazada.vn/products/pdp-i2827018628.html,Samsung Galaxy A05 4GB/64GB Chính Hãng,22,2790000,Hà Nội,https://img.lazcdn.com/g/p/2e18fdf781667254b68f9c40073df13d.jpg_200x200q80.avif,Samsung Galaxy A05 4GB/64GB Ch nh H ng
https://www.lazada.vn/products/pdp-i2826870479.html,Mới 100% đien thoại giá rẻ nhất bản Quốc tế Điện thoại di động Mạng 4G đt giá rẻ cho học sinh Mới 100% điện thoại Bộ nhớ 16+512GB điện thoại rẻ,46,1192781,Hà Nội,https://img.lazcdn.com/g/p/55dc12e43648e878b1b70816ef2dcdfc.jpg_200x200q80.avif,M i 100 ien tho i gi r nh t b n Qu c t i n tho i di ng M ng 4G t gi r cho h c sinh M i 100 i n tho i B nh 16+512GB i n tho i r
https://www.lazada.vn/products/pdp-i2826724986.html,Điện thoại di động Mạng 5G điện thoại rẻ Sạc nhanh đien thoại giá rẻ nhất bản Quốc tế S23 Ultra Camera 50+32MP Thẻ 2 sim điên thoại,46,1013975,Hà Nội,https://img.lazcdn.com/g/p/6b021bf19157096bfbb49c9057da8815.jpg_200x200q80.avif,i n tho i di ng M ng 5G i n tho i r S c nhanh ien tho i gi r nh t b n Qu c t S23 Ultra Camera 50+32MP Th 2 sim i n tho i
https://www.lazada.vn/products/pdp-i2826268475.html,"điện thoai XIAOMI REDMI A3 2SIM MỚI, 12GB/256GB MÁY MỚI FULL CHỨC NĂNG.. HKP01......",28,2099000,Hồ Chí Minh,https://img.lazcdn.com/g/p/815f0ddd4666115810fa68233d073a7b.jpg_200x200q80.avif,i n thoai XIAOMI REDMI A3 2SIM M I 12GB/256GB M Y M I FULL CH C N NG HKP01
https://www.lazada.vn/products/pdp-i2824620483.html,"Samsung Galaxy A06 4GB | 128GB - 6.7"" 60Hz | Chip Mediatek Helio G85 - Camera 50MP - 5000mAh | Bảo hành độc quyền 2 năm",28,2499000,Hồ Chí Minh,https://img.lazcdn.com/g/p/9a6710cfac291ca43c8019f0b5bf08b6.png_200x200q80.avif,Samsung Galaxy A06 4GB 128GB - 6 7 60Hz Chip Mediatek Helio G85 - Camera 50MP - 5000mAh B o h nh c quy n 2 n m
https://www.lazada.vn/products/pdp-i2824272004.html,Samsung A21s Ram 6GB Pin 5k Cực Mạnh quá Đã,0,1550000,Hồ Chí Minh,https://img.lazcdn.com/g/ff/kf/S01a2f9bfc532451b9da80085eea00e59f.jpg_200x200q80.avif,Samsung A21s Ram 6GB Pin 5k C c M nh qu
https://www.lazada.vn/products/pdp-i2823690544.html,"Điện thoại Xiaomi Redmi Note 14 pro 5G, Dimensity 7300 Ultra, Pin 5.500 mAh, sạc nhanh 45W",3,5790000,Vĩnh Phúc,https://img.lazcdn.com/g/ff/kf/S906d4ccc23af4066a71de98e86df1e01f.jpg_200x200q80.avif,i n tho i Xiaomi Redmi Note 14 Pro 5G Dimensity 7300 Ultra Pin 5 500 mAh s c nhanh 45W
https://www.lazada.vn/products/pdp-i2823257979.html,Samsung A70 RAM 6GB/128GB Chip Snapdragon,27,1320000,Bạc Liêu,https://img.lazcdn.com/g/ff/kf/S8b1e02c51cb5460d82d3621e2f06d9f8y.jpg_200x200q80.avif,Samsung A70 RAM 6GB/128GB Chip Snapdragon
https://www.lazada.vn/products/pdp-i2822543417.html,điện thoại 0ppo F11 ram 8G bộ nhớ 256G 2sim zin đẹp,50,1489000,Hồ Chí Minh,https://img.lazcdn.com/g/p/9a09c1d69636d5b7b1f086cdc224874d.jpg_200x200q80.avif,i n tho i 0ppo F11 ram 8G b nh 256G 2sim zin p
https://www.lazada.vn/products/pdp-i2822439795.html,"điện thoại Samsunq Galaxy J7 Prime - Ram 3/32GB - Màn hình 5.5"" - Camera 13Mp - Pin 3300 Mah",50,739000,Hồ Chí Minh,https://img.lazcdn.com/g/p/d81f302477a00bfc2cdce544b5019272.jpg_200x200q80.avif,i n tho i Samsunq Galaxy J7 Prime - Ram 3/32GB - M n h nh 5 5 - Camera 13Mp - Pin 3300 Mah
https://www.lazada.vn/products/pdp-i2821217180.html,"siêu hot điện thoại F9 8GB/256GB siêu mượt ,  mới keng , chiến game mượt  bh dài hạn.... CNS01.........",32,1249000,Hồ Chí Minh,https://img.lazcdn.com/g/p/2b450713ac2daf0be4fdfb76aba94596.jpg_200x200q80.avif,si u hot i n tho i F9 8GB/256GB si u m t m i keng chi n game m t bh d i h n CNS01
https://www.lazada.vn/products/pdp-i2820922507.html,"xiaomi A3 điện thoại xiaomi redmi A3 8gb/256gb mới keng , bh dài hạn.... CNS01",26,2149000,Hồ Chí Minh,https://img.lazcdn.com/g/p/0eda38d259a659860a38ac727a72bde7.jpg_200x200q80.avif,xiaomi A3 i n tho i xiaomi redmi A3 8gb/256gb m i keng bh d i h n CNS01
https://www.lazada.vn/products/pdp-i2817912765.html,Điện Thoại Samsung A06 4GB/128GB - Hàng Chính Hãng,21,2759000,Bến Tre,https://img.lazcdn.com/g/p/32d41e408084403d9cf4458c40659dbf.jpg_200x200q80.avif,i n Tho i Samsung A06 4GB/128GB - H ng Ch nh H ng
https://www.lazada.vn/products/pdp-i2815116804.html,Điện thoại Samsung Galaxy S24 FE 5G - Hàng chính hãng,6,15990000,Hà Nội,https://img.lazcdn.com/g/p/b736b3705192d4cdc8f1daf67316dbfe.jpg_200x200q80.avif,i n tho i Samsung Galaxy S24 FE 5G - H ng ch nh h ng
https://www.lazada.vn/products/pdp-i2814677688.html,Điện Thoại Samsung A06 4GB/128GB - Hàng Chính Hãng,25,2619000,Bến Tre,https://img.lazcdn.com/g/p/cdd5532dc7a9fa91fa0d7f4c8b6e2acc.jpg_200x200q80.avif,i n Tho i Samsung A06 4GB/128GB - H ng Ch nh H ng
https://www.lazada.vn/products/pdp-i2814358490.html,Samsung Galaxy A06 4G 4GB/128GB Chính Hãng,26,2960000,Hồ Chí Minh,https://img.lazcdn.com/g/p/36f0877207b19092508e44b76c65d1b1.png_200x200q80.avif,Samsung Galaxy A06 4G 4GB/128GB Ch nh H ng
https://www.lazada.vn/products/pdp-i2814350003.html,Samsung Galaxy S24 FE 8GB 128GB Hàng Chính Hãng,22,14450000,Hồ Chí Minh,https://img.lazcdn.com/g/p/53a9eec8fa3553f57c480daa5687b146.png_200x200q80.avif,Samsung Galaxy S24 FE 8GB 128GB H ng Ch nh H ng
https://www.lazada.vn/products/pdp-i2811821026.html,Điện thoại di động Xiaomi 14T 12GB/256GB - Chính hãng (Nguyên Seal Chưa Active),20,12820000,Hồ Chí Minh,https://img.lazcdn.com/g/p/83e9274d64e6a09bfcdab60b7dac20fd.png_200x200q80.avif,i n tho i di ng Xiaomi 14T 12GB/256GB - Ch nh h ng Nguy n Seal Ch a Active
https://www.lazada.vn/products/pdp-i2810889180.html,Samsung Galaxy A06 4GB 128GB,0,3490000,Bình Dương,https://img.lazcdn.com/g/p/ee4e27e8be37e9ca78d67aee3a78158f.jpg_200x200q80.avif,Samsung Galaxy A06 4GB 128GB
https://www.lazada.vn/products/pdp-i2810676575.html,"Điện thoại Samsung Galaxy S24 Ultra 12/256GB - CHÍNH HÃNG, Nguyên seal",36,23900000,Hà Nội,https://img.lazcdn.com/g/p/0cb9081242a51714ebcdf980b3bc4c16.png_200x200q80.avif,i n tho i Samsung Galaxy S24 Ultra 12/256GB - CH NH H NG Nguy n seal
https://www.lazada.vn/products/pdp-i2807550389.html,Điện thoại TECNO Spark Go 1 4GB 64GB Chính Hãng,16,2090000,Hà Nội,https://img.lazcdn.com/g/p/b641246036c5f8f39fd4615675ff5911.png_200x200q80.avif,i n tho i TECNO Spark Go 1 4GB 64GB Ch nh H ng
https://www.lazada.vn/products/pdp-i2807273221.html,Apple iPhone 16 256GB Chính Hãng (VN/A),17,24090000,Hồ Chí Minh,https://img.lazcdn.com/g/p/437b5c06b4d91881886411cdd4aef0cd.png_200x200q80.avif,Apple iPhone 16 256GB Ch nh H ng VN/A
https://www.lazada.vn/products/pdp-i2807254712.html,Apple iPhone 16 Pro 256GB Chính Hãng (VN/A),19,29790000,Hồ Chí Minh,https://img.lazcdn.com/g/p/0b7e741ab221e468bb3093ad19f14818.png_200x200q80.avif,Apple iPhone 16 Pro 256GB Ch nh H ng VN/A
https://www.lazada.vn/products/pdp-i2807227925.html,Apple iPhone 16 Pro Max 1TB Chính Hãng (VN/A),16,45590000,Hà Nội,https://img.lazcdn.com/g/p/75af95b4564ec5e71536fe07c607b60f.png_200x200q80.avif,Apple iPhone 16 Pro Max 1TB Ch nh H ng VN/A
https://www.lazada.vn/products/pdp-i2807207151.html,Apple iPhone 16 Plus 128GB Chính Hãng (VN/A),17,23990000,Hồ Chí Minh,https://img.lazcdn.com/g/p/3839be2de7c44b7cfd5a440691e3cace.png_200x200q80.avif,Apple iPhone 16 Plus 128GB Ch nh H ng VN/A
https://www.lazada.vn/products/pdp-i2807195955.html,Apple iPhone 16 Pro Max 256GB Chính Hãng (VN/A),20,32590000,Hồ Chí Minh,https://img.lazcdn.com/g/p/75af95b4564ec5e71536fe07c607b60f.png_200x200q80.avif,Apple iPhone 16 Pro Max 256GB Ch nh H ng VN/A
https://www.lazada.vn/products/pdp-i2806208680.html,Apple iPhone 16 128GB Chính Hãng (VN/A),20,20790000,Hồ Chí Minh,https://img.lazcdn.com/g/p/437b5c06b4d91881886411cdd4aef0cd.png_200x200q80.avif,Apple iPhone 16 128GB Ch nh H ng VN/A
https://www.lazada.vn/products/pdp-i2805104211.html,"điện thoại giá rẻ cho học sinh opp0 -A15s 2sim ram 8G/256G Chính Hãng, lướt Wed Tiktok Facebook Youtube chất, Bảo hành 12 tháng",43,1290000,Hồ Chí Minh,https://img.lazcdn.com/g/p/ccffdca90c0af8a9279dd2b5a70bfaf8.jpg_200x200q80.avif,i n tho i gi r cho h c sinh OPPO -A15s 2sim ram 8G/256G Ch nh H ng l t Wed Tiktok Facebook Youtube ch t B o h nh 12 th ng
https://www.lazada.vn/products/pdp-i2805096235.html,"( TRỢ GIÁ SIÊU RẺ ) điện thoại 0pp0-A15s ram 8G/256G 2sim Chính Hãng màn hình to, Camera siêu đẹp, cấu hình khủng, Cày Game nặng siêu mượt mà.BẢO HÀNH 12 THÁNG ,TẶNG SẠC CÁP ỐP LƯNG",47,1190000,Hồ Chí Minh,https://img.lazcdn.com/g/p/413c432be877a6f14e6af01d36d9d39f.jpg_200x200q80.avif,TR GI SI U R i n tho i OPPO -A15s ram 8G/256G 2sim Ch nh H ng m n h nh to Camera si u p c u h nh kh ng C y Game n ng si u m t m B O H NH 12 TH NG T NG S C C P P L NG
https://www.lazada.vn/products/pdp-i2801751171.html,điện thoại Samsung a51 cực mạnh ram 6 bộ nhớ 128GB Tặng sạc ốp lưng,0,1650000,Hồ Chí Minh,https://img.lazcdn.com/g/ff/kf/Sa3a56750ab5f4e8eb0d69ec8ed68f098h.jpg_200x200q80.avif,i n tho i Samsung a51 c c m nh ram 6 b nh 128GB T ng s c p l ng
https://www.lazada.vn/products/pdp-i2801092065.html,"""điện thoại chính hãng giá rẻ A92 ( 0ppoA92 ) 2sim ram 8G/256G Chính Hãng, Máy mới nguyên sill , Cày Game nặng siêu mượt, full mọi chức năng ,tặng sạc cáp ốp lưng ,bảo hành 12 tháng",42,1640000,Hồ Chí Minh,https://img.lazcdn.com/g/p/ab57ffd687b336727c2bd14cfb867a53.jpg_200x200q80.avif,i n tho i ch nh h ng gi r A92 0ppoA92 2sim ram 8G/256G Ch nh H ng M y m i nguy n sill C y Game n ng si u m t full m i ch c n ng t ng s c c p p l ng b o h nh 12 th ng
https://www.lazada.vn/products/pdp-i2801044801.html,"điện thoại Op-po A92 máy 2sim ram 8G/256G, Màn hình siêu bự, Cấu hình cao Cày game nặng siêu mượt  , bảo hành 12 tháng",44,1640000,Hồ Chí Minh,https://img.lazcdn.com/g/p/4741b3ad4999a93b01e705281b0c7599.jpg_200x200q80.avif,i n tho i Op-po A92 m y 2sim ram 8G/256G M n h nh si u b C u h nh cao C y game n ng si u m t b o h nh 12 th ng
https://www.lazada.vn/products/pdp-i2799411941.html,"Điện thoại BIG VOICE Model:G500 hổ trợ sim sóng 2G,3G,4G,đặc biệt là 4G LTE,củ đã qua sử dụng,sài bình thường hết còn như hình chụp cho anh,em chửa cháy hay làm máy phụ,cho người già sài hay cô bác lãn tai sài ok,nghe gọi to rỏ,pin được,nhạc lớn họng...",0,440000,Trà Vinh,https://img.lazcdn.com/g/ff/kf/S93c7589df2064c5da156a4e8dd88f944U.jpg_200x200q80.avif,i n tho i BIG VOICE Model G500 h tr sim s ng 2G 3G 4G c bi t l 4G LTE c qua s d ng s i b nh th ng h t c n nh h nh ch p cho anh em ch a ch y hay l m m y ph cho ng i gi s i hay c b c l n tai s i ok nghe g i to r pin c nh c l n h ng
https://www.lazada.vn/products/pdp-i2799405157.html,Điện thoại Tecno Spark Go 1 (4+4)GB/64GB - Unisoc T615 | 5000mAh | Sạc nhanh 15W | Chính hãng,0,2490000,Hồ Chí Minh,https://img.lazcdn.com/g/p/00b9fc125fc7de3276db25a2dce5960f.jpg_200x200q80.avif,i n tho i Tecno Spark Go 1 4+4 GB/64GB - Unisoc T615 5000mAh S c nhanh 15W Ch nh h ng
https://www.lazada.vn/products/pdp-i2798605202.html,Apple iPhone 16 Pro Max 512GB - Chính Hãng (VN/A),13,43669000,Hồ Chí Minh,https://img.lazcdn.com/g/p/98439fb8f25cda8eecc231f836f1da71.png_200x200q80.avif,Apple iPhone 16 Pro Max 512GB - Ch nh H ng VN/A
https://www.lazada.vn/products/pdp-i2798544953.html,"Điện thoại Mobell Model:M239 hổ trợ sim sóng 2G,3G,4G,đặc biệt là 4G,củ đã qua sử dụng, full tốt hết cho anh,em chửa cháy hay làm máy phụ,cho người già sài hay cô bác lãn tai sài ok,nghe gọi to rỏ,pin được,nhạc lớn họng,hổ trợ 2 ổ sim và 1 ổ thẻ nhớ..",0,430000,Trà Vinh,https://img.lazcdn.com/g/ff/kf/S489cd98df77148ad97d8709e433aaa364.jpg_200x200q80.avif,i n tho i Mobell Model M239 h tr sim s ng 2G 3G 4G c bi t l 4G c qua s d ng full t t h t cho anh em ch a ch y hay l m m y ph cho ng i gi s i hay c b c l n tai s i ok nghe g i to r pin c nh c l n h ng h tr 2 sim v 1 th nh
https://www.lazada.vn/products/pdp-i2797792366.html,"Điện thoại Samsung Galaxy A06 (4GB/64GB) - Hàng chính hãng - Màn hình IPS LCD 6.7 inch, Dung lượng pin lớn 5000 mAh, sạc nhanh 25W",25,2399000,Bến Tre,https://img.lazcdn.com/g/p/332b5682cbc802e3527ec6b7f6daba40.jpg_200x200q80.avif,i n tho i Samsung Galaxy A06 4GB/64GB - H ng ch nh h ng - M n h nh IPS LCD 6 7 inch Dung l ng pin l n 5000 mAh s c nhanh 25W
https://www.lazada.vn/products/pdp-i2797657647.html,"Điện thoại Samsung Galaxy A06 - Hàng chính hãng - Màn hình lớn 6.7"", Pin trâu 5000 mAh, sạc nhanh 25W",25,2399000,Bến Tre,https://img.lazcdn.com/g/p/153fddd631e5e59f308768b3d6bb95a9.jpg_200x200q80.avif,i n tho i Samsung Galaxy A06 - H ng ch nh h ng - M n h nh l n 6 7 Pin tr u 5000 mAh s c nhanh 25W
https://www.lazada.vn/products/pdp-i2797564517.html,Samsung Galaxy Z Flip6 5G 12GB/512GB Chính Hãng- KH BHĐT,31,19990000,Hồ Chí Minh,https://img.lazcdn.com/g/p/effcfa843c9b7dfe919bc2a7848a42e2.jpg_200x200q80.avif,Samsung Galaxy Z Flip6 5G 12GB/512GB Ch nh H ng- KH BH T
https://www.lazada.vn/products/pdp-i2796155324.html,[Trả góp 0%] Apple iPhone 16 Pro Max 256GB Chính hãng VN/A [Viettel Store],18,31890000,Hà Nội,https://img.lazcdn.com/g/p/c03c47b26ede4a215b55e8972ca73f09.jpg_200x200q80.avif,Tr g p 0 Apple iPhone 16 Pro Max 256GB Ch nh h ng VN/A Viettel Store
https://www.lazada.vn/products/pdp-i2796077489.html,[Trả góp 0%] Apple iPhone 16 128GB Chính hãng VN/A [Viettel Store],22,20190000,Hà Nội,https://img.lazcdn.com/g/p/3664c6afe175b32e779f4a899e0f8fe7.jpg_200x200q80.avif,Tr g p 0 Apple iPhone 16 128GB Ch nh h ng VN/A Viettel Store
https://www.lazada.vn/products/pdp-i2796044332.html,"điện thoại samsung j610/ j6 plus màu đỏ vỏ xấu , full chức năng",0,680000,Đồng Nai,https://img.lazcdn.com/g/p/910f2880610a9097ece9a0387c4651a2.jpg_200x200q80.avif,i n tho i Samsung j610/ j6 plus m u v x u full ch c n ng
https://www.lazada.vn/products/pdp-i2795876223.html,Điện Thoại Apple Iphone 16 128GB/256GB/512GB - Hàng Chính Hãng [Futureworld-AAR],0,22870000,Hồ Chí Minh,https://img.lazcdn.com/g/p/742ebfa5b8b048fabfbec32681967b3e.png_200x200q80.avif,i n Tho i Apple Iphone 16 128GB/256GB/512GB - H ng Ch nh H ng Futureworld-AAR
https://www.lazada.vn/products/pdp-i2795824297.html,Điện thoại Samsung Galaxy S24 Plus 5G - Hàng chính hãng,26,19990000,Hà Nội,https://img.lazcdn.com/g/p/4feaff4ea96c38b27a84c851e2fa5aa4.jpg_200x200q80.avif,i n tho i Samsung Galaxy S24 Plus 5G - H ng ch nh h ng
https://www.lazada.vn/products/pdp-i2795695832.html,"[MEGA - SALE ĐẬM TỪ 20H 5.6] [QUÀ QUẤN KÈM HÀNG] Điện thoại Samsung Galaxy A06 (4GB/128GB), màn hình to rộng 6.7"" 60Hz, mỏng nhẹ, hiệu năng mạnh mẽ",0,3590000,Hồ Chí Minh,https://img.lazcdn.com/g/p/b408ca8ff354d5d74bb57e193f7ea5ef.jpg_200x200q80.avif,MEGA - SALE M T 20H 5 6 QU QU N K M H NG i n tho i Samsung Galaxy A06 4GB/128GB m n h nh to r ng 6 7 60Hz m ng nh hi u n ng m nh m
https://www.lazada.vn/products/pdp-i2795584272.html,Điện thoại itel 9310 (Neo R60+) 4G - Sóng 4G chuẩn _ Hàng chính hãng,4,669000,Tiền Giang,https://img.lazcdn.com/g/p/d0bb56ffee35ea37c9db2e3419c0f84b.jpg_200x200q80.avif,i n tho i itel 9310 Neo R60+ 4G - So ng 4G chu n H ng ch nh h ng
https://www.lazada.vn/products/pdp-i2793848047.html,điện thoại Samsunq J7 prime 2sim ram 3G bộ nhớ trong 32GB nguyên zin đẹp keng,58,627856,Hồ Chí Minh,https://img.lazcdn.com/g/p/ed2516b73da91b0c87a55dbf0bb08c55.jpg_200x200q80.avif,i n tho i Samsunq J7 prime 2sim ram 3G b nh trong 32GB nguy n zin p keng
https://www.lazada.vn/products/pdp-i2792549790.html,"Điện thoại Samsung Galaxy A06 (4GB/128GB) - Hàng chính hãng - Màn hình lớn 6.7"", Pin trâu 5000 mAh, sạc nhanh 25W",26,2599000,Hồ Chí Minh,https://img.lazcdn.com/g/p/361aac6681d9d0621f467d25c4ddf2ae.jpg_200x200q80.avif,i n tho i Samsung Galaxy A06 4GB/128GB - H ng ch nh h ng - M n h nh l n 6 7 Pin tr u 5000 mAh s c nhanh 25W
https://www.lazada.vn/products/pdp-i2792267146.html,iPhone 16 Plus - Hàng Chính Hãng VN/A,12,22890000,Hồ Chí Minh,https://img.lazcdn.com/g/p/8afb1606f0d53dbba271aa2a253e8fd0.png_200x200q80.avif,iPhone 16 Plus - H ng Ch nh H ng VN/A
https://www.lazada.vn/products/pdp-i2792189799.html,iPhone 16 Pro Max - Hàng Chính Hãng VN/A,11,31190000,Hồ Chí Minh,https://img.lazcdn.com/g/p/e9f1551bb945a16d8ac43fd39e328bee.png_200x200q80.avif,iPhone 16 Pro Max - H ng Ch nh H ng VN/A
https://www.lazada.vn/products/pdp-i2792147558.html,iPhone 16 - Hàng Chính Hãng VN/A,14,19690000,Hồ Chí Minh,https://img.lazcdn.com/g/p/03b0ae378f26c6761241c8ad0583ab48.png_200x200q80.avif,iPhone 16 - H ng Ch nh H ng VN/A
https://www.lazada.vn/products/pdp-i2792095339.html,iPhone 16 Pro - Hàng Chính Hãng VN/A,12,25490000,Hồ Chí Minh,https://img.lazcdn.com/g/p/0661fa6cc6fc466e1fa0137bb6366471.png_200x200q80.avif,iPhone 16 Pro - H ng Ch nh H ng VN/A
https://www.lazada.vn/products/pdp-i2789801267.html,"Điện Thoại Xiaomi Redmi 8A , màn 6.2 inch, chip lõi tám, ram 4gb, bộ nhớ 64gb, 2 sim",0,950000,Hà Nội,https://img.lazcdn.com/g/p/eef7df7cc3acf8fc4d355adb9547dac2.jpg_200x200q80.avif,i n Tho i Xiaomi Redmi 8A m n 6 2 inch chip l i t m ram 4gb b nh 64gb 2 sim
https://www.lazada.vn/products/pdp-i2787558139.html,Xác điện thoại Samsung S7 Edge G935 vỡ màn không mật khẩu,0,350000,Thanh Hóa,https://img.lazcdn.com/g/p/06e92254b8f49979d9454d61c43b7d02.jpg_200x200q80.avif,X c i n tho i Samsung S7 Edge G935 v m n kh ng m t kh u
https://www.lazada.vn/products/pdp-i2786564344.html,Điện thoại Samsung Galaxy J4 Core ngoại hình còn 80-90%,27,439000,Bình Định,https://img.lazcdn.com/g/p/6e36fffafe846a5188309ea0505599ef.jpg_200x200q80.avif,i n tho i Samsung Galaxy J4 Core ngo i h nh c n 80-90
https://www.lazada.vn/products/pdp-i2785338144.html,"Điện thoại Xiaomi Redmi 14C (4GB/128GB) - Hàng chính hãng - Màn hình lớn 6.88"", Tần số quét cao đến 120Hz, Camera kép AI 50MP, Helio G81-Ultra Vi xử lí tám nhân mạnh mẽ",12,2889000,Bến Tre,https://img.lazcdn.com/g/p/2d5dbba585832d04a97ac35a88970d5e.jpg_200x200q80.avif,i n tho i Xiaomi Redmi 14C 4GB/128GB - H ng ch nh h ng - M n h nh l n 6 88 T n s qu t cao n 120Hz Camera k p AI 50MP Helio G81-Ultra Vi x l t m nh n m nh m
https://www.lazada.vn/products/pdp-i2782947177.html,điện thoại Samsung A6 plus ram4G,0,1500000,Bến Tre,https://img.lazcdn.com/g/ff/kf/S28748e2537bd4c17949318a123bcef42G.jpg_200x200q80.avif,i n tho i Samsung A6 plus ram4G
https://www.lazada.vn/products/pdp-i2782123213.html,ĐIỆN THOẠI SAMSUNG GALAXY F52 LIKENEW FULLBOX 8/128Gb,0,2690000,Hà Tĩnh,https://img.lazcdn.com/g/ff/kf/S3f8a62e3bdb84b4aaefa68b231ce8de7i.jpg_200x200q80.avif,I N THO I Samsung GALAXY F52 LIKENEW FULLBOX 8/128Gb
https://www.lazada.vn/products/pdp-i2773731549.html,"Điện thoại Nokia 105 4G Pro - Hàng chính hãng - Màn hình IPS LCD 1.77'', hổ trợ 4G, Pin 1450 mAh",33,575000,Hà Nội,https://img.lazcdn.com/g/p/f8bb316943baf6dc99c1bdb6ebe5d15c.jpg_200x200q80.avif,i n tho i Nokia 105 4G Pro - H ng ch nh h ng - M n h nh IPS LCD 1 77 h tr 4G Pin 1450 mAh
https://www.lazada.vn/products/pdp-i2772475405.html,Điện thoại Samsung M15 5G (4Gb/128Gb) Chính hãng Samsung Việt Nam Mới 100% Nguyên Seal,18,3650000,Hà Nội,https://img.lazcdn.com/g/p/a8c2ce0f74622ed18619c5e8b9ddccdc.jpg_200x200q80.avif,i n tho i Samsung M15 5G 4Gb/128Gb Ch nh h ng Samsung Vi t Nam M i 100 Nguy n Seal
https://www.lazada.vn/products/pdp-i2768919232.html,Samsung A01 Core androi go 11 siêu mượt hỗ trợ nhiều app giải trí,0,480000,Hồ Chí Minh,https://img.lazcdn.com/g/ff/kf/Saf884b7c56aa499ca216f20c6c798766O.jpg_200x200q80.avif,Samsung A01 Core androi go 11 si u m t h tr nhi u app gi i tr
https://www.lazada.vn/products/pdp-i2764156288.html,"Điện thoại ZTE Blade A35 4GB/64GB I 5000Mah I 6.75"" HD+ 90Hz - Chính hãng",39,1890000,Hồ Chí Minh,https://img.lazcdn.com/g/p/ffa60fe75c31b9b769e7650ac2ff0ea3.jpg_200x200q80.avif,i n tho i ZTE Blade A35 4GB/64GB I 5000Mah I 6 75 HD+ 90Hz - Ch nh h ng
https://www.lazada.vn/products/pdp-i2763814045.html,Điện thoại cao cấp HONOR 200 5G 12GB + 256/512GB | Bộ 3 AI Camera 50MP | Pin 5200mAh sạc nhanh 100W | Chip Snapdragon 7 Gen 3 | Bảo hành 24 Tháng Hàng Chính Hãng,11,11590000,Long An,https://img.lazcdn.com/g/p/5a79b159ccbac60d52e1bcd517e4860a.png_200x200q80.avif,i n tho i cao c p HONOR 200 5G 12GB + 256/512GB B 3 AI Camera 50MP Pin 5200mAh s c nhanh 100W Chip Snapdragon 7 Gen 3 B o h nh 24 Th ng H ng Ch nh H ng
https://www.lazada.vn/products/pdp-i2763132005.html,điện thoại VlV0 Y93 ram 6G rom 128G 2sim đẹp zin,50,1095000,Hồ Chí Minh,https://img.lazcdn.com/g/p/54d5d7f03c8cb9328cdd10019f70b30f.jpg_200x200q80.avif,i n tho i VlV0 Y93 ram 6G rom 128G 2sim p zin
https://www.lazada.vn/products/pdp-i2763038276.html,điện thoại 0ppo F5 2SIM ram 6/128G màn hình 6 inch Android 7.1.1,47,739000,Hồ Chí Minh,https://img.lazcdn.com/g/p/f6df41c9185a8e933e7c8e2cf7d53c1d.jpg_200x200q80.avif,i n tho i 0ppo F5 2SIM ram 6/128G m n h nh 6 inch Android 7 1 1
https://www.lazada.vn/products/pdp-i2763015631.html,điện thoại 0ppo F9 Pro ram 8G rom 256G 2sim zin đẹp,50,1289000,Hồ Chí Minh,https://img.lazcdn.com/g/p/3141b9a6aec4895cf0607ce9e0870011.jpg_200x200q80.avif,i n tho i 0ppo F9 Pro ram 8G rom 256G 2sim zin p
https://www.lazada.vn/products/pdp-i2758325429.html,"Điện thoại Nubia ZTE Blade A35 4GB/64GB I 5000Mah I 6.75"" HD+ 90Hz",20,1890000,Hồ Chí Minh,https://img.lazcdn.com/g/p/4fd48f8e9d93cc29e8b627e13dc3c80a.png_200x200q80.avif,i n tho i Nubia ZTE Blade A35 4GB/64GB I 5000Mah I 6 75 HD+ 90Hz
https://www.lazada.vn/products/pdp-i2757697327.html,Bộ Sưu Tập Redmi K40 Game Enhanced Edition Bánh Mì Sau Bằng Kính Thay Thế Bằng Nhựa Trong Suốt Chống Rơi Sửa Chữa Máy Di Động,31,107000,China,https://img.lazcdn.com/g/ff/kf/S6fcac7b8c58d481b868737e0ccf764e9p.jpg_200x200q80.avif,B S u T p Redmi K40 Game Enhanced Edition B nh M Sau B ng K nh Thay Th B ng Nh a Trong Su t Ch ng R i S a Ch a M y Di ng
https://www.lazada.vn/products/pdp-i2750904697.html,Điện thoại redmi note 7 Ram 4G/64G,0,1550000,Bến Tre,https://img.lazcdn.com/g/ff/kf/S8b69e76ded0a481182306c918a8cb7cby.jpg_200x200q80.avif,i n tho i redmi note 7 Ram 4G/64G
https://www.lazada.vn/products/pdp-i2747887832.html,điện thoại VlV0 Y55 ram 6G rom 128G 2sim đẹp zin,47,529000,Hồ Chí Minh,https://img.lazcdn.com/g/p/c347a3482146258c0e4c6aea17f5ac8b.jpg_200x200q80.avif,i n tho i VlV0 Y55 ram 6G rom 128G 2sim p zin
https://www.lazada.vn/products/pdp-i2746701025.html,Điện Thoại Samsung Galaxy A15 - Hàng Chính Hãng,0,4990000,Hà Nội,https://img.lazcdn.com/g/p/e73fd44b8268eb71ed37bb520d3de7e3.png_200x200q80.avif,i n Tho i Samsung Galaxy A15 - H ng Ch nh H ng
https://www.lazada.vn/products/pdp-i2746629299.html,Điện Thoại Samsung Galaxy M35 5G - Hàng Chính Hãng,0,8790000,Hà Nội,https://img.lazcdn.com/g/p/a93af6511dccde95fdd9a72b15a77d10.png_200x200q80.avif,i n Tho i Samsung Galaxy M35 5G - H ng Ch nh H ng
https://www.lazada.vn/products/pdp-i2746562545.html,Điện Thoại Samsung Galaxy S24 Ultra 5G - Hàng Chính Hãng,0,33990000,Hà Nội,https://img.lazcdn.com/g/p/8a7954964846f24411386df2ef079c01.png_200x200q80.avif,i n Tho i Samsung Galaxy S24 Ultra 5G - H ng Ch nh H ng
https://www.lazada.vn/products/pdp-i2744802505.html,"Sim nghe gọi, tạo mọi tài khoản, nhận OTP",0,15000,Đồng Nai,https://img.lazcdn.com/g/ff/kf/Sbbee406ed7d44ec68f78f1c79e27468cd.jpg_200x200q80.avif,Sim nghe g i t o m i t i kho n nh n OTP
https://www.lazada.vn/products/pdp-i2744156694.html,Điện Thoại Samsung Galaxy S24 Ultra (12GB/256GB) - Hàng Chính Hãng,28,24450000,Hà Nội,https://img.lazcdn.com/g/p/fdec09a905634172ac879405268181bd.jpg_200x200q80.avif,i n Tho i Samsung Galaxy S24 Ultra 12GB/256GB - H ng Ch nh H ng
https://www.lazada.vn/products/pdp-i2741649048.html,2023 điện thoại CHÍNH HÃNG Galaxy S22 Ultra 6.93inch Bộ nhớ 256GB MỚI Sẵn Tiếng Việt chơi LIÊN QUÂN-PUBG-FREE FIRE ngon lành Học Online đỉnh,37,950000,Quảng Ngãi,https://img.lazcdn.com/g/p/5f9511c32c59b897efc53b7bdc3a534f.jpg_200x200q80.avif,2023 i n tho i CH NH H NG Galaxy S22 Ultra 6 93inch B nh 256GB M I S n Ti ng Vi t ch i LI N QU N-PUBG-FREE FIRE ngon l nh H c Online nh
https://www.lazada.vn/products/pdp-i2741624159.html,Điện thoại Samsung Galaxy A01 Chơi Game  Quângiải trí tốt,10,899000,Quảng Ngãi,https://img.lazcdn.com/g/p/e6e6ea745bb5ab5a6da940c0cce19a19.jpg_200x200q80.avif,i n tho i Samsung Galaxy A01 Ch i Game Qu ngi i tr t t
https://www.lazada.vn/products/pdp-i2740693126.html,điện thoại samsung s22 5g máy đẹp nguyên zin bản mỹ 2 sim ram 8/128g,7,6990000,Hồ Chí Minh,https://img.lazcdn.com/g/p/70085fe8029d8ed9b63dc3a001243060.png_200x200q80.avif,i n tho i Samsung s22 5g m y p nguy n zin b n m 2 sim ram 8/128g
https://www.lazada.vn/products/pdp-i2739905066.html,"Điện thoại Samsung Galaxy Z Fold6 12GB | 256GB - AMOLED 2x 7.6"" | Chip Snapdragon 8 Gen 3 - Bảo hành độc quyền 2 năm",21,36890000,Hồ Chí Minh,https://img.lazcdn.com/g/p/f38e935f36056ac5ac35b5b400194a69.png_200x200q80.avif,i n tho i Samsung Galaxy Z Fold6 12GB 256GB - AMOLED 2x 7 6 Chip Snapdragon 8 Gen 3 - B o h nh c quy n 2 n m
https://www.lazada.vn/products/pdp-i2739764574.html,"Điện thoại Samsung Galaxy Z Fold6 12GB | 512GB - AMOLED 2x 7.6"" | Chip Snapdragon 8 Gen 3 - Bảo hành độc quyền 2 năm",20,40990000,Hồ Chí Minh,https://img.lazcdn.com/g/p/fe64bbfebf3793004c97be00239c5ef3.png_200x200q80.avif,i n tho i Samsung Galaxy Z Fold6 12GB 512GB - AMOLED 2x 7 6 Chip Snapdragon 8 Gen 3 - B o h nh c quy n 2 n m
https://www.lazada.vn/products/pdp-i2739724723.html,"Điện thoại Samsung Galaxy Z Flip6 12GB | 512GB - AMOLED 6.7"" 120Hz | Chip Snapdragon® 8 Gen 3 - Bảo hành độc quyền 2 năm",25,25450000,Hồ Chí Minh,https://img.lazcdn.com/g/p/1124d0d7ed926e02ce9b1395e622c280.png_200x200q80.avif,i n tho i Samsung Galaxy Z Flip6 12GB 512GB - AMOLED 6 7 120Hz Chip Snapdragon 8 Gen 3 - B o h nh c quy n 2 n m
https://www.lazada.vn/products/pdp-i2735020440.html,Điện thoại Samsung Galaxy M55 5G 12GB/256GB - Hàng Chính Hãng - Bảo hành 12 Tháng,29,8490000,Đà Nẵng,https://img.lazcdn.com/g/p/d983bfc546d30284879d840caec6abac.jpg_200x200q80.avif,i n tho i Samsung Galaxy M55 5G 12GB/256GB - H ng Ch nh H ng - B o h nh 12 Th ng
https://www.lazada.vn/products/pdp-i2734485414.html,Điện Thoại OPPO A38 (6GB/128GB) - Hàng chính hãng,0,4490000,Hồ Chí Minh,https://img.lazcdn.com/g/p/5184d92fdfe1dc5a6b213318b88e7d91.jpg_200x200q80.avif,i n Tho i OPPO A38 6GB/128GB - H ng ch nh h ng
https://www.lazada.vn/products/pdp-i2732264743.html,Samsung Galaxy Z Fold6 5G F956 512GB Ram 12GB Chính Hãng - 26181,8,43990000,Hồ Chí Minh,https://img.lazcdn.com/g/p/d4610cc1daac24cd8eeb817cf561b68a.jpg_200x200q80.avif,Samsung Galaxy Z Fold6 5G F956 512GB Ram 12GB Ch nh H ng - 26181
https://www.lazada.vn/products/pdp-i2730161100.html,Điện thoại Samsung galaxy M31 Ram 6G bộ nhớ 128GB Pin 6000 mAh máy zin đẹp 99 tặng 1 ốp lưng,28,900000,Quảng Ngãi,https://img.lazcdn.com/g/p/a800e0d66e739a100f51dab80df207ce.jpg_200x200q80.avif,i n tho i Samsung galaxy M31 Ram 6G b nh 128GB Pin 6000 mAh m y zin p 99 t ng 1 p l ng
https://www.lazada.vn/products/pdp-i2729361124.html,Huyền Thoại Marvel - Stan Lee,0,77777,Gia Lai,https://img.lazcdn.com/g/p/156267836ca4dc4743f214b80abfffe5.jpg_200x200q80.avif,Huy n Tho i Marvel - Stan Lee
https://www.lazada.vn/products/pdp-i2728403631.html,Điện thoại Samsung Galaxy J4+ ngoại hình còn mới 85-90%,43,458000,Bình Định,https://img.lazcdn.com/g/p/04cebdd60d719f238e3710f347e0d842.jpg_200x200q80.avif,i n tho i Samsung Galaxy J4+ ngo i h nh c n m i 85-90
https://www.lazada.vn/products/pdp-i2728105516.html,Samsung Galaxy Z Fold6 5G 12GB/256GB Chính Hãng,16,37000000,Hồ Chí Minh,https://img.lazcdn.com/g/p/fddb07daa02f31bee89c451aff84c26b.jpg_200x200q80.avif,Samsung Galaxy Z Fold6 5G 12GB/256GB Ch nh H ng
https://www.lazada.vn/products/pdp-i2728102787.html,"Điện thoại HONOR X6b (6+6)GB+128GB | Pin 5200mAh, Camera 50MP AI, tần số quét 90Hz| Chống bể vỡ | Bảo hành 18 tháng Hàng Chính Hãng",15,3390000,Long An,https://img.lazcdn.com/g/p/07a800050c258fb98df2f94e4ad9c2b9.png_200x200q80.avif,i n tho i HONOR X6b 6+6 GB+128GB Pin 5200mAh Camera 50MP AI t n s qu t 90Hz Ch ng b v B o h nh 18 th ng H ng Ch nh H ng
https://www.lazada.vn/products/pdp-i2727984292.html,Điện thoại Samsung Galaxy Z Flip 6 5G - Hàng Chính Hãng,29,20690000,Đà Nẵng,https://img.lazcdn.com/g/p/1c532bdee34217fc3e8315f57d7f6cc9.jpg_200x200q80.avif,i n tho i Samsung Galaxy Z Flip 6 5G - H ng Ch nh H ng
https://www.lazada.vn/products/pdp-i2726727889.html,Điện thoại Samsung Galaxy S24 Ultra 12GB 256GB Chính Hãng,18,26890000,Hồ Chí Minh,https://img.lazcdn.com/g/p/ac707834fa3b7edc259340f9c785ada2.jpg_200x200q80.avif,i n tho i Samsung Galaxy S24 Ultra 12GB 256GB Ch nh H ng
https://www.lazada.vn/products/pdp-i2725367020.html,"Điện thoại Redmi Note 13R 5G 6GB/128GB Snapdragon 4+ Gen 2, Màn Full HD+ 120Hz , Sạc nhanh 33W - Hàng nhập khẩu",14,3189000,Nghệ An,https://img.lazcdn.com/g/p/2be0ce173c7ed01db85ba58c3351f10b.jpg_200x200q80.avif,i n tho i Redmi Note 13R 5G 6GB/128GB Snapdragon 4+ Gen 2 M n Full HD+ 120Hz S c nhanh 33W - H ng nh p kh u
https://www.lazada.vn/products/pdp-i2723215150.html,"Máy giặt sấy Samsung thông minh Bespoke AI™ với Ngăn giặt xả tự động, 21kg; WD21B6400KV/SV",0,37989600,Hồ Chí Minh,https://img.lazcdn.com/g/p/21628484b2f298f47521c588a74e2fcd.png_200x200q80.avif,M y gi t s y Samsung th ng minh Bespoke AI v i Ng n gi t x t ng 21kg WD21B6400KV/SV
https://www.lazada.vn/products/pdp-i2723078628.html,Màn hình Samsung thông minh 32 Smart M5 M50D FHD LS32DM500EEXXV,0,6989000,Hồ Chí Minh,https://img.lazcdn.com/g/p/faaba35ffd5699d60a8d6bfcf10a67da.png_200x200q80.avif,M n h nh Samsung th ng minh 32 Smart M5 M50D FHD LS32DM500EEXXV
https://www.lazada.vn/products/pdp-i2723049146.html,Điện thoại Samsung Galaxy Z Fold6,0,43990000,Hồ Chí Minh,https://img.lazcdn.com/g/p/864b2a0179e7d6d7592720522bdb8473.png_200x200q80.avif,i n tho i Samsung Galaxy Z Fold6
https://www.lazada.vn/products/pdp-i2722905640.html,Điện thoại Samsung Galaxy Z Flip6 Online Exclusive,0,28990000,Hồ Chí Minh,https://img.lazcdn.com/g/p/24b9c0f54316a208a21ec55602acff77.png_200x200q80.avif,i n tho i Samsung Galaxy Z Flip6 Online Exclusive
https://www.lazada.vn/products/pdp-i2722901832.html,"Điện thoại Redmi 12 5G (4GB/128GB) Snapdragon 4 Gen 2, Rom Quốc tế có sẳn Tiếng việt - Hàng nhật nhập khẩu",21,2929000,Nghệ An,https://img.lazcdn.com/g/p/6b9cfbac21e0b17024a424930ecc4eb1.jpg_200x200q80.avif,i n tho i Redmi 12 5G 4GB/128GB Snapdragon 4 Gen 2 Rom Qu c t c s n Ti ng vi t - H ng nh t nh p kh u
https://www.lazada.vn/products/pdp-i2722801913.html,Điện thoại Samsung Galaxy Z Fold6 Online Exclusive,0,43990000,Hồ Chí Minh,https://img.lazcdn.com/g/p/80da81e534212dadd2430d3664208eea.png_200x200q80.avif,i n tho i Samsung Galaxy Z Fold6 Online Exclusive
https://www.lazada.vn/products/pdp-i2721260277.html,ĐIỆN THOẠI J600 J6 2018,47,569000,Hà Nội,https://img.lazcdn.com/g/p/a70781a10eeeddda0b299587bd0c3625.jpg_200x200q80.avif,I N THO I J600 J6 2018
https://www.lazada.vn/products/pdp-i2720636517.html,"Điện thoại Nubia Music NFC 8(4+4)/128GB | 6.6"" HD+ 90Hz | 2 Jack tai nghe - Hàng chính hãng",12,2290000,Hồ Chí Minh,https://img.lazcdn.com/g/p/15e77d2712ad0251149c78a8e48fe42e.png_200x200q80.avif,i n tho i Nubia Music NFC 8 4+4 /128GB 6 6 HD+ 90Hz 2 Jack tai nghe - H ng ch nh h ng
https://www.lazada.vn/products/pdp-i2711451590.html,Điện thoại gaming Tecno Pova 6 (8+8)GB/256GB I 6000mAh + 70W I AMOLED 120Hz I 108MP,0,6490000,Hồ Chí Minh,https://img.lazcdn.com/g/p/84cd408f1928f2eca52c5339e4af99ec.png_200x200q80.avif,i n tho i gaming Tecno Pova 6 8+8 GB/256GB I 6000mAh + 70W I AMOLED 120Hz I 108MP
https://www.lazada.vn/products/pdp-i2708491292.html,"điện thoại samsung j6p/j6 plus xanh đã qua sử dụng, full chức năng",0,650000,Đồng Nai,https://img.lazcdn.com/g/p/6bdbbef7780ee13f5089db098575e99e.jpg_200x200q80.avif,i n tho i Samsung j6p/j6 plus xanh qua s d ng full ch c n ng
https://www.lazada.vn/products/pdp-i2708386063.html,Điện Thoại Nubia V60 Design | 6/256GB | 6.6'' HD+ | Octa Core 1.6GHZ | 5000mAh 22.5W | Chính Hãng,15,2790000,Hồ Chí Minh,https://img.lazcdn.com/g/p/8e0ddcbdf38f2545be838c63ec9a096e.png_200x200q80.avif,i n Tho i Nubia V60 Design 6/256GB 6 6 HD+ Octa Core 1 6GHZ 5000mAh 22 5W Ch nh H ng
https://www.lazada.vn/products/pdp-i2707569676.html,điện thoại VIV0 Y55 ram 4G rom 64G 2sim zin đẹp,49,549000,Hồ Chí Minh,https://img.lazcdn.com/g/p/993215275c3d9e40ace09aa0e097a31a.jpg_200x200q80.avif,i n tho i Vivo Y55 ram 4G rom 64G 2sim zin p
https://www.lazada.vn/products/pdp-i2704683720.html,Điện thoại Samsung Galaxy M15 5G,6,4429850,Hà Nội,https://img.lazcdn.com/g/p/b6c521e60d9822f3949438d0e937923f.jpg_200x200q80.avif,i n tho i Samsung Galaxy M15 5G
https://www.lazada.vn/products/pdp-i2704653830.html,Điện thoại Samsung Galaxy A35 5G,10,7464971,Hà Nội,https://img.lazcdn.com/g/p/560f8aaab8ee4e8807efb4f4aac993fd.jpg_200x200q80.avif,i n tho i Samsung Galaxy A35 5G
https://www.lazada.vn/products/pdp-i2700052701.html,Điện thoại sony xperia 5 mark III 2 sim màn oled 120hz snap 888 ram 8gb bộ nhớ 128gb 6.1 inch,0,3699000,Hồ Chí Minh,https://img.lazcdn.com/g/p/1f91132ac46093c49789da25ed515926.jpg_200x200q80.avif,i n tho i sony xperia 5 mark III 2 sim m n oled 120hz snap 888 ram 8gb b nh 128gb 6 1 inch
https://www.lazada.vn/products/pdp-i2692546167.html,[TẶNG CỦ SẠC-QUÀ GIAO KÈM HÀNG] Điện thoại Samsung Galaxy A05 4GB/128GB,7,1770000,Quảng Ngãi,https://img.lazcdn.com/g/p/be9a2339464ac32ffa4b556df6106d8f.jpg_200x200q80.avif,T NG C S C-QU GIAO K M H NG i n tho i Samsung Galaxy A05 4GB/128GB
https://www.lazada.vn/products/pdp-i2689211788.html,Điện thoại Samsung Galaxy A35 5G 8GB/128GB Chính hãng Samsung Việt Nam Mới 100% Nguyên Seal,23,6390000,Hà Nội,https://img.lazcdn.com/g/p/c88d42c4131f2cab066063480df3bf9d.jpg_200x200q80.avif,i n tho i Samsung Galaxy A35 5G 8GB/128GB Ch nh h ng Samsung Vi t Nam M i 100 Nguy n Seal
https://www.lazada.vn/products/pdp-i2688813451.html,"[MEGA - SALE ĐẬM TỪ 20H 5.6] Điện thoại Samsung Galaxy Z Fold6, điện thoại AI, màn hình cực đại 7.6"", mỏng nhẹ",0,43990000,Hồ Chí Minh,https://img.lazcdn.com/g/p/fca5809865c853861053417639b59b6e.jpg_200x200q80.avif,MEGA - SALE M T 20H 5 6 i n tho i Samsung Galaxy Z Fold6 i n tho i AI m n h nh c c i 7 6 m ng nh
https://www.lazada.vn/products/pdp-i2688763498.html,"[MEGA - SALE ĐẬM TỪ 20H 5.6] Điện thoại Samsung Galaxy Z Flip6, điện thoại AI, pin lớn 4000mAh, Flexcam 50MP",0,28990000,Hồ Chí Minh,https://img.lazcdn.com/g/p/4a7fd756429a1072d74dbfd0216531d4.jpg_200x200q80.avif,MEGA - SALE M T 20H 5 6 i n tho i Samsung Galaxy Z Flip6 i n tho i AI pin l n 4000mAh Flexcam 50MP
https://www.lazada.vn/products/pdp-i2687736628.html,Điện thoại OnePlus Ace 3V 5G (Snapdrgon 7+ gen 3 - AMOLED 1.5K) đã unlock 2 sim likenew kèm sạc 100W,0,6750000,Hà Nội,https://img.lazcdn.com/g/p/24eeb65db595deb6f0df71f476a74bea.jpg_200x200q80.avif,i n tho i OnePlus Ace 3V 5G Snapdrgon 7+ gen 3 - AMOLED 1 5K unlock 2 sim likenew k m s c 100W
https://www.lazada.vn/products/pdp-i2680946297.html,Điện thoại Samsung Galaxy A55 5G - Hàng chính hãng,19,8120000,Hà Nội,https://img.lazcdn.com/g/p/7899a7408510c74ccba38d8437b1d3a0.jpg_200x200q80.avif,i n tho i Samsung Galaxy A55 5G - H ng ch nh h ng
https://www.lazada.vn/products/pdp-i2680649882.html,Điện thoại Samsung Galaxy A35 5G - Hàng chính hãng,16,6950000,Hà Nội,https://img.lazcdn.com/g/p/6659dca994310d4d4b56b4d92738e530.jpg_200x200q80.avif,i n tho i Samsung Galaxy A35 5G - H ng ch nh h ng
https://www.lazada.vn/products/pdp-i2680497881.html,Điện thoại Samsung Galaxy M15 5G - Hàng chính hãng,17,3890000,Hà Nội,https://img.lazcdn.com/g/p/9710d06e3a02f2bfdfbad3898f4c6b8c.jpg_200x200q80.avif,i n tho i Samsung Galaxy M15 5G - H ng ch nh h ng
https://www.lazada.vn/products/pdp-i2678767659.html,Điện thoại OPPO A58 (8GB/128GB) - Hàng chính hãng,0,5490000,Hà Nội,https://img.lazcdn.com/g/p/56df25a52da88c75a9a266d2b15bb065.jpg_200x200q80.avif,i n tho i OPPO A58 8GB/128GB - H ng ch nh h ng
https://www.lazada.vn/products/pdp-i2677080265.html,"Điện thoại Xiaomi Redmi Note 13 5G (6G/128GB) Màn hình Amoled 6.67"" Chip Dimensity 6080 - Hàng nhập khẩu",25,3679000,Nghệ An,https://img.lazcdn.com/g/p/0e4182ae2e2513b1780fe540b1940a3d.jpg_200x200q80.avif,i n tho i Xiaomi Redmi Note 13 5G 6G/128GB M n h nh Amoled 6 67 Chip Dimensity 6080 - H ng nh p kh u
https://www.lazada.vn/products/pdp-i2675626412.html,"Điện thoại Samsung S22 Plus 5G Mỹ 2 SIM - Snapdragon 8 Gen 1 , màn QuadHD 120Ghz mượt | 256Gb || Zinmobile",5,9550000,Hà Nội,https://img.lazcdn.com/g/p/311f7bb27127f38127c5c7f54de56daa.jpg_200x200q80.avif,i n tho i Samsung S22 Plus 5G M 2 SIM - Snapdragon 8 Gen 1 m n QuadHD 120Ghz m t 256Gb Zinmobile
https://www.lazada.vn/products/pdp-i2674891080.html,Điện thoại Sony Xperia 5 IV (X5 Mark 4) Snaρdragon 8 Gen 1 - Màn OLED 120Hz,0,3998000,Nghệ An,https://img.lazcdn.com/g/p/6ca151339cea008381cde1a0e4bc18fc.jpg_200x200q80.avif,i n tho i Sony Xperia 5 IV X5 Mark 4 Sna dragon 8 Gen 1 - M n OLED 120Hz
https://www.lazada.vn/products/pdp-i2673001675.html,"Điện thoại di động chính hãng S22 Ultra Murah 6,8 inch bộ nhớ lớn 8+256GB hai thẻ SIM Camera HD 32+64MP chính hãng pin 6800mAh gọi tốt và trải nghiệm chơi game mượt mà",50,1236700,Hà Nội,https://img.lazcdn.com/g/p/aa88f8d35cca5219099caae94406a767.jpg_200x200q80.avif,i n tho i di ng ch nh h ng S22 Ultra Murah 6 8 inch b nh l n 8+256GB hai th SIM Camera HD 32+64MP ch nh h ng pin 6800mAh g i t t v tr i nghi m ch i game m t m
https://www.lazada.vn/products/pdp-i2672450529.html,SAMSUNG A30 RAM 4GB/64GB Máy đẹp dùng mượt,40,750000,Bạc Liêu,https://img.lazcdn.com/g/ff/kf/See9fc6dee12b4d8fac88287c33efa7a3x.jpg_200x200q80.avif,Samsung A30 RAM 4GB/64GB M y p d ng m t
https://www.lazada.vn/products/pdp-i2672449481.html,Samsung A20 RAM 3GB/32GB máy đẹp,32,685000,Bạc Liêu,https://img.lazcdn.com/g/ff/kf/S5b80516565ae4c5da2a3f24601d1ab27k.jpg_200x200q80.avif,Samsung A20 RAM 3GB/32GB m y p
https://www.lazada.vn/products/pdp-i2671163007.html,Điện thoại Samsung Galaxy S23,0,18990000,Hồ Chí Minh,https://img.lazcdn.com/g/p/84bcbdaf3ae50c665e28c9943745c370.jpg_200x200q80.avif,i n tho i Samsung Galaxy S23
https://www.lazada.vn/products/pdp-i2671154021.html,Điện thoại Samsung Galaxy S24 Ultra Online Exclusive,0,33990000,Hồ Chí Minh,https://img.lazcdn.com/g/p/ff02fdd6c6ebc693060028ad51c18019.jpg_200x200q80.avif,i n tho i Samsung Galaxy S24 Ultra Online Exclusive
https://www.lazada.vn/products/pdp-i2671053274.html,Điện thoại Samsung Galaxy S24+ Online Exclusive,0,26990000,Hồ Chí Minh,https://img.lazcdn.com/g/p/88dc215b2d08a4928275e76354643e73.jpg_200x200q80.avif,i n tho i Samsung Galaxy S24+ Online Exclusive
https://www.lazada.vn/products/pdp-i2671051273.html,Điện thoại Samsung Galaxy A15,0,4989600,Hồ Chí Minh,https://img.lazcdn.com/g/p/62a246eb8ac101c1bdfac481a11793d7.jpg_200x200q80.avif,i n tho i Samsung Galaxy A15
https://www.lazada.vn/products/pdp-i2671039249.html,Điện thoại Samsung Galaxy A55 5G,0,9990200,Hồ Chí Minh,https://img.lazcdn.com/g/p/9c40ec0706f3103750872af1dc52a60b.jpg_200x200q80.avif,i n tho i Samsung Galaxy A55 5G
https://www.lazada.vn/products/pdp-i2671037275.html,Điện thoại Samsung Galaxy S23 FE,0,14889600,Hồ Chí Minh,https://img.lazcdn.com/g/p/ffa4db3b8f7573818efe7689188d3512.jpg_200x200q80.avif,i n tho i Samsung Galaxy S23 FE
https://www.lazada.vn/products/pdp-i2671034250.html,Điện thoại Samsung Galaxy S24 Ultra,0,33990000,Hồ Chí Minh,https://img.lazcdn.com/g/p/32a24bc9e192bbc9a79008c363674c0b.jpg_200x200q80.avif,i n tho i Samsung Galaxy S24 Ultra
https://www.lazada.vn/products/pdp-i2671028242.html,Điện thoại Samsung Galaxy M15 5G,0,4690400,Hồ Chí Minh,https://img.lazcdn.com/g/p/b6c521e60d9822f3949438d0e937923f.jpg_200x200q80.avif,i n tho i Samsung Galaxy M15 5G
https://www.lazada.vn/products/pdp-i2670998391.html,Điện thoại Samsung Galaxy Z Fold5 Online Exclusive,0,40990400,Hồ Chí Minh,https://img.lazcdn.com/g/p/97ad0b1ac0b21b2e594b540b9589b966.jpg_200x200q80.avif,i n tho i Samsung Galaxy Z Fold5 Online Exclusive
https://www.lazada.vn/products/pdp-i2670990430.html,Điện thoại Samsung Galaxy Z Fold5,0,40990400,Hồ Chí Minh,https://img.lazcdn.com/g/p/5815c465d38e7815dd8d1492b5b390af.jpg_200x200q80.avif,i n tho i Samsung Galaxy Z Fold5
https://www.lazada.vn/products/pdp-i2670986456.html,Điện thoại Samsung Galaxy S24+,0,26990000,Hồ Chí Minh,https://img.lazcdn.com/g/p/d8656851cf92b93f66d948ecc7f8629f.jpg_200x200q80.avif,i n tho i Samsung Galaxy S24+
https://www.lazada.vn/products/pdp-i2669537627.html,Samsung L700,0,400000,Hồ Chí Minh,https://img.lazcdn.com/g/p/46a545f63945538331fcf0db4130546c.jpg_200x200q80.avif,Samsung L700
https://www.lazada.vn/products/pdp-i2667489275.html,Dien Thoại Di Động S23 Ultra 7.3Inch Thông Minh 12+512GB Android Giá Rẻ Hỗ Trợ Bluetooth Sim Kép Pin 6800mAh,50,1248000,Hà Nội,https://img.lazcdn.com/g/p/e5b66d4ce603f0cefd63b69d1c411aca.jpg_200x200q80.avif,Dien Tho i Di ng S23 Ultra 7 3Inch Th ng Minh 12+512GB Android Gi R H Tr Bluetooth Sim K p Pin 6800mAh
https://www.lazada.vn/products/pdp-i2667217577.html,"Samsung Galaxy S24 Ultra, 12GB/256GB Chính hãng",32,23200000,Hồ Chí Minh,https://img.lazcdn.com/g/p/a2ebacbc1ff61480cd2e706845f19b40.png_200x200q80.avif,Samsung Galaxy S24 Ultra 12GB/256GB Ch nh h ng
https://www.lazada.vn/products/pdp-i2666989716.html,Samsung Galaxy S24 Ultra 12GB/512GB Chính hãng,35,24200000,Hồ Chí Minh,https://img.lazcdn.com/g/p/b5c5ca57520346dd0b7d82a3b8443deb.jpg_200x200q80.avif,Samsung Galaxy S24 Ultra 12GB/512GB Ch nh h ng
https://www.lazada.vn/products/pdp-i2666250379.html,Điện thoại chính hãng 2024 Galaxy S22 Ultra 6.93 inch 256GB bộ nhớ tiếng Việt mới chơi được combo-PUBG-FREE FIRE hỗ trợ Bluetooth Wi-Fi,50,872500,Hà Nội,https://img.lazcdn.com/g/p/69d0c0fb8cd4e9aa17cb04109ccfcfbc.jpg_200x200q80.avif,i n tho i ch nh h ng 2024 Galaxy S22 Ultra 6 93 inch 256GB b nh ti ng Vi t m i ch i c combo-PUBG-FREE FIRE h tr Bluetooth Wi-Fi
https://www.lazada.vn/products/pdp-i2662793524.html,Điện thoại Samsung Galaxy S24 Ultra 12GB/256GB (đã kích hoạt BHĐT),0,37490000,Hà Nội,https://img.lazcdn.com/g/p/f6ed7705b79637a28cecc6ae5192e496.png_200x200q80.avif,i n tho i Samsung Galaxy S24 Ultra 12GB/256GB k ch ho t BH T
https://www.lazada.vn/products/pdp-i2662414316.html,"Điện thoại thông minh POCO M6 (6+128GB | 8+256GB) | Màn hình FHD+ 6,79"" 90Hz | MediaTek Helio G91Ultra | Camera 108MP",0,5290000,Hồ Chí Minh,https://img.lazcdn.com/g/p/74b67af39e07f54dac0eedfb15c7de6e.jpg_200x200q80.avif,i n tho i th ng minh POCO M6 6+128GB 8+256GB M n h nh FHD+ 6 79 90Hz MediaTek Helio G91Ultra Camera 108MP
https://www.lazada.vn/products/pdp-i2662264983.html,"Ngày thiếu nhi Galaxy S23 Điện thoại thông minh siêu rẻ Điện thoại di động 7,3 inch 8 + 256GB 4G/5G giá rẻ với hiệu quả chi phí cao và truy cập Internet Pin 6800mAh Món quà chân thành cho trẻ em và học sinh",50,1036100,Hà Nội,https://img.lazcdn.com/g/p/8f67b53625ef4ad2c1ef977ccde84b80.jpg_200x200q80.avif,Ng y thi u nhi Galaxy S23 i n tho i th ng minh si u r i n tho i di ng 7 3 inch 8 + 256GB 4G/5G gi r v i hi u qu chi ph cao v truy c p Internet Pin 6800mAh M n qu ch n th nh cho tr em v h c sinh
https://www.lazada.vn/products/pdp-i2661626298.html,"[Trả tiền khi giao hàng] Điện thoại di động S22 Ultra RAM 8GB 256GB ROM 6,5 inch Điện thoại di động giá rẻ Thẻ SIM kép Trò chơi điện tử Chơi không bị chặn",50,1110850,Hà Nội,https://img.lazcdn.com/g/p/31b7b8b6f1d63761b10dc93dc27f7441.jpg_200x200q80.avif,Tr ti n khi giao h ng i n tho i di ng S22 Ultra RAM 8GB 256GB ROM 6 5 inch i n tho i di ng gi r Th SIM k p Tr ch i i n t Ch i kh ng b ch n
https://www.lazada.vn/products/pdp-i2661490636.html,"2024 Điện thoại di động giá rẻ dành cho sinh viên S23 Điện thoại di động siêu đích thực 7,3 inch Bộ nhớ lớn 6 + 128GB Camera 32 + 64MP Pin Pin dung lượng lớn 6800mAh Có thể tặng cho trẻ em và người già",50,1110500,Hà Nội,https://img.lazcdn.com/g/p/21abb1b69f6e7ed1f524a97092616ff9.jpg_200x200q80.avif,2024 i n tho i di ng gi r d nh cho sinh vi n S23 i n tho i di ng si u ch th c 7 3 inch B nh l n 6 + 128GB Camera 32 + 64MP Pin Pin dung l ng l n 6800mAh C th t ng cho tr em v ng i gi
https://www.lazada.vn/products/pdp-i2660705171.html,Samsung E1232B,0,350000,Hồ Chí Minh,https://img.lazcdn.com/g/p/b147e92c7ebd00100d6c238cf3a3f8fd.jpg_200x200q80.avif,Samsung E1232B
https://www.lazada.vn/products/pdp-i2660000417.html,S23 Ultra 48 + 72MP HD Camera chính hãng Pin 6800mAh Màn hình 6.8 inch bộ nhớ lớn Dual SIM 16 + 512GB,50,1124400,Hà Nội,https://img.lazcdn.com/g/p/9d8c0bc90410dcbec5ee50ef1e2026a6.jpg_200x200q80.avif,S23 Ultra 48 + 72MP HD Camera ch nh h ng Pin 6800mAh M n h nh 6 8 inch b nh l n Dual SIM 16 + 512GB
https://www.lazada.vn/products/pdp-i2659472206.html,Giá Học Sinh S23 Ultra Điện Thoại Full HD 7.3Inch Bộ Nhớ 8+256GB Camera HD Pin 6800mAh Chính Hãng Giá Rẻ,50,1178660,Hà Nội,https://img.lazcdn.com/g/p/83ccf996d5a9c10b482fc1a579279eb7.jpg_200x200q80.avif,Gi H c Sinh S23 Ultra i n Tho i Full HD 7 3Inch B Nh 8+256GB Camera HD Pin 6800mAh Ch nh H ng Gi R
https://www.lazada.vn/products/pdp-i2659356892.html,Điên Thoại Di Động Giá Rẻ S23+ Ultra Chính Hãng Màn Hình 6.8Inch Cuộc Gọi Chơi Trò Chơi Điện Thoại Thông Minh 16+512GB Camera 48+72MP Pin 6800mAh Giá Rẻ,50,1225500,Hà Nội,https://img.lazcdn.com/g/p/0ccc03f3b4688269890d1afc43d41bc8.jpg_200x200q80.avif,i n Tho i Di ng Gi R S23+ Ultra Ch nh H ng M n H nh 6 8Inch Cu c G i Ch i Tr Ch i i n Tho i Th ng Minh 16+512GB Camera 48+72MP Pin 6800mAh Gi R
https://www.lazada.vn/products/pdp-i2659050491.html,điện thoại 0PP0 A37 Ram 2G Bộ Nhớ 16G Zin Đẹp,49,399000,Hồ Chí Minh,https://img.lazcdn.com/g/p/40f412fd67709b69dec3b447d6982e51.jpg_200x200q80.avif,i n tho i OPPO A37 Ram 2G B Nh 16G Zin p
https://www.lazada.vn/products/pdp-i2658585204.html,Điện thoại Samsung J7pro và J7prime thanh lý. máy Ram 3G. Bộ nhớ 32G. đẹp 97%. BẢO HÀNH 06 THÁNG,0,665000,Hải Dương,https://img.lazcdn.com/g/p/02839ccb79d6a14a63f250c25bc44469.jpg_200x200q80.avif,i n tho i Samsung J7Pro v J7prime thanh l m y Ram 3G B nh 32G p 97 B O H NH 06 TH NG
https://www.lazada.vn/products/pdp-i2657649347.html,đt giá rẻ cho học sinh 6.7inch điện thoại giá siêu rẻ Bộ nhớ 16+512GB đt giá học sinh Pin Lớn 6000mAh Android đt giá rẻ chính hãng Bán giá rẻ,46,1027536,Hà Nội,https://img.lazcdn.com/g/p/3818f33ca3658a1ca53fd3bd01dd656a.jpg_200x200q80.avif,t gi r cho h c sinh 6 7inch i n tho i gi si u r B nh 16+512GB t gi h c sinh Pin L n 6000mAh Android t gi r ch nh h ng B n gi r
https://www.lazada.vn/products/pdp-i2657476731.html,"S23 Ultra Điện Thoại Di Động Chính Hãng Murah Màn Hình, Full HD 6.8Inch Bộ Nhớ 8+256GB Hai Thẻ Sim Camera HD Pin 6800mAh Điện Thoại Giá Rẻ",47,1174100,Hà Nội,https://img.lazcdn.com/g/p/c031ef3ae8a4f3336cef42cacabba399.jpg_200x200q80.avif,S23 Ultra i n Tho i Di ng Ch nh H ng Murah M n H nh Full HD 6 8Inch B Nh 8+256GB Hai Th Sim Camera HD Pin 6800mAh i n Tho i Gi R
https://www.lazada.vn/products/pdp-i2657434233.html,điện thoại 0 đồng，S23 Ultra Điện Thoại Di Động Chính Hãng Murah Màn Hình Full HD 6.8Inch Điện Thoại Di Động Bộ Nhớ Lớn 2+16GB Hai Thẻ Sim Camera HD 48+72MP Pin 6800mAh điện thoại chính hãng giá rẻ,50,1084499,Hà Nội,https://img.lazcdn.com/g/p/07da3c6ab908519d4a7492467f927cee.jpg_200x200q80.avif,i n tho i 0 ng S23 Ultra i n Tho i Di ng Ch nh H ng Murah M n H nh Full HD 6 8Inch i n Tho i Di ng B Nh L n 2+16GB Hai Th Sim Camera HD 48+72MP Pin 6800mAh i n tho i ch nh h ng gi r
https://www.lazada.vn/products/pdp-i2656663943.html,Điện Thoại Di Động S23 Ultra Chính Hãng 7.3Inch Bộ Nhớ Lớn 16+512GB Hai Thẻ Sim Camera HD 32+64MP Pin 6800mAh Điện Thoại Trung Quốc,50,1216500,Hà Nội,https://img.lazcdn.com/g/p/6b0aedb28627f6444b06a9da56113cca.jpg_200x200q80.avif,i n Tho i Di ng S23 Ultra Ch nh H ng 7 3Inch B Nh L n 16+512GB Hai Th Sim Camera HD 32+64MP Pin 6800mAh i n Tho i Trung Qu c
https://www.lazada.vn/products/pdp-i2655781237.html,Super Flash Sale S23 Ultra Điện thoại thông minh 7.3 inch Bộ nhớ 5 + 256GB Phần mềm có thể tải xuống 30MP + 68MP Toàn màn hình Màn hình HD Chơi cực kỳ mượt mà,50,1039400,Hà Nội,https://img.lazcdn.com/g/p/54129b37805a836a3fe6445b11dfba80.jpg_200x200q80.avif,Super Flash Sale S23 Ultra i n tho i th ng minh 7 3 inch B nh 5 + 256GB Ph n m m c th t i xu ng 30MP + 68MP To n m n h nh M n h nh HD Ch i c c k m t m
https://www.lazada.vn/products/pdp-i2655338156.html,Điện Thoại Giá Rẻ S23 Ultra Giá Cả Phải Chăng Full HD 7.3Inch Bộ Nhớ 6+128GB Camera HD Pin 6800mAh Android,48,1185000,Hà Nội,https://img.lazcdn.com/g/p/1908dfb59af21ea22ef3a3beb30782b0.jpg_200x200q80.avif,i n Tho i Gi R S23 Ultra Gi C Ph i Ch ng Full HD 7 3Inch B Nh 6+128GB Camera HD Pin 6800mAh Android
https://www.lazada.vn/products/pdp-i2652848294.html,Điện Thoại S23 Ultra Điện Tử Giảm Đến 50% Máy Ảnh HD 4+64 Gb MỚI Sẵn Tiếng Việt Chơi Ngon Lành Học Điện Thoại Mới Giá Rẻ,45,1170000,Hà Nội,https://img.lazcdn.com/g/p/ac704d86b8efa3e605aeb02197aef43e.jpg_200x200q80.avif,i n Tho i S23 Ultra i n T Gi m n 50 M y nh HD 4+64 Gb M I S n Ti ng Vi t Ch i Ngon L nh H c i n Tho i M i Gi R
https://www.lazada.vn/products/pdp-i2652732276.html,"Điện thoại thông minh màn hình HD 7,0 inch S23 Ultra 16GB + 1TB 7,0 inch hoàn toàn mới, 5G, hai SIM, chế độ chờ kép, điện thoại di động Android 13, mở khóa bằng khuôn mặt 7000mAh",50,1290100,Hà Nội,https://img.lazcdn.com/g/p/285dfaa6ba1c664a3369bd846d0a3b02.jpg_200x200q80.avif,i n tho i th ng minh m n h nh HD 7 0 inch S23 Ultra 16GB + 1TB 7 0 inch ho n to n m i 5G hai SIM ch ch k p i n tho i di ng Android 13 m kh a b ng khu n m t 7000mAh
https://www.lazada.vn/products/pdp-i2650371959.html,Samsung Galaxy Y S5360,0,350000,Hồ Chí Minh,https://img.lazcdn.com/g/p/b277642be4a4588e203bc3d938c0c79b.jpg_200x200q80.avif,Samsung Galaxy Y S5360
https://www.lazada.vn/products/pdp-i2649207650.html,"Điện thoại ZTE Family 4GB/128GB, Màn OLED Full HD+, Dimensity 700, Kháng nước IP67, Sạc 22,5W - Mới nguyên seal - Hàng nhập khẩu nhật",10,2699000,Nghệ An,https://img.lazcdn.com/g/p/2e2f081e2e8f54556c558fd0745835b2.jpg_200x200q80.avif,i n tho i ZTE Family 4GB/128GB M n OLED Full HD+ Dimensity 700 Kh ng n c IP67 S c 22 5W - M i nguy n seal - H ng nh p kh u nh t
https://www.lazada.vn/products/pdp-i2647321825.html,"Điện thoại thông minh mới S24, bộ nhớ lớn 16 + 1T, màn hình lớn độ phân giải cao 6,8 inch, giá rẻ, phù hợp cho sinh viên",50,1436800,Hà Nội,https://img.lazcdn.com/g/p/032e35550a135f6a1db4070935f45ac9.jpg_200x200q80.avif,i n tho i th ng minh m i S24 b nh l n 16 + 1T m n h nh l n ph n gi i cao 6 8 inch gi r ph h p cho sinh vi n
https://www.lazada.vn/products/pdp-i2646005260.html,S23 Điện Thoại Thông Minh Chính Hãng Phiên Bản Toàn Cầu 4G 5G Điện Thoại Di Động 16 + 1TB Điện Thoại Di Động 6.8 Inch Dual SIM Điện Thoại Android 2023,50,1421000,Hà Nội,https://img.lazcdn.com/g/p/56b8c749104367a8b48d057d47c5819b.jpg_200x200q80.avif,S23 i n Tho i Th ng Minh Ch nh H ng Phi n B n To n C u 4G 5G i n Tho i Di ng 16 + 1TB i n Tho i Di ng 6 8 Inch Dual SIM i n Tho i Android 2023
https://www.lazada.vn/products/pdp-i2645029018.html,"Miễn phí vận chuyển S23 Ultra 7,5 inch Toàn màn hình Điện thoại thông minh 5G bán chạy nhất, RAM 16 GB + ROM 512 GB, Điện thoại thông minh Android 12.0 8800mAh",50,1437750,Hà Nội,https://img.lazcdn.com/g/p/2f7e421a2861e80e6b0c583c64b1e5b4.jpg_200x200q80.avif,Mi n ph v n chuy n S23 Ultra 7 5 inch To n m n h nh i n tho i th ng minh 5G b n ch y nh t RAM 16 GB + ROM 512 GB i n tho i th ng minh Android 12 0 8800mAh
https://www.lazada.vn/products/pdp-i2644626733.html,Điện thoại Redmi note 7 Xiaomi Ram 3/32G (Lên vỏ mới),0,1200000,Tuyên Quang,https://img.lazcdn.com/g/p/27c765e51e1e4f6fd778034f23911b21.jpg_200x200q80.avif,i n tho i Redmi note 7 Xiaomi Ram 3/32G L n v m i
https://www.lazada.vn/products/pdp-i2644527335.html,Điện thoại S23 Giá cả phải chăng Điện thoại Full HD 7.3inch (16+1TB) RAM Điện thoại Android Máy ảnh Pin 6800MAh Cuộc gọi Chơi trò chơi Xem TV Điện thoại thông minh đt giá học sinh,50,1224750,Hà Nội,https://img.lazcdn.com/g/p/3ed076cf487a391243913b0b832d558d.jpg_200x200q80.avif,i n tho i S23 Gi c ph i ch ng i n tho i Full HD 7 3inch 16+1TB RAM i n tho i Android M y nh Pin 6800MAh Cu c g i Ch i tr ch i Xem TV i n tho i th ng minh t gi h c sinh
https://www.lazada.vn/products/pdp-i2644323026.html,"Phiên bản toàn cầu mới 2023 Điện thoại di động màn hình lớn S23 Ultra 7,3 inch với thời lượng pin dài 8000mAh",50,1021625,Hà Nội,https://img.lazcdn.com/g/p/fddfefb35a8a6ab89e48e7d2fe55a479.jpg_200x200q80.avif,Phi n b n to n c u m i 2023 i n tho i di ng m n h nh l n S23 Ultra 7 3 inch v i th i l ng pin d i 8000mAh
https://www.lazada.vn/products/pdp-i2644008196.html,"Điện thoại thông minh S23 Ultra 5G 12GB + 512GB Điện thoại di động màn hình lớn 7,5 inch Điện thoại Android 5G Wifi Bluetooth Điện thoại di động để bán trò chơi thông minh miễn phí vận chuyển điện thoại giá rẻ",48,1401900,Hà Nội,https://img.lazcdn.com/g/p/b459a4ce7c9b5af95098a2ba060bbe93.jpg_200x200q80.avif,i n tho i th ng minh S23 Ultra 5G 12GB + 512GB i n tho i di ng m n h nh l n 7 5 inch i n tho i Android 5G Wifi Bluetooth i n tho i di ng b n tr ch i th ng minh mi n ph v n chuy n i n tho i gi r
https://www.lazada.vn/products/pdp-i2643638569.html,SAMSUNG Galaxy A51 RAM 6GB/128GB Máy đẹp có NFC,29,1280000,Bạc Liêu,https://img.lazcdn.com/g/ff/kf/S31fdc46c30de435e86f07eb31dc9c1a7Y.jpg_200x200q80.avif,Samsung Galaxy A51 RAM 6GB/128GB M y p c NFC
https://www.lazada.vn/products/pdp-i2641678494.html,Điện Thoại Samsung A35 5G 8GB/128GB - Hàng Chính Hãng,12,7280000,Bến Tre,https://img.lazcdn.com/g/p/1ac3bb9c7c646ffc00bbb96ddcd909c1.jpg_200x200q80.avif,i n Tho i Samsung A35 5G 8GB/128GB - H ng Ch nh H ng
https://www.lazada.vn/products/pdp-i2641088221.html,Điện thoại Gaming Nubia Neo 2 | 20(8+12)GB/256GB | 6.72'' 120Hz| Trigger Kép| Sạc nhanh 33W,18,4490000,Hồ Chí Minh,https://img.lazcdn.com/g/p/50480d9d515c3464a861d156353e7a5e.png_200x200q80.avif,i n tho i Gaming Nubia Neo 2 20 8+12 GB/256GB 6 72 120Hz Trigger K p S c nhanh 33W
https://www.lazada.vn/products/pdp-i2638967859.html,Điện thoại Samsung Galaxy M20 Ram 3GB bộ nhớ 32GB máy zin full chức năng pin 5000 mAh tặng kèm 1 ốp lưng,7,1390000,Hồ Chí Minh,https://img.lazcdn.com/g/p/5b852f7399a8946d834db8ce5ccb19e3.jpg_200x200q80.avif,i n tho i Samsung Galaxy M20 Ram 3GB b nh 32GB m y zin full ch c n ng pin 5000 mAh t ng k m 1 p l ng
https://www.lazada.vn/products/pdp-i2638922442.html,Điện thoại Samsung Galaxy A21S Ram 6GB bộ nhớ 64GB máy zin full chức năng pin 5000 mAh tặng kèm 1 ốp lưng,6,1690000,Hồ Chí Minh,https://img.lazcdn.com/g/p/c844e24a02ce73141db9437c5f357a3d.jpg_200x200q80.avif,i n tho i Samsung Galaxy A21S Ram 6GB b nh 64GB m y zin full ch c n ng pin 5000 mAh t ng k m 1 p l ng
https://www.lazada.vn/products/pdp-i2638724766.html,Sở Hữu S23 Ultra Giá Rẻ Điện Thoại Di Động Màn Hình Full HD 6.8Inch 3+32GB Hai Thẻ Sim Camera HD 48+72MP Pin 6800mAh Chính Hãng,44,1189000,Hà Nội,https://img.lazcdn.com/g/p/fe60c91e7f8de8b5df58d0f187e1fcb0.jpg_200x200q80.avif,S H u S23 Ultra Gi R i n Tho i Di ng M n H nh Full HD 6 8Inch 3+32GB Hai Th Sim Camera HD 48+72MP Pin 6800mAh Ch nh H ng
https://www.lazada.vn/products/pdp-i2637148869.html,Điện thoại Samsung Galaxy A02s Ram 4GB bộ nhớ 64GB máy zin full chức năng pin 5000 mAh tặng kèm 1 ốp lưng,7,1490000,Hồ Chí Minh,https://img.lazcdn.com/g/p/c97bc2ee4f242703272baf373bb9dde9.jpg_200x200q80.avif,i n tho i Samsung Galaxy A02s Ram 4GB b nh 64GB m y zin full ch c n ng pin 5000 mAh t ng k m 1 p l ng
https://www.lazada.vn/products/pdp-i2637030857.html,Điện thoại Samsung Galaxy A02 Ram 3GB bộ nhớ 32GB máy zin full chức năng  kèm 1 ốp lưng,20,1200000,Hồ Chí Minh,https://img.lazcdn.com/g/p/d40bc639a3a2df7bd9b2c2951a9006f4.jpg_200x200q80.avif,i n tho i Samsung Galaxy A02 Ram 3GB b nh 32GB m y zin full ch c n ng k m 1 p l ng
https://www.lazada.vn/products/pdp-i2636785146.html,ĐIỆN THOẠI SAMSUNG J6 PLUS 3/32Gb còn mới 90%,32,749000,Bình Định,https://img.lazcdn.com/g/p/d5ffcb6781308fcec7d53e9ef7f482ab.jpg_200x200q80.avif,I N THO I Samsung J6 PLUS 3/32Gb c n m i 90
https://www.lazada.vn/products/pdp-i2636734592.html,ĐIỆN THOẠI SAMSUNG J6 PLUS 3/32Gb còn mới 90%,50,550000,Bình Định,https://img.lazcdn.com/g/p/10a0b61700c8f9053a3c2f81f4547543.jpg_200x200q80.avif,I N THO I Samsung J6 PLUS 3/32Gb c n m i 90
https://www.lazada.vn/products/pdp-i2636520876.html,Điện thoại Samsung Galaxy A01 Chơi Game Mượt mà,49,650000,Bình Định,https://img.lazcdn.com/g/p/278a2ab41b5f90ee1c80860867bec2df.jpg_200x200q80.avif,i n tho i Samsung Galaxy A01 Ch i Game M t m
https://www.lazada.vn/products/pdp-i2634813587.html,Samsung Galaxy M21 Ram 4G bộ nhớ 64GB máy zin full chức năng pin 6000 mAh tặng kèm 1 ốp lưng,8,1190000,Hồ Chí Minh,https://img.lazcdn.com/g/p/0a3190224d99b6aafa70083a808104da.jpg_200x200q80.avif,Samsung Galaxy M21 Ram 4G b nh 64GB m y zin full ch c n ng pin 6000 mAh t ng k m 1 p l ng
https://www.lazada.vn/products/pdp-i2634788092.html,Samsung A750 RAM 6G/128G dùng mượt,35,880000,Bạc Liêu,https://img.lazcdn.com/g/ff/kf/S2dde05f5751c488f8c5f635b6c17064dN.jpg_200x200q80.avif,Samsung A750 RAM 6G/128G d ng m t
https://www.lazada.vn/products/pdp-i2634432349.html,Điện thoại Samsung galaxy M21 Ram 6G bộ nhớ 64GB máy zin full chức năng pin 6000 mAh tặng kèm 1 ốp lưng,12,1590000,Hồ Chí Minh,https://img.lazcdn.com/g/p/421bff6f5f76f61d2acd6c916fc7e629.jpg_200x200q80.avif,i n tho i Samsung galaxy M21 Ram 6G b nh 64GB m y zin full ch c n ng pin 6000 mAh t ng k m 1 p l ng
https://www.lazada.vn/products/pdp-i2633430668.html,2023 Điên Thoại S23 Ultra Di Động Chính Hãng 7.3Inch Điện Thoại 8+256GB Thẻ Sim Camera 50+108MP Pin 6800mAh Điện Thoại Ai Pat Giá Rẻ,50,1248800,Hà Nội,https://img.lazcdn.com/g/p/f0cd402a188adfee29438c1382c316d0.jpg_200x200q80.avif,2023 i n Tho i S23 Ultra Di ng Ch nh H ng 7 3Inch i n Tho i 8+256GB Th Sim Camera 50+108MP Pin 6800mAh i n Tho i Ai Pat Gi R
https://www.lazada.vn/products/pdp-i2632868739.html,Điện thoại di động HONOR X8b 8GB + 512GB | Chip Snapdragon 680 | Camera 108MP | Pin 4500mAh | Bảo hành 13 tháng Hàng chính hãng,16,6490000,Long An,https://img.lazcdn.com/g/p/2ea6a0de180bd4988e27ab6502a9482c.png_200x200q80.avif,i n tho i di ng HONOR X8b 8GB + 512GB Chip Snapdragon 680 Camera 108MP Pin 4500mAh B o h nh 13 th ng H ng ch nh h ng
https://www.lazada.vn/products/pdp-i2631778541.html,S22 Ultra Thời Gian Khuyến Mãi Có Hạn Bluetooth Thông Minh Điện Thoại Android RAM16GB + ROM1TB Điện Thoại Sinh Viên 4G 5G HD Camera Pin 6800mAh,50,1283304,Hà Nội,https://img.lazcdn.com/g/p/aa884c180d5e9dad2331c4ed27cb9730.jpg_200x200q80.avif,S22 Ultra Th i Gian Khuy n M i C H n Bluetooth Th ng Minh i n Tho i Android RAM16GB + ROM1TB i n Tho i Sinh Vi n 4G 5G HD Camera Pin 6800mAh
https://www.lazada.vn/products/pdp-i2630835734.html,"Điện thoại Xiaomi Redmi A3 - Hàng chính hãng - Thiết kế đẹp mắt, hiệu năng vượt trội với chip Helio G36, dung lượng pin 5000 mAh",26,2149000,Hồ Chí Minh,https://img.lazcdn.com/g/p/06450fae3f098ae8322143eadf565d7a.jpg_200x200q80.avif,i n tho i Xiaomi Redmi A3 - H ng ch nh h ng - Thi t k p m t hi u n ng v t tr i v i chip Helio G36 dung l ng pin 5000 mAh
https://www.lazada.vn/products/pdp-i2630775847.html,Điện thoại Samsungb Galaxy M32 Ram 8G/128GB Pin 6000 mAh máy đẹp chính hãng,5,1790000,Hồ Chí Minh,https://img.lazcdn.com/g/p/66f9712144aa9e02085a47a87bf62263.jpg_200x200q80.avif,i n tho i Samsung b Galaxy M32 Ram 8G/128GB Pin 6000 mAh m y p ch nh h ng
https://www.lazada.vn/products/pdp-i2630703955.html,"Điện thoại Xiaomi Redmi A3 - Hàng chính hãng - Thiết kế đẹp mắt, hiệu năng vượt trội với chip Helio G36, dung lượng pin 5000 mAh",27,2099000,Hồ Chí Minh,https://img.lazcdn.com/g/p/396589bb18bac351c531255bc97471e4.jpg_200x200q80.avif,i n tho i Xiaomi Redmi A3 - H ng ch nh h ng - Thi t k p m t hi u n ng v t tr i v i chip Helio G36 dung l ng pin 5000 mAh
https://www.lazada.vn/products/pdp-i2630681533.html,Điện Thoại S23 Ultra Điện Thoại 16+1024GB Thông Màn Hình Lớn 7.3inch Dien Thoại Pin 6800mAh Android Điện Thoại Rẻ Cho Học Sinh,48,1199800,Hà Nội,https://img.lazcdn.com/g/p/1d2aed0979ae93f579431255204a194d.png_200x200q80.avif,i n Tho i S23 Ultra i n Tho i 16+1024GB Th ng M n H nh L n 7 3inch Dien Tho i Pin 6800mAh Android i n Tho i R Cho H c Sinh
https://www.lazada.vn/products/pdp-i2630580466.html,Điện thoại Samsung Galaxy A55 5G 8GB/128GB - 8GB/256GB - 12GB/256GB - Chính Hãng - BH 12 Tháng,15,8490000,Đà Nẵng,https://img.lazcdn.com/g/p/2b2791f486170d183b0c059e736cd442.jpg_200x200q80.avif,i n tho i Samsung Galaxy A55 5G 8GB/128GB - 8GB/256GB - 12GB/256GB - Ch nh H ng - BH 12 Th ng
https://www.lazada.vn/products/pdp-i2630495614.html,Điện Thoại Samsung Galaxy S25 Ultra (12GB/512GB) - Hàng Chính Hãng,9,30990000,Đà Nẵng,https://img.lazcdn.com/g/p/232ee4526c3eb2900cb7e1d9d4c9e1a4.jpg_200x200q80.avif,i n Tho i Samsung Galaxy S25 Ultra 12GB/512GB - H ng Ch nh H ng
https://www.lazada.vn/products/pdp-i2629727865.html,Điện thoại Gaming Nubia Neo 2 | 20(8+12)GB/256GB | 6.72'' 120Hz| Trigger Kép| Sạc nhanh 33W| Chính Hãng,15,4690000,Hồ Chí Minh,https://img.lazcdn.com/g/p/c3f7e0ca1bcf96f43021397232c13e8f.png_200x200q80.avif,i n tho i Gaming Nubia Neo 2 20 8+12 GB/256GB 6 72 120Hz Trigger K p S c nhanh 33W Ch nh H ng
https://www.lazada.vn/products/pdp-i2629481832.html,"Điện thoại di động chính hãng S23 siêu chơi game hai SIM 6,7 inch màn hình full HD 16G + bộ nhớ 1TB hệ thống Android",49,1176000,Hà Nội,https://img.lazcdn.com/g/p/ec608f075b1575b8de7749d18417ff97.jpg_200x200q80.avif,i n tho i di ng ch nh h ng S23 si u ch i game hai SIM 6 7 inch m n h nh full HD 16G + b nh 1TB h th ng Android
https://www.lazada.vn/products/pdp-i2628873140.html,"Điện thoại thông minh chính hãng S23 Ultra 7,5 inch 16GB + 512GB HD camera chơi game thẻ SIM kép điện thoại Android13.0 pin 7000mah",50,1136500,Hà Nội,https://img.lazcdn.com/g/p/6b8cd3f3483942d2a40810c942c35549.jpg_200x200q80.avif,i n tho i th ng minh ch nh h ng S23 Ultra 7 5 inch 16GB + 512GB HD camera ch i game th SIM k p i n tho i Android13 0 pin 7000mah
https://www.lazada.vn/products/pdp-i2628819694.html,Gaming điện thoại 5i Lite Hai thẻ sim Máy quay hd 13+24MP 12+512GB Kích thước màn hình 6.1inch Công suất siêu lớn của pin 2850mAh Toàn màn hình gốc,50,1017902,Hà Nội,https://img.lazcdn.com/g/p/f4a00d1b8b021648d881bd43187130b5.jpg_200x200q80.avif,Gaming i n tho i 5i Lite Hai th sim M y quay hd 13+24MP 12+512GB K ch th c m n h nh 6 1inch C ng su t si u l n c a pin 2850mAh To n m n h nh g c
https://www.lazada.vn/products/pdp-i2628004828.html,Điện Thoại Thông Minh Giá Rẻ Galaxy S23 Ultra Mới Điện Thoại Di Động 6.8inch 8+256GB Giá Rẻ 4G/5G Tiết Kiệm Chi Phí Có Thể Lướt Internet,49,1190000,Hà Nội,https://img.lazcdn.com/g/p/c031ef3ae8a4f3336cef42cacabba399.jpg_200x200q80.avif,i n Tho i Th ng Minh Gi R Galaxy S23 Ultra M i i n Tho i Di ng 6 8inch 8+256GB Gi R 4G/5G Ti t Ki m Chi Ph C Th L t Internet
https://www.lazada.vn/products/pdp-i2627578898.html,đien thoại giá rẻ nhất Bộ nhớ 12+512GB Siêu CPU đt giá rẻ chính hãng Camera 48+24MP Điện thoại cao cấp Pin Lớn 5600mAh Android phone,46,1106210,Hà Nội,https://img.lazcdn.com/g/p/483d21757811aa09e21844e7ce1c3b49.jpg_200x200q80.avif,ien tho i gi r nh t B nh 12+512GB Si u CPU t gi r ch nh h ng Camera 48+24MP i n tho i cao c p Pin L n 5600mAh Android phone
https://www.lazada.vn/products/pdp-i2626962433.html,"Điện Thoại Thông Minh Giá Rẻ S23 Ultra 5G 7, 5 Inch (16GB+512GB) Camera Hd Video Game Thẻ SIM Đôi Điện Thoại",50,1249542,Hà Nội,https://img.lazcdn.com/g/p/bb078e28fd4b43a21e74067b241dd7a0.jpg_200x200q80.avif,i n Tho i Th ng Minh Gi R S23 Ultra 5G 7 5 Inch 16GB+512GB Camera Hd Video Game Th SIM i i n Tho i
https://www.lazada.vn/products/pdp-i2624677061.html,ĐIỆN THOẠI SAMSUNG J6 PLUS 3/32Gb còn mới 90%,32,745000,Bình Định,https://img.lazcdn.com/g/p/10a0b61700c8f9053a3c2f81f4547543.jpg_200x200q80.avif,I N THO I Samsung J6 PLUS 3/32Gb c n m i 90
https://www.lazada.vn/products/pdp-i2624651379.html,ĐIỆN THOẠI SAMSUNG J6 PLUS 3/32Gb còn mới 85% dùng rất Ok,50,550000,Bình Định,https://img.lazcdn.com/g/p/d5ffcb6781308fcec7d53e9ef7f482ab.jpg_200x200q80.avif,I N THO I Samsung J6 PLUS 3/32Gb c n m i 85 d ng r t Ok
https://www.lazada.vn/products/pdp-i2623336689.html,điện thoại giá siêu rẻ S23 Ultra mới 100% 7.3Inch thông minh 3+32GB bộ nhớ lớn di động máy CHÍNH HÃNG Vô cực mượt Chơi Game nặng mướt Chơi,45,1148990,Hà Nội,https://img.lazcdn.com/g/p/479e9edd74bd4dd2bd94a13c198930e5.jpg_200x200q80.avif,i n tho i gi si u r S23 Ultra m i 100 7 3Inch th ng minh 3+32GB b nh l n di ng m y CH NH H NG V c c m t Ch i Game n ng m t Ch i
https://www.lazada.vn/products/pdp-i2621756279.html,"Samsung Galaxy J6 - Smartphone tầm trung, thiết kế đẹp, hiệu năng tốt",50,380000,Hà Nội,https://img.lazcdn.com/g/ff/kf/Sc309644e18f048068050f1ab52a52b6b6.png_200x200q80.avif,Samsung Galaxy J6 - Smartphone t m trung thi t k p hi u n ng t t
https://www.lazada.vn/products/pdp-i2621363107.html,S23 Ultra Điện Thoại Giá Siêu Rẻ Chơi Trò Chơi Hai Thẻ Sim Màn Hình Full HD 6.7inch Bộ Nhớ 8+256GB Camera HD Android Điện Thoại Rẻ Cho Học Sinh,50,1123700,Hà Nội,https://img.lazcdn.com/g/p/2c7eced21531eb4616631c0e5bab522d.jpg_200x200q80.avif,S23 Ultra i n Tho i Gi Si u R Ch i Tr Ch i Hai Th Sim M n H nh Full HD 6 7inch B Nh 8+256GB Camera HD Android i n Tho i R Cho H c Sinh
https://www.lazada.vn/products/pdp-i2620732869.html,Điện thoại Samsung M34 5G (8Gb/128Gb) Chính hãng Samsung Việt Nam Mới 100% Nguyên Seal,31,5490000,Hà Nội,https://img.lazcdn.com/g/p/199f8105f203f22ba09fa6d9987ef7d4.jpg_200x200q80.avif,i n tho i Samsung M34 5G 8Gb/128Gb Ch nh h ng Samsung Vi t Nam M i 100 Nguy n Seal
https://www.lazada.vn/products/pdp-i2618732631.html,Điên Thoại Di Động Giá Học Sinh S23 Ultra 7.3Inch Bộ Nhớ Lớn 6+128GB Camera 32+64MP Pin 6800mAh Điện Thoại Di Động Chính Hãng Giá Rẻ,49,1197900,Hà Nội,https://img.lazcdn.com/g/p/f0e4c9d4e6c8799e432cb29534866f8e.jpg_200x200q80.avif,i n Tho i Di ng Gi H c Sinh S23 Ultra 7 3Inch B Nh L n 6+128GB Camera 32+64MP Pin 6800mAh i n Tho i Di ng Ch nh H ng Gi R
https://www.lazada.vn/products/pdp-i2617849641.html,Điện Thoại Samsung Galaxy S23 Ultra 5G - Hàng Chính Hãng,0,28990000,Hà Nội,https://img.lazcdn.com/g/p/a375a517386cc2fb2881c933a39ac3fd.png_200x200q80.avif,i n Tho i Samsung Galaxy S23 Ultra 5G - H ng Ch nh H ng
https://www.lazada.vn/products/pdp-i2617327805.html,Điện Thoại Samsung Galaxy A05S - Hàng Chính Hãng,0,3990000,Hà Nội,https://img.lazcdn.com/g/p/e05cbcf7dfa21773eb88ac49ed8383af.png_200x200q80.avif,i n Tho i Samsung Galaxy A05S - H ng Ch nh H ng
https://www.lazada.vn/products/pdp-i2616989084.html,"[SALE NGÀY ĐÔI 4.4] Điện thoại Samsung Galaxy M20 cấu hình mạnh,chơi game nhanh",39,909000,Quảng Ngãi,https://img.lazcdn.com/g/p/b29555dfdbb18ce9678dd29bd35cd075.jpg_200x200q80.avif,SALE NG Y I 4 4 i n tho i Samsung Galaxy M20 c u h nh m nh ch i game nhanh
https://www.lazada.vn/products/pdp-i2616971297.html,điện thoại SAMSUNG S23 Ultra 5G Bộ nhớ 512G MỚI Sẵn Tiếng Việt chơi LIÊN QUÂN-PUBG-FREE FIRE ngon lành Học Online đỉnh điện thoại rẻ cho học sinh Điện thoại di động giá rẻ,48,930000,Quảng Ngãi,https://img.lazcdn.com/g/p/87ee4ef9a004aa00a97e7c3a4f37c39c.jpg_200x200q80.avif,i n tho i Samsung S23 Ultra 5G B nh 512G M I S n Ti ng Vi t ch i LI N QU N-PUBG-FREE FIRE ngon l nh H c Online nh i n tho i r cho h c sinh i n tho i di ng gi r
https://www.lazada.vn/products/pdp-i2616931505.html,Điện Thoại Thông Minh Giá Rẻ Samsung Galaxy J2 prime G532 Hỗ Trợ 4G,35,850000,Quảng Ngãi,https://img.lazcdn.com/g/p/335be49080e5f73af71783f0ae676b58.jpg_200x200q80.avif,i n Tho i Th ng Minh Gi R Samsung Galaxy J2 prime G532 H Tr 4G
https://www.lazada.vn/products/pdp-i2616604811.html,điện thoại di động giá rẻ S23 Ultra Bán di động ban đầu điện thoại mới ra 16+1T Bán điện thoại di động chính hãng Inch không thấm nước điện thoại di động đt giá học sinh,50,1321500,Hà Nội,https://img.lazcdn.com/g/p/0ce463000437e6c728bbcfc794dae886.jpg_200x200q80.avif,i n tho i di ng gi r S23 Ultra B n di ng ban u i n tho i m i ra 16+1T B n i n tho i di ng ch nh h ng Inch kh ng th m n c i n tho i di ng t gi h c sinh
https://www.lazada.vn/products/pdp-i2614499948.html,Điện thoại OSCAL TIGER 12 (8+8GB/128GB) (12GB+12GB/256GB) có hỗ trợ NFC- Chính hãng,50,3495000,Hà Nội,https://img.lazcdn.com/g/p/0cb1d57d33f930640588a47e3c0b507c.png_200x200q80.avif,i n tho i OSCAL TIGER 12 8+8GB/128GB 12GB+12GB/256GB c h tr NFC- Ch nh h ng
https://www.lazada.vn/products/pdp-i2612370474.html,điện thoại 5G,0,700000,Bến Tre,https://img.lazcdn.com/g/ff/kf/S2635882c98b84aebb68b6d6a57031880H.jpg_200x200q80.avif,i n tho i 5G
https://www.lazada.vn/products/pdp-i2610706273.html,Samsung J2 Prime 4G giá rẻ,43,340000,Bạc Liêu,https://img.lazcdn.com/g/ff/kf/Sd462f34f2b354f7e82d3f577b25137f9D.jpg_200x200q80.avif,Samsung J2 Prime 4G gi r
https://www.lazada.vn/products/pdp-i2610594319.html,Samsung J7 Prime RAM 3G/32G,45,550000,Bạc Liêu,https://img.lazcdn.com/g/ff/kf/Sfca3f18614004b32a2d77728b55ff5dbH.jpg_200x200q80.avif,Samsung J7 Prime RAM 3G/32G
https://www.lazada.vn/products/pdp-i2606723172.html,Điện thoại nokia e6,0,900000,Hồ Chí Minh,https://img.lazcdn.com/g/p/f0fceb8ff52e540e939f02caafda44c1.jpg_200x200q80.avif,i n tho i nokia e6
https://www.lazada.vn/products/pdp-i2604986901.html,Điện thoại Samsung Galaxy A55 5G 8GB/128GB - 12GB/256GB - Chính Hãng - BH 12 Tháng,11,8890000,Đà Nẵng,https://img.lazcdn.com/g/p/2b2791f486170d183b0c059e736cd442.jpg_200x200q80.avif,i n tho i Samsung Galaxy A55 5G 8GB/128GB - 12GB/256GB - Ch nh H ng - BH 12 Th ng
https://www.lazada.vn/products/pdp-i2604813299.html,"Điện Thoại Sony Xperia XZ2 Compact, Chip Snapdragon 845, Ram 4/64GB. SonPixel",36,1530000,Hà Nội,https://img.lazcdn.com/g/p/91e56042ed9eb23a3fc0c0dc689f143b.png_200x200q80.avif,i n Tho i Sony Xperia XZ2 Compact Chip Snapdragon 845 Ram 4/64GB SonPixel
https://www.lazada.vn/products/pdp-i2604782687.html,đt giá rẻ Màn hình AMOLED Điện thoại tầm trung 6.8inch đt giá rẻ cho hs Hỗ trợ kiểm tra hàng hóa điện thoại chơi game Camera 72+48MP gaming phone,48,1028676,Hà Nội,https://img.lazcdn.com/g/p/717cc7fde01630239a6db9337aa97a36.jpg_200x200q80.avif,t gi r M n h nh AMOLED i n tho i t m trung 6 8inch t gi r cho hs H tr ki m tra h ng h a i n tho i ch i game Camera 72+48MP gaming phone
https://www.lazada.vn/products/pdp-i2603851611.html,"Điện thoại Samsung Galaxy A35 5G ( 8GB - 128GB ) - Hàng chính hãng, Mới 100%, Bảo hành 12 tháng",0,8290000,Hồ Chí Minh,https://img.lazcdn.com/g/p/2d295880f427b92a0ce754065bd0efe7.png_200x200q80.avif,i n tho i Samsung Galaxy A35 5G 8GB - 128GB - H ng ch nh h ng M i 100 B o h nh 12 th ng
https://www.lazada.vn/products/pdp-i2603834154.html,[ ĐIỆN THOẠI ] SAMSUNG GALAXY S21FE 5G ( Exynos 2100 ),0,5900000,Hồ Chí Minh,https://img.lazcdn.com/g/p/fadbdbf61a21fd73076efc941d161bb9.png_200x200q80.avif,I N THO I Samsung GALAXY S21FE 5G Exynos 2100
https://www.lazada.vn/products/pdp-i2603780338.html,[ ĐIỆN THOẠI ] SAMSUNG GALAXY S21 5G ( Exynos 2100 ),0,5600000,Hồ Chí Minh,https://img.lazcdn.com/g/p/14c84f843634b9d575733c4ecd2cd185.png_200x200q80.avif,I N THO I Samsung GALAXY S21 5G Exynos 2100
https://www.lazada.vn/products/pdp-i2603638365.html,[ ĐIỆN THOẠI ] SAMSUNG GALAXY S21 ULTRA 5G  ( Exynos 2100 ),0,8600000,Hồ Chí Minh,https://img.lazcdn.com/g/p/5bca322f725e4a3a0a070d63b392f7cf.png_200x200q80.avif,I N THO I Samsung GALAXY S21 ULTRA 5G Exynos 2100
https://www.lazada.vn/products/pdp-i2603570277.html,[ ĐIỆN THOẠI ] XIAOMI BLACK SHARK 5 QUỐC TẾ ( Snapdragon 870 5G ),0,5700000,Hồ Chí Minh,https://img.lazcdn.com/g/p/4c12d1fdcbc4efc3f9e819720c0a32af.png_200x200q80.avif,I N THO I XIAOMI BLACK SHARK 5 QU C T Snapdragon 870 5G
https://www.lazada.vn/products/pdp-i2603535657.html,[ ĐIỆN THOẠI ] XIAOMI BLACK SHARK 5 PRO QUỐC TẾ ( Snapdragon 8 Gen 1 ),0,8100000,Hồ Chí Minh,https://img.lazcdn.com/g/p/d0f2d7949a32dd90bfe510b802525aa4.png_200x200q80.avif,I N THO I XIAOMI BLACK SHARK 5 Pro QU C T Snapdragon 8 Gen 1
https://www.lazada.vn/products/pdp-i2603421042.html,"Điện thoại Redmi Note 12R 5G 8GB/128GB Snapdragon 4 Gen 2, Rom Quốc tế có sẳn Tiếng việt - Hàng nhập khẩu",21,2929000,Nghệ An,https://img.lazcdn.com/g/p/3b18e4d64bbb920f6cc35023a73a104a.jpg_200x200q80.avif,i n tho i Redmi Note 12R 5G 8GB/128GB Snapdragon 4 Gen 2 Rom Qu c t c s n Ti ng vi t - H ng nh p kh u
https://www.lazada.vn/products/pdp-i2602922037.html,"Điện Thoại Di Động Sinh Viên S23 Ultra Gaming Dual SIM 6,7 Inch Màn Hình Full HD 16G + Bộ Nhớ 1TB Camera HD Android",50,1300268,Hà Nội,https://img.lazcdn.com/g/p/ec608f075b1575b8de7749d18417ff97.jpg_200x200q80.avif,i n Tho i Di ng Sinh Vi n S23 Ultra Gaming Dual SIM 6 7 Inch M n H nh Full HD 16G + B Nh 1TB Camera HD Android
https://www.lazada.vn/products/pdp-i2602510129.html,Điện Thoại Samsung A35 5G 8GB/128GB - Hàng Chính Hãng,17,6910000,Bến Tre,https://img.lazcdn.com/g/p/1ac3bb9c7c646ffc00bbb96ddcd909c1.jpg_200x200q80.avif,i n Tho i Samsung A35 5G 8GB/128GB - H ng Ch nh H ng
https://www.lazada.vn/products/pdp-i2601960536.html,[ ĐIỆN THOẠI ] XIAOMI 13 5G ( Snapdragon® 8 GEN 2 ),0,9300000,Hồ Chí Minh,https://img.lazcdn.com/g/p/d7298a2e8b60f5dc0ddb69b12bdd2381.png_200x200q80.avif,I N THO I XIAOMI 13 5G Snapdragon 8 GEN 2
https://www.lazada.vn/products/pdp-i2601959261.html,sở hữu Điện thoại S23 Ultra mới 100% Android 6.8inch 2 SIM Cuộc gọi Chơi trò chơi thông minh 16+512GB máy CHÍNH HÃNG Vô cực  nặng mướt Chơi Game,50,1286900,Hà Nội,https://img.lazcdn.com/g/p/2f9c9e26813b83ed2e513a6882b690f3.jpg_200x200q80.avif,s h u i n tho i S23 Ultra m i 100 Android 6 8inch 2 SIM Cu c g i Ch i tr ch i th ng minh 16+512GB m y CH NH H NG V c c n ng m t Ch i Game
https://www.lazada.vn/products/pdp-i2600264148.html,Điện thoại Redmi 10C đã qua sử dụng còn 95%,0,1390000,Hồ Chí Minh,https://img.lazcdn.com/g/ff/kf/S3d700751d028410cbbf0f2363295132cZ.jpg_200x200q80.avif,i n tho i Redmi 10C qua s d ng c n 95
https://www.lazada.vn/products/pdp-i2598706763.html,giá rẻ học sinh S23 Ultra đầu điện thoại mới ra 3+32GB Máy ảnh HD 7.3Inch Máy ảnh Pin 6800mAh Hai Thẻ Sim Camera HD 32+64MP rẻ cho học sinh dt giá rẻ chính hãng,48,1178000,Hà Nội,https://img.lazcdn.com/g/p/c5976e67d9433fcde5ab90da151a5469.jpg_200x200q80.avif,gi r h c sinh S23 Ultra u i n tho i m i ra 3+32GB M y nh HD 7 3Inch M y nh Pin 6800mAh Hai Th Sim Camera HD 32+64MP r cho h c sinh dt gi r ch nh h ng
https://www.lazada.vn/products/pdp-i2598479279.html,"ĐIỆN THOẠI SAMSUNG A04 RAM 3, BỘ NHỚ 32GB - HÀNG CHÍNH HÃNG",37,2169000,Cần Thơ,https://img.lazcdn.com/g/p/ae4f94841f409bbaf6864dd51598bd09.jpg_200x200q80.avif,I N THO I Samsung A04 RAM 3 B NH 32GB - H NG CH NH H NG
https://www.lazada.vn/products/pdp-i2597460548.html,"Điện thoại Samsung Galaxy A35 5G (8GB/128GB) - Hàng chính hãng - Thiết kế đẹp mắt, hiệu năng ổn định, pin 5000mAh",16,6979000,Hồ Chí Minh,https://img.lazcdn.com/g/p/7d027053d4d5a1d48e9f2e3fd4ed8ce2.jpg_200x200q80.avif,i n tho i Samsung Galaxy A35 5G 8GB/128GB - H ng ch nh h ng - Thi t k p m t hi u n ng n nh pin 5000mAh
https://www.lazada.vn/products/pdp-i2597433805.html,"Điện thoại Samsung Galaxy A55 5G (8GB/128GB) - Hàng chính hãng - Màn hình Super AMOLED 6.6"", hiệu năng ổn định, pin 5000mAh",19,8109000,Hồ Chí Minh,https://img.lazcdn.com/g/p/24412bf0c448a4de355e299bdd3f21d3.jpg_200x200q80.avif,i n tho i Samsung Galaxy A55 5G 8GB/128GB - H ng ch nh h ng - M n h nh Super AMOLED 6 6 hi u n ng n nh pin 5000mAh
https://www.lazada.vn/products/pdp-i2597423499.html,"Điện thoại Samsung Galaxy A35 5G (8GB/128GB) - Hàng chính hãng - Thiết kế đẹp mắt, hiệu năng ổn định, pin 5000mAh",19,6699000,Hồ Chí Minh,https://img.lazcdn.com/g/p/3f8d7172afa1e988e01110996ed06416.jpg_200x200q80.avif,i n tho i Samsung Galaxy A35 5G 8GB/128GB - H ng ch nh h ng - Thi t k p m t hi u n ng n nh pin 5000mAh
https://www.lazada.vn/products/pdp-i2597396702.html,"Điện thoại Samsung Galaxy A55 5G (8GB/128GB) - Hàng chính hãng - Màn hình Super AMOLED 6.6"", hiệu năng ổn định, pin 5000mAh",20,7999000,Hồ Chí Minh,https://img.lazcdn.com/g/p/a615061e1403e6ee70a9f0cb1e5ae7d4.jpg_200x200q80.avif,i n tho i Samsung Galaxy A55 5G 8GB/128GB - H ng ch nh h ng - M n h nh Super AMOLED 6 6 hi u n ng n nh pin 5000mAh
https://www.lazada.vn/products/pdp-i2597291689.html,"Điện thoại Realme V50 5G 6GB/128GB ,CPU Dimensity 6100+ , Màn 120HZ  , Rom Quốc tế có tiếng việt  , Mới nguyên seal 100% - Hàng nhập khẩu",39,2879000,Nghệ An,https://img.lazcdn.com/g/p/c73e9c6814e65fae4ce5b8d9dc601fc1.jpg_200x200q80.avif,i n tho i Realme V50 5G 6GB/128GB CPU Dimensity 6100+ M n 120HZ Rom Qu c t c ti ng vi t M i nguy n seal 100 - H ng nh p kh u
https://www.lazada.vn/products/pdp-i2596118068.html,Điện thoại thanh lý các đời Samsung. oppo. vivo. xiaomi .Sóng 4G. Ram 2G.3G.4G. bộ nhớ 16G.32G.128G,0,1250000,Hải Dương,https://img.lazcdn.com/g/p/129883ba680ca0a9b08b157380a76fa0.jpg_200x200q80.avif,i n tho i thanh l c c i Samsung OPPO Vivo xiaomi S ng 4G Ram 2G 3G 4G b nh 16G 32G 128G
https://www.lazada.vn/products/pdp-i2594979495.html,điện thoại thanh lý giá rẻ Vi xử lý 10 nhân đt rẻ Pin trâu 6800mAh Điện thoại Giá mềm Siêu CPU Mobile Hỗ trợ kiểm tra hàng hóa bán với giá thấp,48,1105089,Hà Nội,https://img.lazcdn.com/g/p/3d01626c1aab40a1b69cccc38c5fd83d.jpg_200x200q80.avif,i n tho i thanh l gi r Vi x l 10 nh n t r Pin tr u 6800mAh i n tho i Gi m m Si u CPU Mobile H tr ki m tra h ng h a b n v i gi th p
https://www.lazada.vn/products/pdp-i2594852544.html,Bộ nhớ 16+512GB Mobilephone Pin Lớn 6800mAh Mới 100% Camera 32+16MP Global Version Sạc nhanh Chính hãng Android handphone mướt game Android Mobile Tiếng Việt Điện thoại CPU Siêu Android phone Thẻ 2 sim viettel giá rẻ,43,1026025,Hà Nội,https://img.lazcdn.com/g/p/01caa21a72027a90c947210d8938e802.jpg_200x200q80.avif,B nh 16+512GB Mobilephone Pin L n 6800mAh M i 100 Camera 32+16MP Global Version S c nhanh Ch nh h ng Android handphone m t game Android Mobile Ti ng Vi t i n tho i CPU Si u Android phone Th 2 sim viettel gi r
https://www.lazada.vn/products/pdp-i2593496201.html,Điện Thoại Samsung A05 4GB/64GB - Hàng Chính Hãng,28,2368000,Bến Tre,https://img.lazcdn.com/g/p/998103aaeea0cc9173f806a4e45064a1.jpg_200x200q80.avif,i n Tho i Samsung A05 4GB/64GB - H ng Ch nh H ng
https://www.lazada.vn/products/pdp-i2593475550.html,Điện Thoại Samsung A05 4GB/64GB - Hàng Chính Hãng,24,2506000,Bến Tre,https://img.lazcdn.com/g/p/8eab310f61bcc9f24f8c1a7dbc8cd67c.jpg_200x200q80.avif,i n Tho i Samsung A05 4GB/64GB - H ng Ch nh H ng
https://www.lazada.vn/products/pdp-i2592180257.html,S22 Ultra Điện Thoại Di Động Chính Hãng Màn Hình 7.2Inch Điện Thoại Di Động Bộ Nhớ Lớn 16+512GB Hai Thẻ Sim Camera HD 24+48MP Pin 6800mAh điện thoại chính hãng giá rẻ,50,1300268,Hà Nội,https://img.lazcdn.com/g/p/5d3521a8f845a66c0425544528bc8615.jpg_200x200q80.avif,S22 Ultra i n Tho i Di ng Ch nh H ng M n H nh 7 2Inch i n Tho i Di ng B Nh L n 16+512GB Hai Th Sim Camera HD 24+48MP Pin 6800mAh i n tho i ch nh h ng gi r
https://www.lazada.vn/products/pdp-i2592100149.html,"Điện thoại Oppo A38 - Hàng chính hãng - Độ phân giải cao, hiệu năng ổn định, pin 5000mAh",40,3329000,Bến Tre,https://img.lazcdn.com/g/p/16ea35dc185da92ed1f110d03577ac05.jpg_200x200q80.avif,i n tho i OPPO A38 - H ng ch nh h ng - ph n gi i cao hi u n ng n nh pin 5000mAh
https://www.lazada.vn/products/pdp-i2590377372.html,S23 Ultra dien thoai giá rẻ Chơi Trò chơi Hai Thẻ Sim Màn Hình Full HD 6.8inch Bộ nhớ 3+32GB Camera HD 48+72MP Pin 6800mAh Android điện thoại rẻ cho học sinh,50,1109499,Hà Nội,https://img.lazcdn.com/g/p/db860a0e4d957fe05ac19f4cf19604b8.jpg_200x200q80.avif,S23 Ultra dien thoai gi r Ch i Tr ch i Hai Th Sim M n H nh Full HD 6 8inch B nh 3+32GB Camera HD 48+72MP Pin 6800mAh Android i n tho i r cho h c sinh
https://www.lazada.vn/products/pdp-i2589109974.html,Deal Điện Tử Giảm Đến 50% Galaxy S23 Ultra 6.8Inches Hiệu suất cao 16+1TB Pin 6800mAh Thẻ Sim đôi Điện Thoại Di Động,45,1176000,Hà Nội,https://img.lazcdn.com/g/p/99bd2ebe5bb496fa791afd1382dfb0af.jpg_200x200q80.avif,Deal i n T Gi m n 50 Galaxy S23 Ultra 6 8Inches Hi u su t cao 16+1TB Pin 6800mAh Th Sim i i n Tho i Di ng
https://www.lazada.vn/products/pdp-i2587681455.html,[COD]S22 Ultra Mới Chính Hãng 5G Điện Thoại Thông Minh Toàn Màn Hình 7.3 inch Full HD 16+512GB Dual SIM Điện Thoại Di Động,50,1300268,Hà Nội,https://img.lazcdn.com/g/p/cc69e1a41e4d4c2ca736e9dbc7ba93cb.jpg_200x200q80.avif,COD S22 Ultra M i Ch nh H ng 5G i n Tho i Th ng Minh To n M n H nh 7 3 inch Full HD 16+512GB Dual SIM i n Tho i Di ng
https://www.lazada.vn/products/pdp-i2585894730.html,Điện thoại Samsung Galaxy A25 5G - Hàng chinh hãng,20,5240000,Hà Nội,https://img.lazcdn.com/g/p/4fb230e6b5bdd98804ff3ccc6e502472.jpg_200x200q80.avif,i n tho i Samsung Galaxy A25 5G - H ng chinh h ng
https://www.lazada.vn/products/pdp-i2584848880.html,Bộ nhớ mở rộng 3800mAh Pin lớn Điện thoại di động A9S 6.1 inch Màn hình giọt nước Bề mặt cong 4+64GB Bộ nhớ 2SIM 8+16MP Camera HD dành cho người già Màn hình lớn,50,1146586,Hà Nội,https://img.lazcdn.com/g/p/a1485c1ad5a1527278c00274397470a6.jpg_200x200q80.avif,B nh m r ng 3800mAh Pin l n i n tho i di ng A9S 6 1 inch M n h nh gi t n c B m t cong 4+64GB B nh 2SIM 8+16MP Camera HD d nh cho ng i gi M n h nh l n
https://www.lazada.vn/products/pdp-i2583754499.html,S23 Ultra 6.8 Inch Điện thoại thông minh mở khóa bằng khuôn mặt 5G Phiên bản toàn cầu Điện thoại di động 16G + 1TB 6800mAh  48MP + 64MP Camera,50,1287629,Hà Nội,https://img.lazcdn.com/g/p/819e2cc2893538e3b8459be79d408488.png_200x200q80.avif,S23 Ultra 6 8 Inch i n tho i th ng minh m kh a b ng khu n m t 5G Phi n b n to n c u i n tho i di ng 16G + 1TB 6800mAh 48MP + 64MP Camera
https://www.lazada.vn/products/pdp-i2583607697.html,Sạc nhanh Bán giá rẻ Bộ nhớ 8+128GB handphone mướt game Mobile Bảo hành miễn phí điện thoại pin trâu Sạc nhanh điện thoại thông minh Mạng 4G điện thoại giá siêu rẻ Pin Lớn 4800mAh giá rẻ học sinh Camera 18+8MP Rino4  Androi,49,1107836,Hà Nội,https://img.lazcdn.com/g/p/07d342c3396f8281209394b2c0b0f890.jpg_200x200q80.avif,S c nhanh B n gi r B nh 8+128GB handphone m t game Mobile B o h nh mi n ph i n tho i pin tr u S c nhanh i n tho i th ng minh M ng 4G i n tho i gi si u r Pin L n 4800mAh gi r h c sinh Camera 18+8MP Rino4 Androi
https://www.lazada.vn/products/pdp-i2579325108.html,"[MEGA - SALE ĐẬM TỪ 20H 5.6] [QUÀ QUẤN KÈM HÀNG] Điện thoại Samsung Galaxy A55 5G, Màn hình Super AMOLED 6,6"", Camera AI, Vi xử lý mạnh mẽ 4nm",0,9990000,Bắc Ninh,https://img.lazcdn.com/g/p/fa3004b228c1eede4029806405c6b8f2.jpg_200x200q80.avif,MEGA - SALE M T 20H 5 6 QU QU N K M H NG i n tho i Samsung Galaxy A55 5G M n h nh Super AMOLED 6 6 Camera AI Vi x l m nh m 4nm
https://www.lazada.vn/products/pdp-i2579005327.html,"Điện thoại Galaxy Xcover 5 (4GB/64GB) pin tháo rời, siêu bền, kháng nước, kháng bụi, đủ 3 màu - BH 6 tháng lỗi 1 đổi 1",34,2049000,Hà Nội,https://img.lazcdn.com/g/p/51acd88216ca3fbeeccc43aecc877efd.jpg_200x200q80.avif,i n tho i Galaxy Xcover 5 4GB/64GB pin th o r i si u b n kh ng n c kh ng b i 3 m u - BH 6 th ng l i 1 i 1
https://www.lazada.vn/products/pdp-i2578558300.html,"Màn hình thả nước cong 6,7 inch 16+512GB Bộ nhớ điện thoại di động Pin 6800mAh 32+64MP Camera HD Thẻ 2SIM Điện thoại thông minh S22 Ultra Thẻ nhớ mở rộng",49,1183838,Hà Nội,https://img.lazcdn.com/g/p/f468e6e44c10f5ab3ecd7d5eb5ce73c1.jpg_200x200q80.avif,M n h nh th n c cong 6 7 inch 16+512GB B nh i n tho i di ng Pin 6800mAh 32+64MP Camera HD Th 2SIM i n tho i th ng minh S22 Ultra Th nh m r ng
https://www.lazada.vn/products/pdp-i2575962012.html,Điện thoại Samsung Galaxy S24 Ultra Online Exclusive,11,30235480,Hà Nội,https://img.lazcdn.com/g/p/71b96a70c7bbd20a3871560a0e20b6bf.jpg_200x200q80.avif,i n tho i Samsung Galaxy S24 Ultra Online Exclusive
https://www.lazada.vn/products/pdp-i2575953054.html,Điện thoại Samsung Galaxy A25 5G,8,6079278,Hà Nội,https://img.lazcdn.com/g/p/2e7e2cf586b90b06babbf51c90cda09e.jpg_200x200q80.avif,i n tho i Samsung Galaxy A25 5G
https://www.lazada.vn/products/pdp-i2575946148.html,Điện thoại Samsung Galaxy S24,10,20691000,Hà Nội,https://img.lazcdn.com/g/p/61c8baff866193a5e409e3848e6951c9.jpg_200x200q80.avif,i n tho i Samsung Galaxy S24
https://www.lazada.vn/products/pdp-i2575944184.html,Điện thoại Samsung Galaxy S24+ Online Exclusive,12,23712293,Hà Nội,https://img.lazcdn.com/g/p/0af18cf24e1211b951a0b89eb2d6f00f.jpg_200x200q80.avif,i n tho i Samsung Galaxy S24+ Online Exclusive
https://www.lazada.vn/products/pdp-i2575939948.html,Điện thoại Samsung Galaxy S24+,10,24291000,Hà Nội,https://img.lazcdn.com/g/p/adf430f71efdffc2127a5b248fffed57.jpg_200x200q80.avif,i n tho i Samsung Galaxy S24+
https://www.lazada.vn/products/pdp-i2569843273.html,Điện thoại Samsung A25 5G (8Gb/128Gb) Chính hãng Samsung Việt Nam Mới 100% Nguyên Seal,21,5190000,Hà Nội,https://img.lazcdn.com/g/p/2e7e2cf586b90b06babbf51c90cda09e.jpg_200x200q80.avif,i n tho i Samsung A25 5G 8Gb/128Gb Ch nh h ng Samsung Vi t Nam M i 100 Nguy n Seal
https://www.lazada.vn/products/pdp-i2569763287.html,Điện thoại Samsung A05S (6Gb/128Gb) Chính hãng Samsung Việt Nam Mới 100% Nguyên Seal,19,3225000,Hà Nội,https://img.lazcdn.com/g/p/86f8c4268dee158b423c5bbeb5dabe08.jpg_200x200q80.avif,i n tho i Samsung A05S 6Gb/128Gb Ch nh h ng Samsung Vi t Nam M i 100 Nguy n Seal
https://www.lazada.vn/products/pdp-i2569624862.html,Điện thoại Samsung A05 (6Gb/128Gb) Chính hãng Samsung Việt Nam Mới 100% Nguyên Seal,27,2190000,Hà Nội,https://img.lazcdn.com/g/p/5b4d02fd6217e11b377632c3053d6a6c.jpg_200x200q80.avif,i n tho i Samsung A05 6Gb/128Gb Ch nh h ng Samsung Vi t Nam M i 100 Nguy n Seal
https://www.lazada.vn/products/pdp-i2567948761.html,điện thoại  LV mobile LV5 gim xạc ko vào 2sin ngje gọi ok,0,170000,Bến Tre,https://img.lazcdn.com/g/ff/kf/S472f189f207b4b7a86f72eb3205d59baC.jpg_200x200q80.avif,i n tho i LV mobile LV5 gim x c ko v o 2sin ngje g i ok
https://www.lazada.vn/products/pdp-i2548358189.html,"Điện thoại Sam Sung Note 20 Ultra 5G model : SM-N986N đang sài tốt bình thường máy củ có chấm kim tí trên bên phải chổ phần trăm pin như hinh chụp trên,em bao sài ko lam nhé,máy của hàn quốc.Pin,Đích vỏ còn mới đẹp,màn hình công tràn viền,kính camera còn",0,5700000,Trà Vinh,https://img.lazcdn.com/g/ff/kf/S7c512fa96e96475780ae4ef468af5b66U.jpg_200x200q80.avif,i n tho i Sam Sung Note 20 Ultra 5G model SM-N986N ang s i t t b nh th ng m y c c ch m kim t tr n b n ph i ch ph n tr m pin nh hinh ch p tr n em bao s i ko lam nh m y c a h n qu c Pin ch v c n m i p m n h nh c ng tr n vi n k nh camera c n
https://www.lazada.vn/products/pdp-i2543640307.html,"Điện thoại Xiaomi Redmi Note 13 pro plus, Chip Dimensity 7200 Ultra, Pin 5.000mAh, sạc nhanh 120W",6,6590000,Vĩnh Phúc,https://img.lazcdn.com/g/ff/kf/Sa8c84b3fea03409ead82b5d8e302b798g.jpg_200x200q80.avif,i n tho i Xiaomi Redmi Note 13 Pro plus Chip Dimensity 7200 Ultra Pin 5 000mAh s c nhanh 120W
https://www.lazada.vn/products/pdp-i2540029256.html,"[MEGA - SALE ĐẬM TỪ 20H 5.6] Điện thoại Samsung Galaxy S24+, Điện thoại AI, Camera 50MP, Màn hình QHD+ 6,7"", Pin 4.900mAh",0,26990000,Hồ Chí Minh,https://img.lazcdn.com/g/p/bb12d17e7d874ebb8bf0446e061f47d5.jpg_200x200q80.avif,MEGA - SALE M T 20H 5 6 i n tho i Samsung Galaxy S24+ i n tho i AI Camera 50MP M n h nh QHD+ 6 7 Pin 4 900mAh
https://www.lazada.vn/products/pdp-i2539508878.html,Điện thoại Samsung galaxy M31 Ram 6G bộ nhớ 64GB  Pin 6000 mAh máy chính hãng tặng kèm ốp lưng cường lực,6,1590000,Hồ Chí Minh,https://img.lazcdn.com/g/p/0ea8049314f5c7b27db14984d43c801b.jpg_200x200q80.avif,i n tho i Samsung galaxy M31 Ram 6G b nh 64GB Pin 6000 mAh m y ch nh h ng t ng k m p l ng c ng l c
https://www.lazada.vn/products/pdp-i2534421716.html,Điện thoại Samsung Galaxy S24 Ultra 12GB/256GB - Độc Quyền Online,34,22550600,Hồ Chí Minh,https://img.lazcdn.com/g/ff/kf/Sf0457666a38c49b183231d3972272959j.jpg_200x200q80.avif,i n tho i Samsung Galaxy S24 Ultra 12GB/256GB - c Quy n Online
https://www.lazada.vn/products/pdp-i2533872339.html,Hộp Thoại IDF 50 đôi đầy đủ đế gắn và phiến cao cấp bảo hành lâu dài 1 đổi 1,0,247000,Hà Nội,https://img.lazcdn.com/g/p/3c11428cf93298eb2804c6d9324a66b1.jpg_200x200q80.avif,H p Tho i IDF 50 i y g n v phi n cao c p b o h nh l u d i 1 i 1
https://www.lazada.vn/products/pdp-i2533845776.html,Phiến Đấu Điện Thoại KRONE 10 Đôi Cao Cấp Bảo Hành 1 Đổi 1,0,20000,Hà Nội,https://img.lazcdn.com/g/p/fabbf38ab74292c93beafc1e49d46394.jpg_200x200q80.avif,Phi n u i n Tho i KRONE 10 i Cao C p B o H nh 1 i 1
https://www.lazada.vn/products/pdp-i2533551671.html,"Xiaomi Qin F22 Pro 2024 New Fullbox Full Google, Ch Play đầy đủ, bàn phím T9 cứng tiếng việt như Nokia - HP247",7,3250000,Hải Phòng,https://img.lazcdn.com/g/p/d93e5e73b77cbf1c28100189801158d0.png_200x200q80.avif,Xiaomi Qin F22 Pro 2024 New Fullbox Full Google Ch Play y b n ph m T9 c ng ti ng vi t nh Nokia - HP247
https://www.lazada.vn/products/pdp-i2533282180.html,Hộp Thoại IDF 10 đôi  đầy đủ đế gắn và phiến cao cấp bảo hành lâu dài 1 đổi 1,0,165000,Hà Nội,https://img.lazcdn.com/g/p/95624b763678b00d3f4a0599fbb2b36e.jpg_200x200q80.avif,H p Tho i IDF 10 i y g n v phi n cao c p b o h nh l u d i 1 i 1
https://www.lazada.vn/products/pdp-i2526812887.html,Samsung C3520,0,650000,Hồ Chí Minh,https://img.lazcdn.com/g/p/3ea8cd94d20520c5f1c545d4432bfc61.jpg_200x200q80.avif,Samsung C3520
https://www.lazada.vn/products/pdp-i2526516037.html,SAMSUNG A70 MÁY BAO ĐẸP BAO MƯỢT YOUTUBE TIKTOK SIÊU MƯỢT 6G/128G.,0,2050000,Bạc Liêu,https://img.lazcdn.com/g/p/7d82003863bed9a502650568f214d21b.jpg_200x200q80.avif,Samsung A70 M Y BAO P BAO M T YOUTUBE TIKTOK SI U M T 6G/128G
https://www.lazada.vn/products/pdp-i2526461201.html,Điện Thoại OPPO A18 (4GB/128GB) - Hàng Chính Hãng,0,3990000,Hà Nội,https://img.lazcdn.com/g/p/0f17a0b269c34017e84a8305e4b31e09.jpg_200x200q80.avif,i n Tho i OPPO A18 4GB/128GB - H ng Ch nh H ng
https://www.lazada.vn/products/pdp-i2526453353.html,SAMSUNG A50S MÁY CÒN MỚI ĐẸP RẤT BỀN 4G/64G.,0,1700000,Bạc Liêu,https://img.lazcdn.com/g/p/472925461a3eb21df6a5d8d3f44f12f6.jpg_200x200q80.avif,Samsung A50S M Y C N M I P R T B N 4G/64G
https://www.lazada.vn/products/pdp-i2524371568.html,Lenovo Y400 Y500 Y410 Y410 P 510P Y430p S300 G400 X240 T440 E440 E431 Thế Hệ 3 DDR3L 4G 8G Máy Tính Xách Tay Bộ Nhớ Trong Điện Áp Thấp,62,322000,Hong Kong,https://img.lazcdn.com/g/ff/kf/S38792d11140644efb0dc4447cb9cda91A.png_200x200q80.avif,Lenovo Y400 Y500 Y410 Y410 P 510P Y430p S300 G400 X240 T440 E440 E431 Th H 3 DDR3L 4G 8G M y T nh X ch Tay B Nh Trong i n p Th p
https://www.lazada.vn/products/pdp-i2523316279.html,Điện thoại Samsung A750 ram 4,0,1385000,Bến Tre,https://img.lazcdn.com/g/ff/kf/S694a51ed8f8c4f36b5bdae9b0b1ab8cfI.jpg_200x200q80.avif,i n tho i Samsung A750 ram 4
https://www.lazada.vn/products/pdp-i2523313303.html,Điện thoại Samsung A750 Ram4/64G,0,1300000,Bến Tre,https://img.lazcdn.com/g/ff/kf/S0715ed3d80204750b4c908fd716662b8H.jpg_200x200q80.avif,i n tho i Samsung A750 Ram4/64G
https://www.lazada.vn/products/pdp-i2523277738.html,Điện thoại Samsung j600,0,1500000,Bến Tre,https://img.lazcdn.com/g/ff/kf/S7b6f442998ae4342aaef24f4d714f113r.jpg_200x200q80.avif,i n tho i Samsung j600
https://www.lazada.vn/products/pdp-i2523264901.html,Điện thoại Samsung A750 Ram 4,0,1350000,Bến Tre,https://img.lazcdn.com/g/ff/kf/Sbaec683da8104f8f9e40a7f4cb658276c.jpg_200x200q80.avif,i n tho i Samsung A750 Ram 4
https://www.lazada.vn/products/pdp-i2522450572.html,Điện thoại Samsung Galaxy A05 (4GB/64GB),9,3190000,Sóc Trăng,https://img.lazcdn.com/g/ff/kf/S9ae491891b354ad7bb65e89f3055d32cM.jpg_200x200q80.avif,i n tho i Samsung Galaxy A05 4GB/64GB
https://www.lazada.vn/products/pdp-i2516565523.html,Điện thoại Samsung Galaxy A15 5G 8GB/128GB - Hàng Chính Hãng,10,5690000,Đà Nẵng,https://img.lazcdn.com/g/p/c54d6267f0e175e33ae76d4957938797.png_200x200q80.avif,i n tho i Samsung Galaxy A15 5G 8GB/128GB - H ng Ch nh H ng
https://www.lazada.vn/products/pdp-i2516499497.html,Điện thoại Samsung Galaxy A25 5G 6GB/128GB - Hàng chính hãng,9,5990000,Đà Nẵng,https://img.lazcdn.com/g/p/667b9499d7ecadaf598a8bcbabfd48cd.png_200x200q80.avif,i n tho i Samsung Galaxy A25 5G 6GB/128GB - H ng ch nh h ng
https://www.lazada.vn/products/pdp-i2515495089.html,Điện thoại Samsung Galaxy A15 LTE 8GB/128GB - Hàng Chính Hãng,10,4490000,Đà Nẵng,https://img.lazcdn.com/g/p/4353b2ed0ef6d0d1c92bdcd45be4d1a3.png_200x200q80.avif,i n tho i Samsung Galaxy A15 LTE 8GB/128GB - H ng Ch nh H ng
https://www.lazada.vn/products/pdp-i2514005598.html,Điện thoại Samsung Galaxy A05 (4GB/128GB) - Đã kích hoạt bảo hành điện tử -Hàng chính hãng,0,3036000,Hải Phòng,https://img.lazcdn.com/g/p/239c8e3b0696349bd9cb0718bbd9487e.jpg_200x200q80.avif,i n tho i Samsung Galaxy A05 4GB/128GB - k ch ho t b o h nh i n t -H ng ch nh h ng
https://www.lazada.vn/products/pdp-i2507728817.html,Điện thoại Samsung Galaxy M55 5G 12GB/256GB - Hàng Chính Hãng - BH 12 Tháng,31,8990000,Đà Nẵng,https://img.lazcdn.com/g/p/a07116c6f76cfda0054dfce13fc42d01.jpg_200x200q80.avif,i n tho i Samsung Galaxy M55 5G 12GB/256GB - H ng Ch nh H ng - BH 12 Th ng
https://www.lazada.vn/products/pdp-i2507359182.html,Điện thoại Samsung Note 10+ Ram 12/256GB chip Exynos,0,6100000,Hồ Chí Minh,https://img.lazcdn.com/g/p/48244cce2a0f6af162efd27980ef8b09.jpg_200x200q80.avif,i n tho i Samsung Note 10+ Ram 12/256GB chip Exynos
https://www.lazada.vn/products/pdp-i2505325810.html,Điện thoại Xiaomi Redmi 6 Ram 3Gb/32Gb Chính hãng máy đẹp chơi game liên quân freefire ổn - 2sim Full Tiếng Việt,50,775000,Nam Định,https://img.lazcdn.com/g/ff/kf/S6b21d6b7dd1b4fc59042690083c6dd1dk.jpg_200x200q80.avif,i n tho i Xiaomi Redmi 6 Ram 3Gb/32Gb Ch nh h ng m y p ch i game li n qu n freefire n - 2sim Full Ti ng Vi t
https://www.lazada.vn/products/pdp-i2504883100.html,2023 điện thoại CHÍNH HÃNG Galaxy S23 Ultra 12+512GB Bộ nhớ MỚI Sẵn Tiếng Việt chơi LIÊN QUÂN-PUBG-FREE FIRE ngon lành Học Online đỉnh,41,1272000,Hà Nội,https://img.lazcdn.com/g/p/88d268ec9807d34aae79e09f05ffc84b.jpg_200x200q80.avif,2023 i n tho i CH NH H NG Galaxy S23 Ultra 12+512GB B nh M I S n Ti ng Vi t ch i LI N QU N-PUBG-FREE FIRE ngon l nh H c Online nh
https://www.lazada.vn/products/pdp-i2504720472.html,Điện thoại Samsung S21+ Ram 8/128GB chip Snap 888,0,6800000,Hồ Chí Minh,https://img.lazcdn.com/g/p/9689bd5a27a315977d500735d7b8aec2.jpg_200x200q80.avif,i n tho i Samsung S21+ Ram 8/128GB chip Snap 888
https://www.lazada.vn/products/pdp-i2502028446.html,Điện thoại Samsung Galaxy S23 5G Mỹ 2sim likenew | chip snapdragon 8 gen 2 | kèm đầy đủ phụ kiện,0,12290000,Hà Nội,https://img.lazcdn.com/g/p/2738a225f184597238b76f49fec14043.jpg_200x200q80.avif,i n tho i Samsung Galaxy S23 5G M 2sim likenew chip snapdragon 8 gen 2 k m y ph ki n
https://www.lazada.vn/products/pdp-i2500695835.html,Điện thoại oppo neo5 _a31. Điện thoại gia rẻ HÀNG CHÍNH HÃNG đã qua sử dụng,3,289999,Hải Phòng,https://img.lazcdn.com/g/p/d4c9552401491715c894b69f9a7cac21.jpg_200x200q80.avif,i n tho i OPPO neo5 a31 i n tho i gia r H NG CH NH H NG qua s d ng
https://www.lazada.vn/products/pdp-i2499028210.html,Điện thoại Samsung S21 5G bản Mỹ 2Sim Ram 8/128GB chip Snap 855,0,5600000,Hồ Chí Minh,https://img.lazcdn.com/g/p/b3823fb604838bb3c3fc3f1777571c20.jpg_200x200q80.avif,i n tho i Samsung S21 5G b n M 2Sim Ram 8/128GB chip Snap 855
https://www.lazada.vn/products/pdp-i2498737037.html,"Điện thoại Motorola G53y 4GB/128GB , Màn hình 120Hz , Chip Snapdragon 480 Plus , Camera 50MP , Có sẳn tiếng việt - Hàng nhập khẩu nhật",33,2659000,Nghệ An,https://img.lazcdn.com/g/p/b9282dee67c28dc2fa817e70dda110ff.jpg_200x200q80.avif,i n tho i Motorola G53y 4GB/128GB M n h nh 120Hz Chip Snapdragon 480 Plus Camera 50MP C s n ti ng vi t - H ng nh p kh u nh t
https://www.lazada.vn/products/pdp-i2497792029.html,Điện thoại Samsung Galaxy A05 128 GB RAM6 và RAM4,7,2860000,Hà Nội,https://img.lazcdn.com/g/p/e10b334214aefae3146327abdde6af82.jpg_200x200q80.avif,i n tho i Samsung Galaxy A05 128 GB RAM6 v RAM4
https://www.lazada.vn/products/pdp-i2497729247.html,Điện thoại Samsung Galaxy M34 5G,10,7191000,Hà Nội,https://img.lazcdn.com/g/p/ba60b71c62747781c19a3c94ac14eafc.jpg_200x200q80.avif,i n tho i Samsung Galaxy M34 5G
https://www.lazada.vn/products/pdp-i2497558954.html,Điện thoại Samsung Galaxy A24 128GB/6GB và 128GB/8GB,10,5840997,Hà Nội,https://img.lazcdn.com/g/p/339b261a4b66df727ea02fe9345901c8.jpg_200x200q80.avif,i n tho i Samsung Galaxy A24 128GB/6GB v 128GB/8GB
https://www.lazada.vn/products/pdp-i2497404092.html,Điện thoại Samsung Galaxy S23Ultra 5G,9,20990000,Hồ Chí Minh,https://img.lazcdn.com/g/p/a1a3180e58d074a565cbfdbb99110d20.png_200x200q80.avif,i n tho i Samsung Galaxy S23Ultra 5G
https://www.lazada.vn/products/pdp-i2496646653.html,"[MEGA - SALE ĐẬM TỪ 20H 5.6] [Qùa quấn kèm hàng] Điện thoại Samsung Galaxy A25 5G, Màn hình Super AMOLED 120hz, Camera đến 50MP",0,6590000,Hồ Chí Minh,https://img.lazcdn.com/g/p/7d811a6bcdfca81377238fddc4e5ff88.jpg_200x200q80.avif,MEGA - SALE M T 20H 5 6 Q a qu n k m h ng i n tho i Samsung Galaxy A25 5G M n h nh Super AMOLED 120hz Camera n 50MP
https://www.lazada.vn/products/pdp-i2490253439.html,"điện thoại Cảm ứng siêu rẻ Samsung A03s - điện thoại Samsung Galaxy A03s máy 2sim ram 4G/64G Chính Hãng, lướt Wed Tiktok Facebook Youtube chất, Bảo hành 12 tháng",41,890000,Quảng Ngãi,https://img.lazcdn.com/g/p/78ed1f99f2312cf49ae5267e7326fee9.jpg_200x200q80.avif,i n tho i C m ng si u r Samsung A03s - i n tho i Samsung Galaxy A03s m y 2sim ram 4G/64G Ch nh H ng l t Wed Tiktok Facebook Youtube ch t B o h nh 12 th ng
https://www.lazada.vn/products/pdp-i2485059639.html,Nâng cấp Elsa Speak PREMIUM chính chủ 1 năm,0,1500000,Hồ Chí Minh,https://img.lazcdn.com/g/p/a08872c18a49a06a4b65deb0847f151e.png_200x200q80.avif,N ng c p Elsa Speak PREMIUM ch nh ch 1 n m
https://www.lazada.vn/products/pdp-i2484389320.html,Điện thoại Xiaomi Redmi 13 (6GB/128GB) - Chính Hãng,24,3270000,Hồ Chí Minh,https://img.lazcdn.com/g/p/665a1b041bad66981ec9a82627d2c57d.jpg_200x200q80.avif,i n tho i Xiaomi Redmi 13 6GB/128GB - Ch nh H ng
https://www.lazada.vn/products/pdp-i2483938870.html,Màn hình OLEDPRO X4 Ram 4GB - Rom 32GB - 8 Core mẫu mới 2023  !,0,2870000,Hà Nam,https://img.lazcdn.com/g/p/029097f9c628b886479b14bc6c9b02d5.jpg_200x200q80.avif,M n h nh OLEDPro X4 Ram 4GB - Rom 32GB - 8 Core m u m i 2023
https://www.lazada.vn/products/pdp-i2483735945.html,điện thoại chính hãng giá rẻ S23 Ultra Di Động Chính Hãng 7.3Inch Điện Thoại Di Động Bộ Nhớ Lớn 16+512GB Hai Thẻ Sim Camera 32+64MP Pin 6800mAh Điện thoại thông minh,50,1276880,Hà Nội,https://img.lazcdn.com/g/p/6744da8aa00a25d4e027eec7cec251a6.jpg_200x200q80.avif,i n tho i ch nh h ng gi r S23 Ultra Di ng Ch nh H ng 7 3Inch i n Tho i Di ng B Nh L n 16+512GB Hai Th Sim Camera 32+64MP Pin 6800mAh i n tho i th ng minh
https://www.lazada.vn/products/pdp-i2482824276.html,Điện thoại OPPO A38  - Hàng chính hãng,29,3200000,Hà Nội,https://img.lazcdn.com/g/p/929546a31d37ca005ed81f6ac5271ffb.jpg_200x200q80.avif,i n tho i OPPO A38 - H ng ch nh h ng
https://www.lazada.vn/products/pdp-i2481952939.html,giá rẻ học sinh Galaxy S23 Ultra Di Động Chính Hãng 6.7Inch diện thoại có bộ nhớ cao 16+1TB Camera 32+64MP Pin 6800mAh điện thoại ai pat giá rẻ,50,1333000,Hà Nội,https://img.lazcdn.com/g/p/6f24d6543e61d853d762394480e116f0.jpg_200x200q80.avif,gi r h c sinh Galaxy S23 Ultra Di ng Ch nh H ng 6 7Inch di n tho i c b nh cao 16+1TB Camera 32+64MP Pin 6800mAh i n tho i ai pat gi r
https://www.lazada.vn/products/pdp-i2477459893.html,Samsung Galaxy a20 điện thoại giá rẻ màn hình to cho mọi nhà,0,850000,Hồ Chí Minh,https://img.lazcdn.com/g/ff/kf/S68a87cee14d04068b30e8026d716845bE.jpg_200x200q80.avif,Samsung Galaxy a20 i n tho i gi r m n h nh to cho m i nh
https://www.lazada.vn/products/pdp-i2475881390.html,Điện thoại Samsung Galaxy A05(4GB/64GB) New(Tặng 1 SDP 10.000mAh),3,290000,Sóc Trăng,https://img.lazcdn.com/g/p/76e942408865cb6f3783b8f62db28953.jpg_200x200q80.avif,i n tho i Samsung Galaxy A05 4GB/64GB New T ng 1 SDP 10 000mAh
https://www.lazada.vn/products/pdp-i2474446767.html,"Điện thoại HONOR X5 Plus 4GB+64GB | Pin 5200mAh 90Hz | Màn hình 6.56"" | BH 13 Tháng Hàng Chính Hãng",22,2180000,Long An,https://img.lazcdn.com/g/p/e3e5fbd1eaeaf9205d49369873d8a01d.png_200x200q80.avif,i n tho i HONOR X5 Plus 4GB+64GB Pin 5200mAh 90Hz M n h nh 6 56 BH 13 Th ng H ng Ch nh H ng
https://www.lazada.vn/products/pdp-i2472415027.html,SAMSUNG A750 SIÊU MẠNH SIÊU ĐẸP SIÊU BỀN 4G-6G/64G/128G.,0,1350000,Bạc Liêu,https://img.lazcdn.com/g/p/0bee058e4c89513d85e8c14d7a65ca2f.png_200x200q80.avif,Samsung A750 SI U M NH SI U P SI U B N 4G-6G/64G/128G
https://www.lazada.vn/products/pdp-i2472411041.html,SAMSUNG A750 KHÔNG TRẦY XƯỚC ĐẸP KEENG 4G-6G/64G-128G.,0,1300000,Bạc Liêu,https://img.lazcdn.com/g/p/a964178e8c9386b056681f3355e7629b.jpg_200x200q80.avif,Samsung A750 KH NG TR Y X C P KEENG 4G-6G/64G-128G
https://www.lazada.vn/products/pdp-i2472347172.html,SAMSUNG A71 MÁY 8G/128Gb BỀN LƯỚT WEB SIÊU MƯỢT,0,2400000,Bạc Liêu,https://img.lazcdn.com/g/p/644e4921b822abedc73ee9a20fdd7b06.jpg_200x200q80.avif,Samsung A71 M Y 8G/128Gb B N L T WEB SI U M T
https://www.lazada.vn/products/pdp-i2472220934.html,SAMSUNG A51 MÁY CÒN ĐẸP BỀN LƯỚT WEB BAO MƯỢT.,0,1900000,Bạc Liêu,https://img.lazcdn.com/g/p/91ff6629c1523abdb59e912d98a1d4f7.jpg_200x200q80.avif,Samsung A51 M Y C N P B N L T WEB BAO M T
https://www.lazada.vn/products/pdp-i2472140454.html,SAMSUNG A12 MÁY CÒN MỚI ĐẸP KHÔNG TRẦY XƯỚC LƯỚT WEB BAO MƯỢT 4G-6G/128G,0,2000000,Bạc Liêu,https://img.lazcdn.com/g/p/e2bb8b42b579f51a12acb09624ffc7c1.jpg_200x200q80.avif,Samsung A12 M Y C N M I P KH NG TR Y X C L T WEB BAO M T 4G-6G/128G
https://www.lazada.vn/products/pdp-i2472051500.html,SAMSUNG A32 MÁY CÒN MỚI ĐẸP BAO MƯỢT 6G/128G.,0,2300000,Bạc Liêu,https://img.lazcdn.com/g/p/fac121d95ef665248d3c8d7cc6b8ca19.jpg_200x200q80.avif,Samsung A32 M Y C N M I P BAO M T 6G/128G
https://www.lazada.vn/products/pdp-i2471780965.html,SAMSUNG A12  BAO ĐẸP BAO MƯỢT   MÁY CÒN MỚI 99% 4G-6G/128G,0,2000000,Bạc Liêu,https://img.lazcdn.com/g/p/63a50f911f032a79eabbdcfded882cda.jpg_200x200q80.avif,Samsung A12 BAO P BAO M T M Y C N M I 99 4G-6G/128G
https://www.lazada.vn/products/pdp-i2471641105.html,"Điện thoại Xiaomi Redmi Note 13 pro 5G New Seal, Snapdragon 7s Gen 2, Pin 5.100mAh, Sạc nhanh 67W",11,5129000,Vĩnh Phúc,https://img.lazcdn.com/g/ff/kf/S0f052c959bf942c0a16c988fa4a625b8V.jpg_200x200q80.avif,i n tho i Xiaomi Redmi Note 13 Pro 5G New Seal Snapdragon 7s Gen 2 Pin 5 100mAh S c nhanh 67W
https://www.lazada.vn/products/pdp-i2465511834.html,Điện thoại samsung S22 ultra 2 sim,5,12800000,Nam Định,https://img.lazcdn.com/g/ff/kf/Sd9623bb3e1c4441f8194a8b89a3afd14l.jpg_200x200q80.avif,i n tho i Samsung S22 ultra 2 sim
https://www.lazada.vn/products/pdp-i2458288006.html,Điện thoại Samsung Galaxy S23 FE 2023 8GB/128GB | 8GB/256GB - Hàng Chính Hãng,22,11690000,Đà Nẵng,https://img.lazcdn.com/g/p/2d28fe56cf4a6345effff482a7b42a42.png_200x200q80.avif,i n tho i Samsung Galaxy S23 FE 2023 8GB/128GB 8GB/256GB - H ng Ch nh H ng
https://www.lazada.vn/products/pdp-i2456071846.html,Samsung Galaxy A05s 4GB 128GB Hãng Chính Hãng,0,4990000,Hồ Chí Minh,https://img.lazcdn.com/g/p/b464c58217b700c0f11e64f3fd89dea7.png_200x200q80.avif,Samsung Galaxy A05s 4GB 128GB H ng Ch nh H ng
https://www.lazada.vn/products/pdp-i2455351807.html,Điện thoại Samsung Galaxy A05 - Hàng chính hãng BH 12 tháng,18,2450000,Hà Nội,https://img.lazcdn.com/g/p/42478f282070ea703226ee92b381cb86.png_200x200q80.avif,i n tho i Samsung Galaxy A05 - H ng ch nh h ng BH 12 th ng
https://www.lazada.vn/products/pdp-i2455131893.html,Điện thoại Samsung Galaxy A05 4GB 128GB Hàng Chính hãng,0,3990000,Hồ Chí Minh,https://img.lazcdn.com/g/p/86c90bc8b1260c6da83b7b5c6c4289de.png_200x200q80.avif,i n tho i Samsung Galaxy A05 4GB 128GB H ng Ch nh h ng
https://www.lazada.vn/products/pdp-i2448077812.html,Điên thoại Samsung Galaxy Z Flip 5 5G 512GB - Hàng chính hãng,32,16990000,Đà Nẵng,https://img.lazcdn.com/g/ff/kf/S631a8660fa5e42d2aee3d7b56315199eq.jpg_200x200q80.avif,i n tho i Samsung Galaxy Z Flip 5 5G 512GB - H ng ch nh h ng
https://www.lazada.vn/products/pdp-i2448064828.html,Điện thoại Samsung Galaxy Z Fold 6 5G - Hàng chính hãng,22,34990000,Đà Nẵng,https://img.lazcdn.com/g/p/6d53e5faa5aa889444a7f1949854910c.jpg_200x200q80.avif,i n tho i Samsung Galaxy Z Fold 6 5G - H ng ch nh h ng
https://www.lazada.vn/products/pdp-i2438672721.html,"Điện thoại ZTE Libero 5G III - 4/64GB Dimensity 700 ,Màn OLED ,Kháng nước IP57 - Mới nguyên seal - Hàng nhập khẩu",13,2299000,Nghệ An,https://img.lazcdn.com/g/p/934844de5ed1cb33da32758b8b8d10a7.jpg_200x200q80.avif,i n tho i ZTE Libero 5G III - 4/64GB Dimensity 700 M n OLED Kh ng n c IP57 - M i nguy n seal - H ng nh p kh u
https://www.lazada.vn/products/pdp-i2437228934.html,"Điện Thoại Sony Xperia 10 Mark 4 5G 2 Sim Snapdragon 695 6/128, Màn OLED 6' Full HD+, Có NFC, Pin trâu 5000 Mah",0,2800000,Hưng Yên,https://img.lazcdn.com/g/p/32e56eb9869ebb4e4e16004ec32f19bb.png_200x200q80.avif,i n Tho i Sony Xperia 10 Mark 4 5G 2 Sim Snapdragon 695 6/128 M n OLED 6 Full HD+ C NFC Pin tr u 5000 Mah
https://www.lazada.vn/products/pdp-i2437150867.html,Điện thoại Samsung J7prime sóng 4G 2sim.Loa to sóng khỏe. BẢO HÀNH 6 THÁNG. 1 ĐỔI 1 TRONG 2 THÁNG,0,395000,Hải Dương,https://img.lazcdn.com/g/p/c507a864b97053b85f32ab3e3515db96.jpg_200x200q80.avif,i n tho i Samsung J7prime s ng 4G 2sim Loa to s ng kh e B O H NH 6 TH NG 1 I 1 TRONG 2 TH NG
https://www.lazada.vn/products/pdp-i2437112454.html,"Samsung J710FN/DS J7(2016) củ qua sử dụng ok bình thường,RAM 2GB,bộ nhớ 16GB,andiroi 8.1,cục sạc dây sạc,cường lực dán sẵn,bán cho anh,em cần đầy đủ chức năng hết,đã cài zalo,facebook,mesenger,youtube...,đặc hàng em gửi cho...",0,700000,Trà Vinh,https://img.lazcdn.com/g/ff/kf/S548b451b28a14f91ba174927f023844ag.jpg_200x200q80.avif,Samsung J710FN/DS J7 2016 cu qua s du ng ok b nh th ng RAM 2GB b nh 16GB andiroi 8 1 c c s c d y s c c ng l c d n s n b n cho anh em c n y ch c n ng h t c i zalo facebook mesenger youtube c h ng em g i cho
https://www.lazada.vn/products/pdp-i2432316020.html,Điện thoại Xiaomi Qin F22 (No Camera),0,1690000,Hà Nội,https://img.lazcdn.com/g/ff/kf/Sd5402cf34d1c4de98667d0235a63aeb5J.jpg_200x200q80.avif,i n tho i Xiaomi Qin F22 No Camera
https://www.lazada.vn/products/pdp-i2428220338.html,Điện thoại Samsung Galaxy A05s 4GB-128GB - Hàng Chính Hãng Nguyên Seal,23,3090000,Đà Nẵng,https://img.lazcdn.com/g/p/3017cac20c98e6ecee5787a562296518.jpg_200x200q80.avif,i n tho i Samsung Galaxy A05s 4GB-128GB - H ng Ch nh H ng Nguy n Seal
https://www.lazada.vn/products/pdp-i2427960091.html,Điện Thoại Samsung A10 2 Sim 4G Ram 2 GB Bộ Nhớ 32 GB,0,715000,Hậu Giang,https://img.lazcdn.com/g/p/9d8b468409e5d76a8a15788e78a9ba0a.jpg_200x200q80.avif,i n Tho i Samsung A10 2 Sim 4G Ram 2 GB B Nh 32 GB
https://www.lazada.vn/products/pdp-i2427219777.html,Điện thoại Samsung Galaxy M34 5G 8GB/128GB -  Hàng Chính Hãng,19,6490000,Đà Nẵng,https://img.lazcdn.com/g/p/fc961e43f467959c6e055ee8eeb27861.jpg_200x200q80.avif,i n tho i Samsung Galaxy M34 5G 8GB/128GB - H ng Ch nh H ng
https://www.lazada.vn/products/pdp-i2427205645.html,ĐIỆN THOẠI VỆ TINH XT LITE,0,26000000,Hồ Chí Minh,https://img.lazcdn.com/g/p/99e0b4ebb376e2851bc0085ba09ed621.png_200x200q80.avif,I N THO I V TINH XT LITE
https://www.lazada.vn/products/pdp-i2426184967.html,Điện thoại Samsung A10 Hàng chính hãng máy cũ dùng mượt,0,625000,Bình Dương,https://img.lazcdn.com/g/ff/kf/Sf1d8ff2fceac43a2a6efe44579cb4c678.jpg_200x200q80.avif,i n tho i Samsung A10 H ng ch nh h ng m y c d ng m t
https://www.lazada.vn/products/pdp-i2425877678.html,"Sony Xperia 1 III (Xperia 1 Mark 3) 5G có NFC, Hỗ trọ VoLTE Ram 12GB bộ nhớ 256GB Camera Zeiss màn hình OLED 4K 120Hz",0,4650000,Hưng Yên,https://img.lazcdn.com/g/p/207d240b48598175c5f94d1a4ba77333.png_200x200q80.avif,Sony Xperia 1 III Xperia 1 Mark 3 5G c NFC H tr VoLTE Ram 12GB b nh 256GB Camera ZeiSamsung m n h nh OLED 4K 120Hz
https://www.lazada.vn/products/pdp-i2424924760.html,Điện thoại Samsung Galaxy Z Flip5,17,21507000,Hà Nội,https://img.lazcdn.com/g/p/a5d562becc304c0f30e369f2139265e8.jpg_200x200q80.avif,i n tho i Samsung Galaxy Z Flip5
https://www.lazada.vn/products/pdp-i2424408742.html,"Điện thoại Samsung Galaxy S23 Ultra 5G Mỹ, SamSung Việt Nam New Seal Fullbox 2 Sim 8/256 12/512G",33,16800000,Hà Nội,https://img.lazcdn.com/g/ff/kf/S06ff2259f9734d799f650657678f7308v.jpg_200x200q80.avif,i n tho i Samsung Galaxy S23 Ultra 5G M Samsung Vi t Nam New Seal Fullbox 2 Sim 8/256 12/512G
https://www.lazada.vn/products/pdp-i2423860092.html,Điện thoại Samsung Galaxy M34 5G 8GB/128GB - Hàng Chính Hãng,20,6390000,Đà Nẵng,https://img.lazcdn.com/g/p/6e236e40dae4a89cd0c015f68c632252.jpg_200x200q80.avif,i n tho i Samsung Galaxy M34 5G 8GB/128GB - H ng Ch nh H ng
https://www.lazada.vn/products/pdp-i2423646302.html,Điện thoại Samsung Galaxy A34 5G (8GB/128GB) - Hàng chính hãng,0,6567000,Hải Phòng,https://img.lazcdn.com/g/p/517a99e17bf3911def1400ff5c981e1c.jpg_200x200q80.avif,i n tho i Samsung Galaxy A34 5G 8GB/128GB - H ng ch nh h ng
https://www.lazada.vn/products/pdp-i2421991398.html,Kính Ép / Kính Màn Hình One Plus Nord CE 2 5G,0,50000,Quảng Bình,https://img.lazcdn.com/g/ff/kf/S2a6ba43206c448299cf6ce01dd609f99W.jpg_200x200q80.avif,K nh p / K nh M n H nh One Plus Nord CE 2 5G
https://www.lazada.vn/products/pdp-i2420544621.html,Điện thoại Samsung J7 prime Bản (3Gb/32Gb) máy dùng hỗ trợ 4G,0,625000,Bình Dương,https://img.lazcdn.com/g/ff/kf/Sbde83b2ea22543a2b138c75d76cf5e0eM.jpg_200x200q80.avif,i n tho i Samsung J7 prime B n 3Gb/32Gb m y d ng h tr 4G
https://www.lazada.vn/products/pdp-i2420483486.html,"samsung a10 chính hãng máy cũ 99%, ngoại hình đẹp pin dung lượng cao full chứng năng",13,739000,Quảng Trị,https://img.lazcdn.com/g/ff/kf/S57cb889433a447d1bbb8654f8847d6feU.jpg_200x200q80.avif,Samsung a10 ch nh h ng m y c 99 ngo i h nh p pin dung l ng cao full ch ng n ng
https://www.lazada.vn/products/pdp-i2419226047.html,Điênk thoại giá rẻ kiểu dáng nhỏ gọn bền bỉ j5prime,44,549000,Bạc Liêu,https://img.lazcdn.com/g/ff/kf/S70372af53b1e4c9e934c5283c06236ddN.jpg_200x200q80.avif,i nk tho i gi r ki u d ng nh g n b n b j5prime
https://www.lazada.vn/products/pdp-i2418847532.html,Có sĩ điện thoại giá rẻ j5prime hàng zin qua tay,36,450000,Bạc Liêu,https://img.lazcdn.com/g/ff/kf/S63ce9ea116494d15879542c0eb16b34e0.jpg_200x200q80.avif,C s i n tho i gi r j5prime h ng zin qua tay
https://www.lazada.vn/products/pdp-i2418840666.html,Điện thoại giá rẻ kiểu dáng nhỏ gọn J5prime máy zin,34,589000,Bạc Liêu,https://img.lazcdn.com/g/ff/kf/Sc3a11cf9303745eb967ff5bf1c5950ffI.jpg_200x200q80.avif,i n tho i gi r ki u d ng nh g n J5prime m y zin
https://www.lazada.vn/products/pdp-i2418296292.html,iPhone 15 Pro Max 256GB Chính Hãng VN/A,23,30900000,Hồ Chí Minh,https://img.lazcdn.com/g/p/24e0b909436b57b1a2f08f7a2c53414d.png_200x200q80.avif,iPhone 15 Pro Max 256GB Ch nh H ng VN/A
https://www.lazada.vn/products/pdp-i2418227476.html,iPhone 15 128GB Chính Hãng VN/A,36,17290000,Hồ Chí Minh,https://img.lazcdn.com/g/p/69fb5a1c453fb9bfbea0de470400886e.png_200x200q80.avif,iPhone 15 128GB Ch nh H ng VN/A
https://www.lazada.vn/products/pdp-i2417826651.html,S23+ Ultra điện thoại giá siêu rẻ thoai giá rẻ Chơi Trò chơi Hai Thẻ Sim Màn Hình Full HD 6.8inch Bộ nhớ 16+1TB Android điện thoại 6800mAh,47,1330000,Hà Nội,https://img.lazcdn.com/g/p/c261180b21fcff6fc00982553e4ac4ca.jpg_200x200q80.avif,S23+ Ultra i n tho i gi si u r thoai gi r Ch i Tr ch i Hai Th Sim M n H nh Full HD 6 8inch B nh 16+1TB Android i n tho i 6800mAh
https://www.lazada.vn/products/pdp-i2417259469.html,iPhone 15 - Hàng Chính Hãng VN/A,33,15490000,Hồ Chí Minh,https://img.lazcdn.com/g/ff/kf/S70c9e3fe014b4309b4f796b5f3fba0a5D.png_200x200q80.avif,iPhone 15 - H ng Ch nh H ng VN/A
https://www.lazada.vn/products/pdp-i2417254495.html,iPhone 15 Plus - Hàng Chính Hãng VN/A,27,18890000,Hồ Chí Minh,https://img.lazcdn.com/g/ff/kf/Sa9b604c5a244493c9c1c6881efbd2d79z.png_200x200q80.avif,iPhone 15 Plus - H ng Ch nh H ng VN/A
https://www.lazada.vn/products/pdp-i2417233670.html,iPhone 15 Pro Max - Hàng Chính Hãng VN/A,24,31090000,Hồ Chí Minh,https://img.lazcdn.com/g/ff/kf/S5902e2ad8f264790ac80ce1bfce75d07e.png_200x200q80.avif,iPhone 15 Pro Max - H ng Ch nh H ng VN/A
https://www.lazada.vn/products/pdp-i2417162029.html,Apple iPhone 15 Plus 128GB Chính hãng (VN/A),16,23550000,Hồ Chí Minh,https://img.lazcdn.com/g/p/723ce541d9835330cb9cefb09e6db1f8.jpg_200x200q80.avif,Apple iPhone 15 Plus 128GB Ch nh h ng VN/A
https://www.lazada.vn/products/pdp-i2417026282.html,Apple iPhone 15 128GB Chính hãng (VN/A),17,20650000,Hồ Chí Minh,https://img.lazcdn.com/g/p/be5d082b0d10f26b9231be14c53fc1a8.jpg_200x200q80.avif,Apple iPhone 15 128GB Ch nh h ng VN/A
https://www.lazada.vn/products/pdp-i2416652435.html,Điện thoại Samsung Galaxy A24 ( 6GB/128GB ) - Hàng chính hãng,18,5290000,Hà Nội,https://img.lazcdn.com/g/ff/kf/Sd929f1d2dfa14f2187b79cb7efa0de636.jpg_200x200q80.avif,i n tho i Samsung Galaxy A24 6GB/128GB - H ng ch nh h ng
https://www.lazada.vn/products/pdp-i2416176257.html,Điện thoại Samsung Galaxy J7 Pro(3GB/32GB) Đã Sử Dụng,48,1290000,Sóc Trăng,https://img.lazcdn.com/g/p/3bffb6922901135c8ae474b7733d9956.png_200x200q80.avif,i n tho i Samsung Galaxy J7 Pro 3GB/32GB S D ng
https://www.lazada.vn/products/pdp-i2414883712.html,Điện thoại Samsung Galaxy A54 5G 256GB (2023) - Hàng Chính Hãng,0,11490000,Hồ Chí Minh,https://img.lazcdn.com/g/p/647af9d9b61bbff0107ac4f5d2618bfc.png_200x200q80.avif,i n tho i Samsung Galaxy A54 5G 256GB 2023 - H ng Ch nh H ng
https://www.lazada.vn/products/pdp-i2413839939.html,Vỏ Bảo Vệ iPhone 14 pro Max Siêu Mỏng Hình Hoạt Hình Dễ Thương Cho Apple 13 Mới Ra Mắt Vỏ Da Cừu Dễ Thương Cho iPhone 14 pro plus,50,317000,Hong Kong,https://img.lazcdn.com/g/ff/kf/S98a6319f2cde4c1383c3a1b842ebb209H.jpg_200x200q80.avif,V B o V iPhone 14 Pro Max Si u M ng H nh Ho t H nh D Th ng Cho Apple 13 M i Ra M t V Da C u D Th ng Cho iPhone 14 Pro plus
https://www.lazada.vn/products/pdp-i2413566968.html,"Điện thoại Samsung Galaxy A14 5G - CHÍNH HÃNG (4+128Gb) Newseal, Bảo hành TOÀN QUỐC - HỖ TRỢ TRẢ GÓP TỪ XA QUA THẺ TÍN DỤNG",0,4299000,Vĩnh Phúc,https://img.lazcdn.com/g/ff/kf/S1cff4c498a834cc38c327d4c258c91a4x.jpg_200x200q80.avif,i n tho i Samsung Galaxy A14 5G - CH NH H NG 4+128Gb Newseal B o h nh TO N QU C - H TR TR G P T XA QUA TH T N D NG
https://www.lazada.vn/products/pdp-i2413437408.html,"Điện Thoại Samsung A14 4G (4/128GB) - Hàng Chính Hãng, Mới 100%, Nguyên seal",0,4990000,Hồ Chí Minh,https://img.lazcdn.com/g/p/de7b6b8960a3740c9a6cc883337d1b33.png_200x200q80.avif,i n Tho i Samsung A14 4G 4/128GB - H ng Ch nh H ng M i 100 Nguy n seal
https://www.lazada.vn/products/pdp-i2413426066.html,Điện thoại Samsung ZFlip 5 256GB - Hàng Chính Hãng,0,25990000,Hồ Chí Minh,https://img.lazcdn.com/g/p/2a7bc46bfba364e1ce6be9840adfe9fa.png_200x200q80.avif,i n tho i Samsung ZFlip 5 256GB - H ng Ch nh H ng
https://www.lazada.vn/products/pdp-i2413089184.html,Điện Thoại Smartphone Điện Thoại Smartphone Samsung M52 5G Xanh[ Bảo Hành 12 Tháng ],23,6010000,Hồ Chí Minh,https://img.lazcdn.com/g/p/bc4d5e9464d1d2aa725bb3c2808b0e66.jpg_200x200q80.avif,i n Tho i Smartphone i n Tho i Smartphone Samsung M52 5G Xanh B o H nh 12 Th ng
https://www.lazada.vn/products/pdp-i2413057233.html,Điện Thoại Smartphone Xiaomi Redmi Note 4 3GB/64GB[ Bảo Hành 12 Tháng ],23,1885000,Hồ Chí Minh,https://img.lazcdn.com/g/p/00d8f6e0a1b35b45ca8c0554d4241962.jpg_200x200q80.avif,i n Tho i Smartphone Xiaomi Redmi Note 4 3GB/64GB B o H nh 12 Th ng
https://www.lazada.vn/products/pdp-i2413047239.html,Điện Thoại Smartphone Xiaomi Redmi Note 4 3GB/32GB[ Bảo Hành 12 Tháng ],23,1885000,Hồ Chí Minh,https://img.lazcdn.com/g/p/d77acb4183f468422fc88df6977c99d6.jpg_200x200q80.avif,i n Tho i Smartphone Xiaomi Redmi Note 4 3GB/32GB B o H nh 12 Th ng
https://www.lazada.vn/products/pdp-i2413019323.html,Điện Thoại Smartphone Điện Thoại Smartphone Samsung M52 5G Đen[ Bảo Hành 12 Tháng ],23,6010000,Hồ Chí Minh,https://img.lazcdn.com/g/p/66b0f52d6149e7747c1620da7f8bc7aa.jpg_200x200q80.avif,i n Tho i Smartphone i n Tho i Smartphone Samsung M52 5G en B o H nh 12 Th ng
https://www.lazada.vn/products/pdp-i2412983305.html,Điện Thoại Smartphone Xiaomi Redmi Note 4X 3GB/32GB[ Bảo Hành 12 Tháng ],23,2110000,Hồ Chí Minh,https://img.lazcdn.com/g/p/2e61f334db9d19755aa33115f724cb00.jpg_200x200q80.avif,i n Tho i Smartphone Xiaomi Redmi Note 4X 3GB/32GB B o H nh 12 Th ng
https://www.lazada.vn/products/pdp-i2412784853.html,Điện Thoại Smartphone Xiaomi Redmi Note 4X 4GB/64GB[ Bảo Hành 12 Tháng ],23,2260000,Hồ Chí Minh,https://img.lazcdn.com/g/p/3ce1d406aa2d19110c8404589486b62a.jpg_200x200q80.avif,i n Tho i Smartphone Xiaomi Redmi Note 4X 4GB/64GB B o H nh 12 Th ng
https://www.lazada.vn/products/pdp-i2412750998.html,Điện Thoại Smartphone Xiaomi Redmi Note 4 3GB/32GB[ Bảo Hành 12 Tháng ],23,1885000,Hồ Chí Minh,https://img.lazcdn.com/g/p/2e61f334db9d19755aa33115f724cb00.jpg_200x200q80.avif,i n Tho i Smartphone Xiaomi Redmi Note 4 3GB/32GB B o H nh 12 Th ng
https://www.lazada.vn/products/pdp-i2411881944.html,dienthoaigiare J2prime_g532  hõ trợ thẻ nhớ  zalo facebok tiktok ... nghe gọi vào mạng tải app ok,10,269999,Hải Phòng,https://img.lazcdn.com/g/p/3181f5d219f263037d5c2a7e55f599c6.jpg_200x200q80.avif,dienthoaigiare J2prime g532 h tr th nh zalo facebok tiktok nghe g i v o m ng t i app ok
https://www.lazada.vn/products/pdp-i2411044027.html,Điện thoại samsung j5 prime,0,950000,Bến Tre,https://img.lazcdn.com/g/ff/kf/S0f03b99889b849c9a7fe48db491bc6dan.jpg_200x200q80.avif,i n tho i Samsung j5 prime
https://www.lazada.vn/products/pdp-i2409440984.html,điện thoại samsung j6 plus màu Den Ram 3G,0,900000,Bến Tre,https://img.lazcdn.com/g/ff/kf/S403c17644fa64c7a8b1168680502d1e9i.jpg_200x200q80.avif,i n tho i Samsung j6 plus m u Den Ram 3G
https://www.lazada.vn/products/pdp-i2408181528.html,"Điện thoại Samsung S21 Plus 5G Mỹ 2 SIM - Snapdragon 888 , màn QuadHD 120Ghz mượt || Zinmobile",0,7650000,Hà Nội,https://img.lazcdn.com/g/p/8221a87a5ca56c19a8235543fac75393.jpg_200x200q80.avif,i n tho i Samsung S21 Plus 5G M 2 SIM - Snapdragon 888 m n QuadHD 120Ghz m t Zinmobile
https://www.lazada.vn/products/pdp-i2403102060.html,Điện Thọai Samsung A01 giá rẻ Chiến Game,0,650000,Hồ Chí Minh,https://img.lazcdn.com/g/p/e49122017cb5845a8f10219c717f72e8.jpg_200x200q80.avif,i n Th ai Samsung A01 gi r Chi n Game
https://www.lazada.vn/products/pdp-i2402927643.html,"Điện thoại Samsung Galaxy Xcover Pro 2sim LikeNew 99% || Siêu bền, cấu hình tốt, hiệu năng mạnh mẽ | tại Playmobile",0,3790000,Hà Nội,https://img.lazcdn.com/g/p/f7974b65c86f2a47779f2a3beff6389b.jpg_200x200q80.avif,i n tho i Samsung Galaxy Xcover Pro 2sim LikeNew 99 Si u b n c u h nh t t hi u n ng m nh m t i Playmobile
https://www.lazada.vn/products/pdp-i2400647266.html,"Điện Thoại Samsung a10 cũ hàng 99% , ram 2 rom 16gb",0,800000,Quảng Trị,https://img.lazcdn.com/g/ff/kf/S44cd17dcf3fb49969cdd67e55dc8d433I.jpg_200x200q80.avif,i n Tho i Samsung a10 c h ng 99 ram 2 rom 16gb
https://www.lazada.vn/products/pdp-i2399560740.html,"Điện thoại Oppo A58 (6GB/128GB) - Hàng chính hãng - Màn hình IPS LCD, độ phân giải cao, hiệu năng ổn định",23,3829000,Hồ Chí Minh,https://img.lazcdn.com/g/p/3abdccbbbab3d180b4a895032c24196f.jpg_200x200q80.avif,i n tho i OPPO A58 6GB/128GB - H ng ch nh h ng - M n h nh IPS LCD ph n gi i cao hi u n ng n nh
https://www.lazada.vn/products/pdp-i2397924298.html,Điện thoại OPPO A58 (8G/128G) - Hàng chính hãng,2,4890000,Tiền Giang,https://img.lazcdn.com/g/p/4f6a3e6ba5b833d2643d44510e50b262.jpg_200x200q80.avif,i n tho i OPPO A58 8G/128G - H ng ch nh h ng
https://www.lazada.vn/products/pdp-i2397099050.html,điện thoại samsung s21 plus máy đẹp nguyên zin bản mỹ 2 sim ram 8/128g,26,5190000,Hồ Chí Minh,https://img.lazcdn.com/g/p/60bd9b56f398bbe564c5d85165815c8f.jpg_200x200q80.avif,i n tho i Samsung s21 plus m y p nguy n zin b n m 2 sim ram 8/128g
https://www.lazada.vn/products/pdp-i2396711050.html,Điện thoại Samsung Galaxy Z Fold6 5G - Hàng Chính Hãng,18,36990000,Đà Nẵng,https://img.lazcdn.com/g/p/6d53e5faa5aa889444a7f1949854910c.jpg_200x200q80.avif,i n tho i Samsung Galaxy Z Fold6 5G - H ng Ch nh H ng
https://www.lazada.vn/products/pdp-i2396685766.html,"3 Note 11 4G / Note 11S / Note 11 Pro 5G / Note 11s 5G in hình phi hành gia , vũ trụ ngân hà mẫu mới nhất Tiến Minh",46,24500,Hà Nội,https://img.lazcdn.com/g/p/10d9f72445c1cb4ff35755ed32bd77e5.jpg_200x200q80.avif,3 Note 11 4G / Note 11S / Note 11 Pro 5G / Note 11s 5G in h nh phi h nh gia v tr ng n h m u m i nh t Ti n Minh
https://www.lazada.vn/products/pdp-i2396286985.html,Điện thoại Samsung Galaxy Z Flip 5 5G - Hàng Chính Hãng,35,16990000,Đà Nẵng,https://img.lazcdn.com/g/p/fc8c84959ae4bf915493eb12dda91d5c.png_200x200q80.avif,i n tho i Samsung Galaxy Z Flip 5 5G - H ng Ch nh H ng
https://www.lazada.vn/products/pdp-i2395472251.html,Điện Thoại Xiaomi Qin F22 Pro,0,3090000,Hà Nội,https://img.lazcdn.com/g/ff/kf/S3f453c1269c245fb92840511ef521ebcW.jpg_200x200q80.avif,i n Tho i Xiaomi Qin F22 Pro
https://www.lazada.vn/products/pdp-i2394350974.html,Điện thoại Sony Xperia 1 (Sony X1) bản 2 Sim màn OLED 4K 6.5 inch - Snaρ 855 ram 6G,0,1548000,Nghệ An,https://img.lazcdn.com/g/p/e2ab4d3fb02bb077610108db14db3361.jpg_200x200q80.avif,i n tho i Sony Xperia 1 Sony X1 b n 2 Sim m n OLED 4K 6 5 inch - Sna 855 ram 6G
https://www.lazada.vn/products/pdp-i2394341386.html,Điện thoại redmi c1 chính hãng,8,1190000,Quảng Ngãi,https://img.lazcdn.com/g/p/d9edb4cb8414e960452edacfd309eaa7.jpg_200x200q80.avif,i n tho i redmi c1 ch nh h ng
https://www.lazada.vn/products/pdp-i2393715248.html,Điện Thoại Smartphone Sinh Viên Điện Thoại Smartphone Sinh Viên Samsung M52 5G Xanh- Bao Hanh 12 thang,23,6015000,Hồ Chí Minh,https://img.lazcdn.com/g/p/95a65adb0a52fb8d1f3d8e218b85b45d.jpg_200x200q80.avif,i n Tho i Smartphone Sinh Vi n i n Tho i Smartphone Sinh Vi n Samsung M52 5G Xanh- Bao Hanh 12 thang
https://www.lazada.vn/products/pdp-i2393711292.html,Điện Thoại Smartphone Sinh Viên Điện Thoại Smartphone Sinh Viên Samsung M52 5G Đen- Bao Hanh 12 thang,23,6015000,Hồ Chí Minh,https://img.lazcdn.com/g/p/525bd9dea4936ffaba2ef698caa4a9d1.jpg_200x200q80.avif,i n Tho i Smartphone Sinh Vi n i n Tho i Smartphone Sinh Vi n Samsung M52 5G en- Bao Hanh 12 thang
https://www.lazada.vn/products/pdp-i2392958062.html,giá rẻ học sinh điện thoại S23 Ultra Chính Hãng Murah Màn Hình Full HD 6.8Inch Bộ Nhớ 4+64GB Hai Thẻ Sim Camera HD 48+72MP Pin 6800mAh chính hãng giá rẻ,48,1189500,Hà Nội,https://img.lazcdn.com/g/p/cceab8bdebdb47357c0632721f6dca51.jpg_200x200q80.avif,gi r h c sinh i n tho i S23 Ultra Ch nh H ng Murah M n H nh Full HD 6 8Inch B Nh 4+64GB Hai Th Sim Camera HD 48+72MP Pin 6800mAh ch nh h ng gi r
https://www.lazada.vn/products/pdp-i2387278624.html,Samsung Galaxy A70  Ram 6g/128gb máy chính hãng tặng kèm 1 ốp lưng,12,1490000,Hồ Chí Minh,https://img.lazcdn.com/g/p/1d0bd51d1ed05269e42a7918f899271b.jpg_200x200q80.avif,Samsung Galaxy A70 Ram 6g/128gb m y ch nh h ng t ng k m 1 p l ng
https://www.lazada.vn/products/pdp-i2386658070.html,"Xiaomi Qin F22 không camera - Nocam bản Quốc tế tiếng Việt, đủ Ch Play mới tinh fullbox - Bảo hành 12 tháng",35,1690000,Hải Phòng,https://img.lazcdn.com/g/p/de312834abe09c06c3f2b78ec8d285f7.jpg_200x200q80.avif,Xiaomi Qin F22 kh ng camera - Nocam b n Qu c t ti ng Vi t Ch Play m i tinh fullbox - B o h nh 12 th ng
https://www.lazada.vn/products/pdp-i2386556000.html,"Xiaomi Qin F22 nocam - Không camera - Điện thoại bàn phím không camera cấu hình khủng nhất - chiến game liên quân, facebook, zalo, mess và app ngân hàng bình thường",20,1650000,Hải Phòng,https://img.lazcdn.com/g/p/bcee58d228086b2432226f5670e299c6.jpg_200x200q80.avif,Xiaomi Qin F22 nocam - Kh ng camera - i n tho i b n ph m kh ng camera c u h nh kh ng nh t - chi n game li n qu n facebook zalo meSamsung v app ng n h ng b nh th ng
https://www.lazada.vn/products/pdp-i2386484084.html,Điện Thoại Smartphone Xiaomi Redmi Note 4X 4GB/64GB - Bảo Hành 1 Đổi 1,23,2250000,Hồ Chí Minh,https://img.lazcdn.com/g/p/54a5c02275ed4347d94ba5c9f12a74a3.jpg_200x200q80.avif,i n Tho i Smartphone Xiaomi Redmi Note 4X 4GB/64GB - B o H nh 1 i 1
https://www.lazada.vn/products/pdp-i2386461019.html,Điện Thoại Smartphone Xiaomi Redmi Note 4 3GB/64GB - Bảo Hành 1 Đổi 1,23,1875000,Hồ Chí Minh,https://img.lazcdn.com/g/p/40561201058c77b03eea9405d31f65ce.jpg_200x200q80.avif,i n Tho i Smartphone Xiaomi Redmi Note 4 3GB/64GB - B o H nh 1 i 1
https://www.lazada.vn/products/pdp-i2386452118.html,Điện Thoại Smartphone Xiaomi Redmi Note 4 3GB/32GB - Bảo Hành 1 Đổi 1,23,1875000,Hồ Chí Minh,https://img.lazcdn.com/g/p/b36a36001805866f6512a2aaeb12e162.jpg_200x200q80.avif,i n Tho i Smartphone Xiaomi Redmi Note 4 3GB/32GB - B o H nh 1 i 1
https://www.lazada.vn/products/pdp-i2386416492.html,Điện Thoại Smartphone Xiaomi Redmi Note 4X 3GB/32GB - Bảo Hành 1 Đổi 1,23,2100000,Hồ Chí Minh,https://img.lazcdn.com/g/p/2da86b78201e0c4b48663110330df3af.jpg_200x200q80.avif,i n Tho i Smartphone Xiaomi Redmi Note 4X 3GB/32GB - B o H nh 1 i 1
https://www.lazada.vn/products/pdp-i2386400673.html,Điện Thoại Smartphone Xiaomi Redmi Note 4X 4GB/64GB - Bảo Hành 1 Đổi 1,23,2250000,Hồ Chí Minh,https://img.lazcdn.com/g/p/14852ad6e87af634329a4171e1650eb6.jpg_200x200q80.avif,i n Tho i Smartphone Xiaomi Redmi Note 4X 4GB/64GB - B o H nh 1 i 1
https://www.lazada.vn/products/pdp-i2386399611.html,Điện Thoại Smartphone Xiaomi Redmi Note 4X 3GB/32GB - Bảo Hành 1 Đổi 1,23,2100000,Hồ Chí Minh,https://img.lazcdn.com/g/p/b36a36001805866f6512a2aaeb12e162.jpg_200x200q80.avif,i n Tho i Smartphone Xiaomi Redmi Note 4X 3GB/32GB - B o H nh 1 i 1
https://www.lazada.vn/products/pdp-i2386397746.html,Điện Thoại Smartphone Xiaomi Redmi Note 4X 4GB/64GB - Bảo Hành 1 Đổi 1,23,2250000,Hồ Chí Minh,https://img.lazcdn.com/g/p/ad6fb650898e3f2aab1b50b6435f5176.jpg_200x200q80.avif,i n Tho i Smartphone Xiaomi Redmi Note 4X 4GB/64GB - B o H nh 1 i 1
https://www.lazada.vn/products/pdp-i2386387998.html,Điện Thoại Smartphone Điện Thoại Smartphone Samsung M52 5G Đen - Bảo Hành 1 Đổi 1,23,6000000,Hồ Chí Minh,https://img.lazcdn.com/g/p/0cf308b2409741b08d8bedf197cbd255.jpg_200x200q80.avif,i n Tho i Smartphone i n Tho i Smartphone Samsung M52 5G en - B o H nh 1 i 1
https://www.lazada.vn/products/pdp-i2386362972.html,Điện Thoại Smartphone Điện Thoại Smartphone Samsung M52 5G Xanh - Bảo Hành 1 Đổi 1,23,6000000,Hồ Chí Minh,https://img.lazcdn.com/g/p/79958e12342b54e4c6a2a566778d524e.jpg_200x200q80.avif,i n Tho i Smartphone i n Tho i Smartphone Samsung M52 5G Xanh - B o H nh 1 i 1
https://www.lazada.vn/products/pdp-i2386360680.html,Điện Thoại Smartphone Xiaomi Redmi Note 4 3GB/32GB - Bảo Hành 1 Đổi 1,23,1875000,Hồ Chí Minh,https://img.lazcdn.com/g/p/21280af4cad8ad0bd52c33ecd32c0878.jpg_200x200q80.avif,i n Tho i Smartphone Xiaomi Redmi Note 4 3GB/32GB - B o H nh 1 i 1
https://www.lazada.vn/products/pdp-i2386357830.html,Điện Thoại Smartphone Xiaomi Redmi Note 4X 3GB/32GB - Bảo Hành 1 Đổi 1,23,2100000,Hồ Chí Minh,https://img.lazcdn.com/g/p/b6c238a2128e1f65680545f4e0c3af32.jpg_200x200q80.avif,i n Tho i Smartphone Xiaomi Redmi Note 4X 3GB/32GB - B o H nh 1 i 1
https://www.lazada.vn/products/pdp-i2386268093.html,Điện Thoại Smartphone Xiaomi Redmi 3 Trắng - Bảo Hành 1 Đổi 1,23,1125000,Hồ Chí Minh,https://img.lazcdn.com/g/p/34442a72242fb15f245d2accde1a91e6.jpg_200x200q80.avif,i n Tho i Smartphone Xiaomi Redmi 3 Tr ng - B o H nh 1 i 1
https://www.lazada.vn/products/pdp-i2386261174.html,Điện Thoại Smartphone Xiaomi Redmi Note 3 3GB/32GB Vàng - Bảo Hành 1 Đổi 1,23,1185000,Hồ Chí Minh,https://img.lazcdn.com/g/p/3f64a5f390b67dee608e183945291e67.jpg_200x200q80.avif,i n Tho i Smartphone Xiaomi Redmi Note 3 3GB/32GB V ng - B o H nh 1 i 1
https://www.lazada.vn/products/pdp-i2386255261.html,Điện Thoại Smartphone Samsung Galaxy A10s RAM 2GB ROM 32GB Nguyên Seal - Bảo Hành 1 Đổi 1,23,4050000,Hồ Chí Minh,https://img.lazcdn.com/g/p/6169b278d5e1c0b01fec42eb97e6949b.jpg_200x200q80.avif,i n Tho i Smartphone Samsung Galaxy A10s RAM 2GB ROM 32GB Nguy n Seal - B o H nh 1 i 1
https://www.lazada.vn/products/pdp-i2386225396.html,Điện Thoại Smartphone Xiaomi Redmi Note 3 Pro 3GB/32GB Bạc - Bảo Hành 1 Đổi 1,23,1185000,Hồ Chí Minh,https://img.lazcdn.com/g/p/d60eef7fa358bdfaff5512942348916a.jpg_200x200q80.avif,i n Tho i Smartphone Xiaomi Redmi Note 3 Pro 3GB/32GB B c - B o H nh 1 i 1
https://www.lazada.vn/products/pdp-i2386220378.html,Điện Thoại Smartphone Xiaomi Redmi 4A Đen - Bảo Hành 1 Đổi 1,23,1125000,Hồ Chí Minh,https://img.lazcdn.com/g/p/19d5672cc37fb04ec8def1b0229c6af9.jpg_200x200q80.avif,i n Tho i Smartphone Xiaomi Redmi 4A en - B o H nh 1 i 1
https://www.lazada.vn/products/pdp-i2386215401.html,Điện Thoại Smartphone Xiaomi Redmi Note 3 2GB/16GB Trắng - Bảo Hành 1 Đổi 1,23,1050000,Hồ Chí Minh,https://img.lazcdn.com/g/p/d60eef7fa358bdfaff5512942348916a.jpg_200x200q80.avif,i n Tho i Smartphone Xiaomi Redmi Note 3 2GB/16GB Tr ng - B o H nh 1 i 1
https://www.lazada.vn/products/pdp-i2386202510.html,Điện Thoại Smartphone Xiaomi Redmi Note 3 3GB/32GB Bạc - Bảo Hành 1 Đổi 1,23,1185000,Hồ Chí Minh,https://img.lazcdn.com/g/p/b7d5efea7e1baf8e75466e8cdba967c3.jpg_200x200q80.avif,i n Tho i Smartphone Xiaomi Redmi Note 3 3GB/32GB B c - B o H nh 1 i 1
https://www.lazada.vn/products/pdp-i2386183467.html,Điện Thoại Smartphone Xiaomi Redmi 4A Hồng - Bảo Hành 1 Đổi 1,23,1125000,Hồ Chí Minh,https://img.lazcdn.com/g/p/d9c43ff6a8cb5a1001d4236c3d233b95.jpg_200x200q80.avif,i n Tho i Smartphone Xiaomi Redmi 4A H ng - B o H nh 1 i 1
https://www.lazada.vn/products/pdp-i2386177564.html,Điện Thoại Smartphone Xiaomi Redmi 3W Đen - Bảo Hành 1 Đổi 1,23,1275000,Hồ Chí Minh,https://img.lazcdn.com/g/p/79de8c6853b64e2e60d67744aaa31df7.jpg_200x200q80.avif,i n Tho i Smartphone Xiaomi Redmi 3W en - B o H nh 1 i 1
https://www.lazada.vn/products/pdp-i2386160706.html,Điện Thoại Smartphone Xiaomi Redmi Note 3 Pro 2GB/16GB Vàng - Bảo Hành 1 Đổi 1,23,1110000,Hồ Chí Minh,https://img.lazcdn.com/g/p/3f68bf1f3b55c3a90ebc43c82a8d0ebf.jpg_200x200q80.avif,i n Tho i Smartphone Xiaomi Redmi Note 3 Pro 2GB/16GB V ng - B o H nh 1 i 1
https://www.lazada.vn/products/pdp-i2386157635.html,Điện Thoại Smartphone Điện Thoại Samsung A01 Core 2GB/16GB Đen Nguyên Seal - Bảo Hành 1 Đổi 1,23,2250000,Hồ Chí Minh,https://img.lazcdn.com/g/p/4ff40412f5c4bde7c2784324cd960e90.png_200x200q80.avif,i n Tho i Smartphone i n Tho i Samsung A01 Core 2GB/16GB en Nguy n Seal - B o H nh 1 i 1
https://www.lazada.vn/products/pdp-i2386154589.html,Điện Thoại Smartphone Xiaomi Redmi 3 Vàng - Bảo Hành 1 Đổi 1,23,1125000,Hồ Chí Minh,https://img.lazcdn.com/g/p/601cd2b92369e450712e989d8ba75189.jpg_200x200q80.avif,i n Tho i Smartphone Xiaomi Redmi 3 V ng - B o H nh 1 i 1
https://www.lazada.vn/products/pdp-i2386125759.html,Điện Thoại Smartphone Xiaomi Redmi Note 3 Pro 3GB/32GB Vàng - Bảo Hành 1 Đổi 1,23,1185000,Hồ Chí Minh,https://img.lazcdn.com/g/p/83e9281c52b0bbf76db945245367a03f.jpg_200x200q80.avif,i n Tho i Smartphone Xiaomi Redmi Note 3 Pro 3GB/32GB V ng - B o H nh 1 i 1
https://www.lazada.vn/products/pdp-i2386125740.html,Điện Thoại Smartphone Xiaomi Redmi Note 3 Pro 2GB/16GB Bạc - Bảo Hành 1 Đổi 1,23,1110000,Hồ Chí Minh,https://img.lazcdn.com/g/p/e235612f86aa0807dfbd107f66801736.jpg_200x200q80.avif,i n Tho i Smartphone Xiaomi Redmi Note 3 Pro 2GB/16GB B c - B o H nh 1 i 1
https://www.lazada.vn/products/pdp-i2386098732.html,Điện Thoại Smartphone Xiaomi Redmi 4X 3GB/32GB Vàng - Bảo Hành 1 Đổi 1,23,1185000,Hồ Chí Minh,https://img.lazcdn.com/g/p/073df1ee05d7f008dfa8de9be96be590.jpg_200x200q80.avif,i n Tho i Smartphone Xiaomi Redmi 4X 3GB/32GB V ng - B o H nh 1 i 1
https://www.lazada.vn/products/pdp-i2386073901.html,Điện Thoại Smartphone Xiaomi Redmi 4X 3GB/32GB Đen - Bảo Hành 1 Đổi 1,23,1185000,Hồ Chí Minh,https://img.lazcdn.com/g/p/2752a7644163b7c90245d164073ad839.jpg_200x200q80.avif,i n Tho i Smartphone Xiaomi Redmi 4X 3GB/32GB en - B o H nh 1 i 1
https://www.lazada.vn/products/pdp-i2386073896.html,Điện Thoại Smartphone Xiaomi Redmi 4A Vàng - Bảo Hành 1 Đổi 1,23,1125000,Hồ Chí Minh,https://img.lazcdn.com/g/p/a424b02e28e94fbe528ecace7a2e1707.jpg_200x200q80.avif,i n Tho i Smartphone Xiaomi Redmi 4A V ng - B o H nh 1 i 1
https://www.lazada.vn/products/pdp-i2386067989.html,Điện Thoại Smartphone Điện Thoại Samsung A01 Core 2GB/16GB Xanh Nguyên Seal - Bảo Hành 1 Đổi 1,23,2250000,Hồ Chí Minh,https://img.lazcdn.com/g/p/a8b99e2a9a844be54fd05c9d4031581d.png_200x200q80.avif,i n Tho i Smartphone i n Tho i Samsung A01 Core 2GB/16GB Xanh Nguy n Seal - B o H nh 1 i 1
https://www.lazada.vn/products/pdp-i2385871080.html,Điện thoại Samsung Galaxy Z Fold 5 - Hàng chính hãng mới nguyên Seal,24,30990000,Hà Nội,https://img.lazcdn.com/g/ff/kf/Sa25df1909c71436dbc8037175d7b270at.jpg_200x200q80.avif,i n tho i Samsung Galaxy Z Fold 5 - H ng ch nh h ng m i nguy n Seal
https://www.lazada.vn/products/pdp-i2385823081.html,"Xiaomi Qin F22 Pro New Fullbox Quốc Tế - Sẵn cửa hàng CH Play, Full Tiếng Việt bàn phím cứng T9 tiếng việt như Nokia",21,3150000,Hải Phòng,https://img.lazcdn.com/g/p/636eba05f0138c37d9f0aa66e66c366e.jpg_200x200q80.avif,Xiaomi Qin F22 Pro New Fullbox Qu c T - S n c a h ng CH Play Full Ti ng Vi t b n ph m c ng T9 ti ng vi t nh Nokia
https://www.lazada.vn/products/pdp-i2385816613.html,Samsung Galaxy Z Flip5 512GB,35,16990000,Hồ Chí Minh,https://img.lazcdn.com/g/p/1b01711a547557c1ad4cd1a02ff7835f.jpg_200x200q80.avif,Samsung Galaxy Z Flip5 512GB
https://www.lazada.vn/products/pdp-i2385253312.html,Điện thọai Samsung a20  giá rẻ thanh lý BH6T,0,850000,Hồ Chí Minh,https://img.lazcdn.com/g/p/5f11e26287cbc0d67268807f43b1e4cc.jpg_200x200q80.avif,i n th ai Samsung a20 gi r thanh l BH6T
https://www.lazada.vn/products/pdp-i2380571001.html,Điện Thoại Di Động giá rẻ S23 Ultra Chính Hãng Murah Màn Hình Full HD 7.3Inch Bộ Nhớ 3+32GB Hai Thẻ Sim Camera HD 32+64MP Pin 6800mAh chính hãng giá rẻ,48,1174700,Hà Nội,https://img.lazcdn.com/g/p/58d5d9004c63fcbab4ad61b095afdc3e.jpg_200x200q80.avif,i n Tho i Di ng gi r S23 Ultra Ch nh H ng Murah M n H nh Full HD 7 3Inch B Nh 3+32GB Hai Th Sim Camera HD 32+64MP Pin 6800mAh ch nh h ng gi r
https://www.lazada.vn/products/pdp-i2380187050.html,Samsung j7 pro chính hãng,14,850000,Quảng Ngãi,https://img.lazcdn.com/g/p/0b5495d07ecb676b8443876b732ff9b3.jpg_200x200q80.avif,Samsung j7 Pro ch nh h ng
https://www.lazada.vn/products/pdp-i2380168076.html,Samsung j7 prime chính hãng,0,990000,Quảng Ngãi,https://img.lazcdn.com/g/p/da40b7e50f47094b260c955622b856d6.jpg_200x200q80.avif,Samsung j7 prime ch nh h ng
https://www.lazada.vn/products/pdp-i2380080630.html,Samsung j6 plus chính hãng,26,850000,Quảng Ngãi,https://img.lazcdn.com/g/p/775cb33bae7156a62bac1da10c06f4cf.jpg_200x200q80.avif,Samsung j6 plus ch nh h ng
https://www.lazada.vn/products/pdp-i2380076682.html,Samsung a20s chính hãng cấu hình mạnh,48,890000,Quảng Ngãi,https://img.lazcdn.com/g/p/e1fc4802738ed2524577ad58dc00ecec.jpg_200x200q80.avif,Samsung a20s ch nh h ng c u h nh m nh
https://www.lazada.vn/products/pdp-i2380047803.html,Samsung j2 prime chính hãng làm máy phụ,0,799000,Quảng Ngãi,https://img.lazcdn.com/g/p/9aac9732480f96cb36be771ee4970451.jpg_200x200q80.avif,Samsung j2 prime ch nh h ng l m m y ph
https://www.lazada.vn/products/pdp-i2378667074.html,Samsung Galaxy A04 Ram 4GB bộ nhớ 64GB máy zin đẹp 99 chính hãng full chức năng kèm ốp lưng,6,1490000,Hồ Chí Minh,https://img.lazcdn.com/g/ff/kf/S7b8a06d967f64daf8648cbbe662e2b1aD.jpg_200x200q80.avif,Samsung Galaxy A04 Ram 4GB b nh 64GB m y zin p 99 ch nh h ng full ch c n ng k m p l ng
https://www.lazada.vn/products/pdp-i2377263008.html,điện thoại samsung j 7 prime,0,1250000,Bến Tre,https://img.lazcdn.com/g/ff/kf/Sd2b44de24920498984a7975ff0ae8b46f.jpg_200x200q80.avif,i n tho i Samsung j 7 prime
https://www.lazada.vn/products/pdp-i2377199483.html,"Điện thoại Samsung Galaxy A14 5G - CHÍNH HÃNG (4+128Gb) Newseal, BH toàn quốc",18,3750000,Vĩnh Phúc,https://img.lazcdn.com/g/ff/kf/S02a81ee0df1e4260b8b7c936802ebf34i.jpg_200x200q80.avif,i n tho i Samsung Galaxy A14 5G - CH NH H NG 4+128Gb Newseal BH to n qu c
https://www.lazada.vn/products/pdp-i2377141608.html,"Điện thoại Xiaomi Note 11 pro 5G, Chip Dimensity 920, Pin 5160mAh, sạc 67W",7,4800000,Vĩnh Phúc,https://img.lazcdn.com/g/ff/kf/S49104b81c9b44585bed937bee6a74b59Y.jpg_200x200q80.avif,i n tho i Xiaomi Note 11 Pro 5G Chip Dimensity 920 Pin 5160mAh s c 67W
https://www.lazada.vn/products/pdp-i2376808606.html,"Điện thoại Xiaomi MI12S Mi 12S ram 8G/128G Snapdragon 8+ Gen 1, camera Leica-Nhập khẩu like new",0,5550000,Hà Nội,https://img.lazcdn.com/g/p/96b59dd8f9e4747ecea6b48b95f7d466.jpg_200x200q80.avif,i n tho i XiaoXiaomi 12S Mi 12S ram 8G/128G Snapdragon 8+ Gen 1 camera Leica-Nh p kh u like new
https://www.lazada.vn/products/pdp-i2375218349.html,Điện thoại samsung J730 chính hãng giá rẽ,25,1190000,Quảng Ngãi,https://img.lazcdn.com/g/p/0b5495d07ecb676b8443876b732ff9b3.jpg_200x200q80.avif,i n tho i Samsung J730 ch nh h ng gi r
https://www.lazada.vn/products/pdp-i2372834033.html,Điện Thoại Di Động chính hãngS22 Ultra Điện Thoại Di Động Màn Hình Full HD 6.8Inch Bộ Nhớ 3+32GB Hai Thẻ Sim Camera HD Pin 6000mAh chính hãng giá rẻ,48,1183900,Hà Nội,https://img.lazcdn.com/g/p/e53fb02d446679694e998454f2417987.jpg_200x200q80.avif,i n Tho i Di ng ch nh h ngS22 Ultra i n Tho i Di ng M n H nh Full HD 6 8Inch B Nh 3+32GB Hai Th Sim Camera HD Pin 6000mAh ch nh h ng gi r
https://www.lazada.vn/products/pdp-i2369292099.html,Điện thoại Sam sung j6(ảnh thật sản phẩm),47,569000,Hà Nội,https://img.lazcdn.com/g/ff/kf/Scd6b8bab84bf4a7b95efa22311bb1c1fQ.jpg_200x200q80.avif,i n tho i Sam sung j6 nh th t s n ph m
https://www.lazada.vn/products/pdp-i2369281126.html,Điện thoại samsung a20 (ảnh thật sp),47,799000,Hà Nội,https://img.lazcdn.com/g/p/e1c80d828f8ed1c9250c574fc80303e1.jpg_200x200q80.avif,i n tho i Samsung a20 nh th t sp
https://www.lazada.vn/products/pdp-i2368078023.html,trực tuyến độc quyền điện thoại di động giao hàng siêu nhanh S23 Ultra giảm giá 50 điện thoại Màn hình lớn 6.6 Inch Bán 8+256 GB Android phổ biến,50,1275500,Hà Nội,https://img.lazcdn.com/g/p/7c24a92cd61322f4bbb7e8b5c3cb1e8e.png_200x200q80.avif,tr c tuy n c quy n i n tho i di ng giao h ng si u nhanh S23 Ultra gi m gi 50 i n tho i M n h nh l n 6 6 Inch B n 8+256 GB Android ph bi n
https://www.lazada.vn/products/pdp-i2366428346.html,Điện thoại S23 Ultra dưới 4+ 64GB Mới 100% điện thoại thông màn hình lớn 7.3inch Android Hỗ trợ Bluetooth Sim kép pin 6800mAh mới giá rẻ,50,1173600,Hà Nội,https://img.lazcdn.com/g/p/a83bc1ef772e0c1c45e34a05c47cab25.jpg_200x200q80.avif,i n tho i S23 Ultra d i 4+ 64GB M i 100 i n tho i th ng m n h nh l n 7 3inch Android H tr Bluetooth Sim k p pin 6800mAh m i gi r
https://www.lazada.vn/products/pdp-i2365088245.html,điện thoại di động đt giá học sinh S23 Ultra di động Full 6.8inch thông minh 16+1T máy CHÍNH HÃNG Vô cực mượt Chơi Game nặng mướt Chơi Game,50,1293890,Hà Nội,https://img.lazcdn.com/g/p/c6cb592053da7b3fb4e1a76bfac599c2.jpg_200x200q80.avif,i n tho i di ng t gi h c sinh S23 Ultra di ng Full 6 8inch th ng minh 16+1T m y CH NH H NG V c c m t Ch i Game n ng m t Ch i Game
https://www.lazada.vn/products/pdp-i2364967849.html,Điện thoại samsung j7 prime Ram 3G,0,1100000,Bến Tre,https://img.lazcdn.com/g/ff/kf/S8c75af269e954b59841accc6d647e43dt.jpg_200x200q80.avif,i n tho i Samsung j7 prime Ram 3G
https://www.lazada.vn/products/pdp-i2364938918.html,Điện thoại samsung j7 prime Ram 3G,0,790000,Bến Tre,https://img.lazcdn.com/g/ff/kf/S326b31b75b8049bf9bb17b2bfe80d62fD.jpg_200x200q80.avif,i n tho i Samsung j7 prime Ram 3G
https://www.lazada.vn/products/pdp-i2364667029.html,Điện thoại Samsung A34 8Gb/256Gb Chính hãng Samsung Việt Nam Mới 100% Nguyên Seal,35,6190000,Hà Nội,https://img.lazcdn.com/g/p/4edae1be49c27fd5f62193a461852026.jpg_200x200q80.avif,i n tho i Samsung A34 8Gb/256Gb Ch nh h ng Samsung Vi t Nam M i 100 Nguy n Seal
https://www.lazada.vn/products/pdp-i2364104272.html,Điện thoại di động tầm cao S23Ultra2023 chính hãng NEW7.3 inch HD 16+1TB bộ nhớ lớn 48+108MP HD chụp ảnh điện thoại di động học tập hỗ trợ wifi 5G pin lớn pin lớn 7800mAh điện thoại thông minh ...,50,1556783,Hà Nội,https://img.lazcdn.com/g/p/1a3e24ade608ef37a669d2ec05dd83e1.jpg_200x200q80.avif,i n tho i di ng t m cao S23Ultra2023 ch nh h ng NEW7 3 inch HD 16+1TB b nh l n 48+108MP HD ch p nh i n tho i di ng h c t p h tr wifi 5G pin l n pin l n 7800mAh i n tho i th ng minh
https://www.lazada.vn/products/pdp-i2363778420.html,"Điện Thọai Samsung A30 BH6T Giá Rẻ, Pin Trâu, Màn Hình Amoled Đỉnh Cao",0,1100000,Hồ Chí Minh,https://img.lazcdn.com/g/p/114e97cafff6e2d229b985e29cf2a4b3.jpg_200x200q80.avif,i n Th ai Samsung A30 BH6T Gi R Pin Tr u M n H nh Amoled nh Cao
https://www.lazada.vn/products/pdp-i2363627954.html,"Điện thoại Xiaomi Redmi Note 12 Turbo, Chip Snap 7+ Gen 2, Pin 5.000mAh, Sạc nhanh 67W.",18,6250000,Vĩnh Phúc,https://img.lazcdn.com/g/ff/kf/S863fb33cd1ec425095698b06c600df436.jpg_200x200q80.avif,i n tho i Xiaomi Redmi Note 12 Turbo Chip Snap 7+ Gen 2 Pin 5 000mAh S c nhanh 67W
https://www.lazada.vn/products/pdp-i2362552742.html,Điện thoại Samsung S21 Ultra 2 sim chip Snapdragon,0,9300000,Nam Định,https://img.lazcdn.com/g/ff/kf/S96050d4e70144b179eb90b526ef64525b.jpg_200x200q80.avif,i n tho i Samsung S21 Ultra 2 sim chip Snapdragon
https://www.lazada.vn/products/pdp-i2362369596.html,Samsung J2 prime còn dùng mượt,0,230000,Bình Dương,https://img.lazcdn.com/g/p/d49add89bfb0868be12f89a520973e11.jpg_200x200q80.avif,Samsung J2 prime c n d ng m t
https://www.lazada.vn/products/pdp-i2361241354.html,Điện Thoại Smartphone Sinh Viên Điện Thoại Smartphone Sinh Viên Samsung M52 5G Đen - Giá Luôn Tốt,23,6015000,Hồ Chí Minh,https://img.lazcdn.com/g/p/3e9b5eb0a348c62a1774fcec08ecdf13.jpg_200x200q80.avif,i n Tho i Smartphone Sinh Vi n i n Tho i Smartphone Sinh Vi n Samsung M52 5G en - Gi Lu n T t
https://www.lazada.vn/products/pdp-i2361182890.html,Điện Thoại Smartphone Sinh Viên Điện Thoại Smartphone Sinh Viên Samsung M52 5G Xanh - Giá Luôn Tốt,23,6015000,Hồ Chí Minh,https://img.lazcdn.com/g/p/94af0746b2e5d3c5e0f4e7ebf14bcb94.jpg_200x200q80.avif,i n Tho i Smartphone Sinh Vi n i n Tho i Smartphone Sinh Vi n Samsung M52 5G Xanh - Gi Lu n T t
https://www.lazada.vn/products/pdp-i2358052903.html,"Điện Thoại Samsung Galaxy S21 FE 5G 6/128GB Mỹ chính hãng chip Snapdragon 888 Mạnh Mẽ , Kèm sạc nhanh chính hãng Samsung | Playmobile",0,5990000,Hà Nội,https://img.lazcdn.com/g/p/caee33d758b4fac3a421c55665fe6846.jpg_200x200q80.avif,i n Tho i Samsung Galaxy S21 FE 5G 6/128GB M ch nh h ng chip Snapdragon 888 M nh M K m s c nhanh ch nh h ng Samsung Playmobile
https://www.lazada.vn/products/pdp-i2351112090.html,"[MEGA - SALE ĐẬM TỪ 20H 5.6] Điện thoại Samsung Galaxy Z Flip5 5G, Điện thoại AI, Bản lề Flex gập không kẽ hở, Flex cam đa góc độ",0,29990000,Bắc Ninh,https://img.lazcdn.com/g/p/6924830719af294a8715f0d45b7ea5ff.jpg_200x200q80.avif,MEGA - SALE M T 20H 5 6 i n tho i Samsung Galaxy Z Flip5 5G i n tho i AI B n l Flex g p kh ng k h Flex cam a g c
https://www.lazada.vn/products/pdp-i2350291580.html,điện thoại samsung j7 plus,0,1700000,Bến Tre,https://img.lazcdn.com/g/ff/kf/S2fd77c27e71f4cca996d6563170635ed0.jpg_200x200q80.avif,i n tho i Samsung j7 plus
https://www.lazada.vn/products/pdp-i2332717058.html,điện thoại samsung A20 Ram 3G,0,1600000,Bến Tre,https://img.lazcdn.com/g/ff/kf/S5c4cb6abc36b4a22b4a3dcef4612bbd8Z.jpg_200x200q80.avif,i n tho i Samsung A20 Ram 3G
https://www.lazada.vn/products/pdp-i2332692513.html,Điện thoại Samsung Galaxy A34 5g (8GB/128GB) Hàng Chính Hãng,14,7350000,Đà Nẵng,https://img.lazcdn.com/g/p/8ad91ff16de1f98e0efbc68a992d2800.png_200x200q80.avif,i n tho i Samsung Galaxy A34 5g 8GB/128GB H ng Ch nh H ng
https://www.lazada.vn/products/pdp-i2327547098.html,Điện thoại Xiaomi Redmi Note 12 Turbo | Snapdragon 7+ gen 2 fullbox likenew hỗ trợ sạc nhanh 67W thiết kế cao cấp,0,5550000,Hà Nội,https://img.lazcdn.com/g/p/346361dda8d25e361dfc0b308379a7a8.jpg_200x200q80.avif,i n tho i Xiaomi Redmi Note 12 Turbo Snapdragon 7+ gen 2 fullbox likenew h tr s c nhanh 67W thi t k cao c p
https://www.lazada.vn/products/pdp-i2323662020.html,điênk thoại giá rẻ S23 Ultra  dien thoai giá rẻ Sạc nhanh Điện thoại di động Camera 50MP Điện thoại phổ thông Pin Lớn 6000mAh điện thoại giá rẽ,43,1355463,Hà Nội,https://img.lazcdn.com/g/p/12fee1ee2c8a7bb547c43045afa92fff.jpg_200x200q80.avif,i nk tho i gi r S23 Ultra dien thoai gi r S c nhanh i n tho i di ng Camera 50MP i n tho i ph th ng Pin L n 6000mAh i n tho i gi r
https://www.lazada.vn/products/pdp-i2323646078.html,Điện thoại Samsung Galaxy A34 5g (8GB/128GB) Hàng Chính Hãng,12,8600000,Đà Nẵng,https://img.lazcdn.com/g/p/d17f9aaf3107a7adc397bc8b3cae180b.png_200x200q80.avif,i n tho i Samsung Galaxy A34 5g 8GB/128GB H ng Ch nh H ng
https://www.lazada.vn/products/pdp-i2323564081.html,S23 ultra điện thoại giá rẻ Bộ nhớ 12+512GB đt giá rẻ cho học sinh Sạc nhanh Điện thoại di động Android điện thoại giá siêu rẻ,43,1275199,Hà Nội,https://img.lazcdn.com/g/p/9c7449792b5778b449a9c29e92339193.jpg_200x200q80.avif,S23 ultra i n tho i gi r B nh 12+512GB t gi r cho h c sinh S c nhanh i n tho i di ng Android i n tho i gi si u r
https://www.lazada.vn/products/pdp-i2323433830.html,Điện thoại Samsung Galaxy A54 5G - Hàng Chính Hãng,12,9150000,Đà Nẵng,https://img.lazcdn.com/g/p/2c9087d93d0d95eec86efd97c9410d41.png_200x200q80.avif,i n tho i Samsung Galaxy A54 5G - H ng Ch nh H ng
https://www.lazada.vn/products/pdp-i2323409641.html,điện thoại j3 pro,47,800000,Hà Nội,https://img.lazcdn.com/g/ff/kf/S30f5569a9c764aa5b06d0464e927faa4r.jpg_200x200q80.avif,i n tho i j3 Pro
https://www.lazada.vn/products/pdp-i2321646062.html,dt giá rẻ S23 ultra Điện thoại di động Sạc nhanh điện thoại rẻ cho học sinh Mạng 4G đt giá rẻ cho học sinh CPU Siêu Điện thoại phổ thông,43,1278758,Hà Nội,https://img.lazcdn.com/g/p/3c74fdf5267553f6f129e0b32daac7d3.jpg_200x200q80.avif,dt gi r S23 ultra i n tho i di ng S c nhanh i n tho i r cho h c sinh M ng 4G t gi r cho h c sinh CPU Si u i n tho i ph th ng
https://www.lazada.vn/products/pdp-i2321503287.html,điênk thoại giá rẻ S23 Ultra  Điện thoại phổ thông Pin Lớn 5600mAh điện thoại giá rẽ Bản quốc tế dt giá rẻ chính hãng CPU Siêu Điện thoại di động,43,1278708,Hà Nội,https://img.lazcdn.com/g/p/ab8e98b3f173b3d5d98b8802b966b986.jpg_200x200q80.avif,i nk tho i gi r S23 Ultra i n tho i ph th ng Pin L n 5600mAh i n tho i gi r B n qu c t dt gi r ch nh h ng CPU Si u i n tho i di ng
https://www.lazada.vn/products/pdp-i2318309764.html,đt giá rẻ cho học sinh S23 ultra điện thoại giá siêu rẻ Sạc nhanh điện thoại rẻ 6.7inch Điện thoại phổ thông Camera 48MP điện thoại giá rẻ,43,1193738,Hà Nội,https://img.lazcdn.com/g/p/c55189dc6bab916eadea338f908689e8.jpg_200x200q80.avif,t gi r cho h c sinh S23 ultra i n tho i gi si u r S c nhanh i n tho i r 6 7inch i n tho i ph th ng Camera 48MP i n tho i gi r
https://www.lazada.vn/products/pdp-i2316362074.html,điện thoại rẻ cho học sinh Thẻ 2 sim đt giá rẻ cho học sinh bản Quốc tế Điện thoại di động Mạng 5G dt giá rẻ Camera 50+32MP điện thoại rẻ,43,1192396,Hà Nội,https://img.lazcdn.com/g/p/d784cb522edf2caafa5261337a2362ec.jpg_200x200q80.avif,i n tho i r cho h c sinh Th 2 sim t gi r cho h c sinh b n Qu c t i n tho i di ng M ng 5G dt gi r Camera 50+32MP i n tho i r
https://www.lazada.vn/products/pdp-i2315486144.html,điện thoại giá siêu rẻ S23 ultra điện thoại rẻ 6.7inch Điện thoại phổ thông Camera 48MP điện thoại giá rẻ CPU Siêu Điện thoại di động,43,1187821,Hà Nội,https://img.lazcdn.com/g/p/69f667dccc7902481c3b02f4f04b7631.jpg_200x200q80.avif,i n tho i gi si u r S23 ultra i n tho i r 6 7inch i n tho i ph th ng Camera 48MP i n tho i gi r CPU Si u i n tho i di ng
https://www.lazada.vn/products/pdp-i2314992465.html,Bộ nhớ 16+512GB Điện thoại phổ thông Sạc nhanh điên thoại 6.7inch điện thoại Android S23 Ultra Bộ nhớ 16+512GB Điện thoại di động,43,1104606,Hà Nội,https://img.lazcdn.com/g/p/8c5e08131a4bc104861d2aa894d0950b.jpg_200x200q80.avif,B nh 16+512GB i n tho i ph th ng S c nhanh i n tho i 6 7inch i n tho i Android S23 Ultra B nh 16+512GB i n tho i di ng
https://www.lazada.vn/products/pdp-i2311086076.html,Điện Thoại Smartphone Điện Thoại Smartphone Samsung M52 5G Đen  - Bảo Hành 12 Tháng,23,6008000,Hồ Chí Minh,https://img.lazcdn.com/g/p/66b0f52d6149e7747c1620da7f8bc7aa.jpg_200x200q80.avif,i n Tho i Smartphone i n Tho i Smartphone Samsung M52 5G en - B o H nh 12 Th ng
https://www.lazada.vn/products/pdp-i2311060103.html,Điện Thoại Smartphone Xiaomi Redmi Note 4X 4GB/64GB  - Bảo Hành 12 Tháng,23,2258000,Hồ Chí Minh,https://img.lazcdn.com/g/p/3ce1d406aa2d19110c8404589486b62a.jpg_200x200q80.avif,i n Tho i Smartphone Xiaomi Redmi Note 4X 4GB/64GB - B o H nh 12 Th ng
https://www.lazada.vn/products/pdp-i2311045223.html,Điện Thoại Smartphone Xiaomi Redmi Note 4X 4GB/64GB  - Bảo Hành 12 Tháng,23,2258000,Hồ Chí Minh,https://img.lazcdn.com/g/p/9e9240e3c2aa154a1b055ceeb8a3d196.jpg_200x200q80.avif,i n Tho i Smartphone Xiaomi Redmi Note 4X 4GB/64GB - B o H nh 12 Th ng
https://www.lazada.vn/products/pdp-i2311040085.html,Điện Thoại Smartphone Xiaomi Redmi Note 4 3GB/64GB  - Bảo Hành 12 Tháng,23,1883000,Hồ Chí Minh,https://img.lazcdn.com/g/p/bfde291d1da262c0dc26a36cd7902f3b.jpg_200x200q80.avif,i n Tho i Smartphone Xiaomi Redmi Note 4 3GB/64GB - B o H nh 12 Th ng
https://www.lazada.vn/products/pdp-i2311030182.html,Điện Thoại Smartphone Xiaomi Redmi Note 4 3GB/64GB  - Bảo Hành 12 Tháng,23,1883000,Hồ Chí Minh,https://img.lazcdn.com/g/p/00d8f6e0a1b35b45ca8c0554d4241962.jpg_200x200q80.avif,i n Tho i Smartphone Xiaomi Redmi Note 4 3GB/64GB - B o H nh 12 Th ng
https://www.lazada.vn/products/pdp-i2310993638.html,Điện Thoại Smartphone Xiaomi Redmi Note 4X 4GB/64GB  - Bảo Hành 12 Tháng,23,2258000,Hồ Chí Minh,https://img.lazcdn.com/g/p/0ef97e9035b2eac1828118ea8aafc111.jpg_200x200q80.avif,i n Tho i Smartphone Xiaomi Redmi Note 4X 4GB/64GB - B o H nh 12 Th ng
https://www.lazada.vn/products/pdp-i2310993549.html,Điện Thoại Smartphone Xiaomi Redmi Note 4X 3GB/32GB  - Bảo Hành 12 Tháng,23,2108000,Hồ Chí Minh,https://img.lazcdn.com/g/p/1ebcb1f681b6237d568bc1f0d58d557a.jpg_200x200q80.avif,i n Tho i Smartphone Xiaomi Redmi Note 4X 3GB/32GB - B o H nh 12 Th ng
https://www.lazada.vn/products/pdp-i2310993511.html,Điện Thoại Smartphone Xiaomi Redmi Note 4X 3GB/32GB  - Bảo Hành 12 Tháng,23,2108000,Hồ Chí Minh,https://img.lazcdn.com/g/p/3ce1d406aa2d19110c8404589486b62a.jpg_200x200q80.avif,i n Tho i Smartphone Xiaomi Redmi Note 4X 3GB/32GB - B o H nh 12 Th ng
https://www.lazada.vn/products/pdp-i2310972781.html,Điện Thoại Smartphone Điện Thoại Smartphone Samsung M52 5G Xanh  - Bảo Hành 12 Tháng,23,6008000,Hồ Chí Minh,https://img.lazcdn.com/g/p/bc4d5e9464d1d2aa725bb3c2808b0e66.jpg_200x200q80.avif,i n Tho i Smartphone i n Tho i Smartphone Samsung M52 5G Xanh - B o H nh 12 Th ng
https://www.lazada.vn/products/pdp-i2310949829.html,Điện Thoại Smartphone Xiaomi Redmi Note 4X 4GB/64GB  - Bảo Hành 12 Tháng,23,2258000,Hồ Chí Minh,https://img.lazcdn.com/g/p/1ebcb1f681b6237d568bc1f0d58d557a.jpg_200x200q80.avif,i n Tho i Smartphone Xiaomi Redmi Note 4X 4GB/64GB - B o H nh 12 Th ng
https://www.lazada.vn/products/pdp-i2310048743.html,[TẶNG ỐP LƯNG - FREESHIP] [FREESHIP] Điện thoại Vivo Y19 2 sim giá rẻ cấu hình mạnh mẽ 6GB/128GB chơi game mượt màn hình siêu rộng 6.53 in sắc nét pin trâu,35,1300000,Hồ Chí Minh,https://img.lazcdn.com/g/p/54e4995d0db3c09893d478fafa4481e9.jpg_200x200q80.avif,T NG P L NG - FREESHIP FREESHIP i n tho i Vivo Y19 2 sim gi r c u h nh m nh m 6GB/128GB ch i game m t m n h nh si u r ng 6 53 in s c n t pin tr u
https://www.lazada.vn/products/pdp-i2308867156.html,Thẻ 2 sim S23 Ultra Bộ nhớ 16+512GB Điện thoại di động Mạng 4G điện thoại rẻ cho học sinh Thẻ 2 sim đt giá rẻ cho học sinh bản Quốc tế dt giá rẻ,50,1162975,Hà Nội,https://img.lazcdn.com/g/p/08957f00cd203e609cca48a388aaf071.jpg_200x200q80.avif,Th 2 sim S23 Ultra B nh 16+512GB i n tho i di ng M ng 4G i n tho i r cho h c sinh Th 2 sim t gi r cho h c sinh b n Qu c t dt gi r
https://www.lazada.vn/products/pdp-i2308755889.html,Điện thoại di động S23 Ultra đt giá rẻ cho học sinh Android điện thoại giá rẻ Camera 48MP điện thoại Bản quốc tế điện thoại rẻ cho học sinh,43,1111691,Hà Nội,https://img.lazcdn.com/g/p/3deef4ef679def2f2361f715310e0525.jpg_200x200q80.avif,i n tho i di ng S23 Ultra t gi r cho h c sinh Android i n tho i gi r Camera 48MP i n tho i B n qu c t i n tho i r cho h c sinh
https://www.lazada.vn/products/pdp-i2307966197.html,Mạng 4G dt giá rẻ Camera 50+32MP điện thoại rẻ Chính Hãng điện thoại giá rẻ Mới 100% đien thoại giá rẻ nhất Pin Lớn 6000mAh điện thoại giá siêu rẻ,43,1111865,Hà Nội,https://img.lazcdn.com/g/p/77542ad18f7b807bc86b73e08cc056fa.jpg_200x200q80.avif,M ng 4G dt gi r Camera 50+32MP i n tho i r Ch nh H ng i n tho i gi r M i 100 ien tho i gi r nh t Pin L n 6000mAh i n tho i gi si u r
https://www.lazada.vn/products/pdp-i2307517860.html,điện thoại di động S23 Ultra dt giá rẻ chính hãng 6.7inch điện thoại gia rẻ học sinh Bộ nhớ 16+512GB điên thoại pin trâu 6000mAh bán với giá thấp,46,1029187,Hà Nội,https://img.lazcdn.com/g/p/d2d836b97c5d0b7a16cbd8b9c339e7db.jpg_200x200q80.avif,i n tho i di ng S23 Ultra dt gi r ch nh h ng 6 7inch i n tho i gia r h c sinh B nh 16+512GB i n tho i pin tr u 6000mAh b n v i gi th p
https://www.lazada.vn/products/pdp-i2307499209.html,S23 Ultra điên thoại gia rẻ Bộ nhớ 12+512GB đt giá rẻ cho học sinh pin trâu 5600mAh Điện thoại thanh lý giá rẻ Mới 100% Android dt giá rẻ chính hãng,46,1025864,Hà Nội,https://img.lazcdn.com/g/p/ea2266fe24710c6f50d8d5f238bb195c.jpg_200x200q80.avif,S23 Ultra i n tho i gia r B nh 12+512GB t gi r cho h c sinh pin tr u 5600mAh i n tho i thanh l gi r M i 100 Android dt gi r ch nh h ng
https://www.lazada.vn/products/pdp-i2306671278.html,giá siêu rẻ S23 Ultra Điện Thoại Di Động Chính 7.3Inch Bộ Nhớ 16+512GB Hai Thẻ Sim Camera HD 32+64MP Pin 6800mAh điện thoại chính hãng giá rẻ,50,1296000,Hà Nội,https://img.lazcdn.com/g/p/9e91d6faee92ca8b46eb632baf5161fa.jpg_200x200q80.avif,gi si u r S23 Ultra i n Tho i Di ng Ch nh 7 3Inch B Nh 16+512GB Hai Th Sim Camera HD 32+64MP Pin 6800mAh i n tho i ch nh h ng gi r
https://www.lazada.vn/products/pdp-i2299987694.html,điện thoại samsung j600 màn hình ko đẹp,0,700000,Bến Tre,https://img.lazcdn.com/g/ff/kf/S9260a8b4341843f3808f4bad6d4674baY.jpg_200x200q80.avif,i n tho i Samsung j600 m n h nh ko p
https://www.lazada.vn/products/pdp-i2299963325.html,Điện thoại samsung A6 plus màu xanh cực kỳ đẹp,0,1600000,Bến Tre,https://img.lazcdn.com/g/ff/kf/S6125e7a3c5d248c3999bf5ca75b8a2dcI.jpg_200x200q80.avif,i n tho i Samsung A6 plus m u xanh c c k p
https://www.lazada.vn/products/pdp-i2299646433.html,Điện thoại phổ thông S23 Ultra điện thoại rẻ Mạng 4G điện thoại giá siêu rẻ CPU Siêu dt giá rẻ Pin Lớn 5600mAh điện thoại giá rẻ,43,1105093,Hà Nội,https://img.lazcdn.com/g/p/6f45fbe58ba16cc7d6b939090c5cf4d3.jpg_200x200q80.avif,i n tho i ph th ng S23 Ultra i n tho i r M ng 4G i n tho i gi si u r CPU Si u dt gi r Pin L n 5600mAh i n tho i gi r
https://www.lazada.vn/products/pdp-i2298429713.html,Android điện thoại giá rẻ Mới 100% đien thoại giá rẻ nhất Pin Lớn 6000mAh điện thoại giá siêu rẻ CPU Siêu Điện thoại phổ thông Sạc nhanh điên thoại,43,1020762,Hà Nội,https://img.lazcdn.com/g/p/e2666d37524f15f9c8425cc5a73a4927.jpg_200x200q80.avif,Android i n tho i gi r M i 100 ien tho i gi r nh t Pin L n 6000mAh i n tho i gi si u r CPU Si u i n tho i ph th ng S c nhanh i n tho i
https://www.lazada.vn/products/pdp-i2297834002.html,Điện Thoại Smartphone Điện Thoại Smartphone Samsung M52 5G Đen  - Bảo Hành 12 Tháng,23,6008000,Hồ Chí Minh,https://img.lazcdn.com/g/p/525bd9dea4936ffaba2ef698caa4a9d1.jpg_200x200q80.avif,i n Tho i Smartphone i n Tho i Smartphone Samsung M52 5G en - B o H nh 12 Th ng
https://www.lazada.vn/products/pdp-i2297242637.html,Điện Thoại Smartphone Điện Thoại Smartphone Samsung M52 5G Xanh - Bảo Hành 1 Đổi 1,23,6010000,Hồ Chí Minh,https://img.lazcdn.com/g/p/95a65adb0a52fb8d1f3d8e218b85b45d.jpg_200x200q80.avif,i n Tho i Smartphone i n Tho i Smartphone Samsung M52 5G Xanh - B o H nh 1 i 1
https://www.lazada.vn/products/pdp-i2296711588.html,dt giá rẻ S23 Ultra Pin Lớn 6000mAh Điện thoại di động Bộ nhớ 16+512GB điện thoại giá siêu rẻ Camera 50MP điện thoại Mạng 4G điện thoại giá rẻ,43,1107064,Hà Nội,https://img.lazcdn.com/g/p/6c1e35ed7013a591b49f8bb8a336d473.jpg_200x200q80.avif,dt gi r S23 Ultra Pin L n 6000mAh i n tho i di ng B nh 16+512GB i n tho i gi si u r Camera 50MP i n tho i M ng 4G i n tho i gi r
https://www.lazada.vn/products/pdp-i2296238109.html,S23 Ultra điện thoại rẻ CPU Siêu điện thoại rẻ cho học sinh Bộ nhớ 12+512GB điện thoại giá siêu rẻ Pin Lớn 5600mAh Điện thoại di động,43,1028630,Hà Nội,https://img.lazcdn.com/g/p/2eed7ecef8da500325de38b841093c9e.jpg_200x200q80.avif,S23 Ultra i n tho i r CPU Si u i n tho i r cho h c sinh B nh 12+512GB i n tho i gi si u r Pin L n 5600mAh i n tho i di ng
https://www.lazada.vn/products/pdp-i2294889255.html,đt giá rẻ cho học sinh S23 Ultra Bản quốc tế điên thoại Camera 48MP điện thoại giá rẻ 6.7inch Điện thoại phổ thông Android điện thoại,43,1027845,Hà Nội,https://img.lazcdn.com/g/p/771f3c306f0926a4ba93c9b4cc17aaf5.jpg_200x200q80.avif,t gi r cho h c sinh S23 Ultra B n qu c t i n tho i Camera 48MP i n tho i gi r 6 7inch i n tho i ph th ng Android i n tho i
https://www.lazada.vn/products/pdp-i2293087191.html,điện thoại giá rẻ S23 Ultra điện thoại Bản quốc tế điện thoại rẻ cho học sinh Sạc nhanh Điện thoại di động Bộ nhớ 12+512GB đt giá rẻ cho học sinh,43,1110968,Hà Nội,https://img.lazcdn.com/g/p/de353a4511c095d6a5e9da6085d394a7.jpg_200x200q80.avif,i n tho i gi r S23 Ultra i n tho i B n qu c t i n tho i r cho h c sinh S c nhanh i n tho i di ng B nh 12+512GB t gi r cho h c sinh
https://www.lazada.vn/products/pdp-i2291717157.html,S23 Ultra điện thoại giá rẻ Sạc nhanh điện thoại giá siêu rẻ Android dt giá rẻ Bản quốc tế điện thoại rẻ Bộ nhớ 16+512GB điên thoại,43,1107769,Hà Nội,https://img.lazcdn.com/g/p/56382f031bfb90723c6ffae47e38bc77.jpg_200x200q80.avif,S23 Ultra i n tho i gi r S c nhanh i n tho i gi si u r Android dt gi r B n qu c t i n tho i r B nh 16+512GB i n tho i
https://www.lazada.vn/products/pdp-i2290115064.html,điênk thoại giá rẻ S23 Ultra điện thoại rẻ cho học sinh Bộ nhớ 12+512GB điện thoại giá rẽ Pin Lớn 5600mAh điện thoại 6.7inch Điện thoại phổ thông,43,1112031,Hà Nội,https://img.lazcdn.com/g/p/3dbd5e4b6ac8a03d13b9ee01480a6f0f.jpg_200x200q80.avif,i nk tho i gi r S23 Ultra i n tho i r cho h c sinh B nh 12+512GB i n tho i gi r Pin L n 5600mAh i n tho i 6 7inch i n tho i ph th ng
https://www.lazada.vn/products/pdp-i2288970050.html,điện thoại samsung A30 Ram6/128G,0,1500000,Bến Tre,https://img.lazcdn.com/g/ff/kf/Sed225a2196264b25ab885d7b73d80781E.jpg_200x200q80.avif,i n tho i Samsung A30 Ram6/128G
https://www.lazada.vn/products/pdp-i2288673882.html,điện thoại samsung A750 Ram4/64G,0,1750000,Bến Tre,https://img.lazcdn.com/g/ff/kf/Sbd774a9973734ca89b371240c9ee3713H.jpg_200x200q80.avif,i n tho i Samsung A750 Ram4/64G
https://www.lazada.vn/products/pdp-i2286802222.html,Điện thoại Galaxy S21 Ultra 5G (12GB/128GB) Likenew Fullbox 99% chuẩn đẹp dùng 2 sim - BH 6 tháng lỗi 1 đổi 1,0,11890000,Hà Nội,https://img.lazcdn.com/g/p/144b6865d7135d3fd659da7e28760b93.jpg_200x200q80.avif,i n tho i Galaxy S21 Ultra 5G 12GB/128GB Likenew Fullbox 99 chu n p d ng 2 sim - BH 6 th ng l i 1 i 1
https://www.lazada.vn/products/pdp-i2284248299.html,Điện thoại samsung A20,0,1700000,Bến Tre,https://img.lazcdn.com/g/ff/kf/S098a00cd3d35446489d850988cd58a49q.jpg_200x200q80.avif,i n tho i Samsung A20
https://www.lazada.vn/products/pdp-i2284183653.html,điện thoại samsung A20,0,1700000,Bến Tre,https://img.lazcdn.com/g/ff/kf/Sd0b2d3a02b114c7c8b22e71445c33d07E.jpg_200x200q80.avif,i n tho i Samsung A20
https://www.lazada.vn/products/pdp-i2282891905.html,Hộp Thoại IDF 50 đôi đầy đủ đế gắn và phiến,0,247000,Hà Nội,https://img.lazcdn.com/g/p/66fd56c0dd199711abb7b693e621e586.jpg_200x200q80.avif,H p Tho i IDF 50 i y g n v phi n
https://www.lazada.vn/products/pdp-i2282273438.html,điện thoại samsung A30 Ram 3G,0,1700000,Bến Tre,https://img.lazcdn.com/g/ff/kf/S5aa379f31e2e4e2e8e945335235c2cd0n.jpg_200x200q80.avif,i n tho i Samsung A30 Ram 3G
https://www.lazada.vn/products/pdp-i2282243620.html,điện thoại samsung A30,0,1700000,Bến Tre,https://img.lazcdn.com/g/ff/kf/S8451321dbd224cbbafaa566cab1d9dd25.jpg_200x200q80.avif,i n tho i Samsung A30
https://www.lazada.vn/products/pdp-i2282209705.html,Điện thoại samsung A30,0,1700000,Bến Tre,https://img.lazcdn.com/g/ff/kf/S4d92bee5574a46e59ce71bdc630a360ef.jpg_200x200q80.avif,i n tho i Samsung A30
https://www.lazada.vn/products/pdp-i2281629256.html,Samsung  S5360,0,400000,Hồ Chí Minh,https://img.lazcdn.com/g/p/6bae0a6b7880823454bcb51b159dd59f.jpg_200x200q80.avif,Samsung S5360
https://www.lazada.vn/products/pdp-i2275198718.html,Điện thoại samsung j7 prime chính hãng,0,650000,Quảng Ngãi,https://img.lazcdn.com/g/p/775cb33bae7156a62bac1da10c06f4cf.jpg_200x200q80.avif,i n tho i Samsung j7 prime ch nh h ng
https://www.lazada.vn/products/pdp-i2275142991.html,Điện thoại samsung A10 chính hãng,0,950000,Quảng Ngãi,https://img.lazcdn.com/g/p/7bc4c0ef23897fd21840525af75f5867.jpg_200x200q80.avif,i n tho i Samsung A10 ch nh h ng
https://www.lazada.vn/products/pdp-i2274987103.html,điện thoại samsung j6 màu vàng,0,1400000,Bến Tre,https://img.lazcdn.com/g/ff/kf/S5b1785537d9843a4883d06c6df7f7543V.jpg_200x200q80.avif,i n tho i Samsung j6 m u v ng
https://www.lazada.vn/products/pdp-i2274930857.html,điện thoại Samsung A6 plus Ram4 màn hình 6.2 inh,0,1350000,Bến Tre,https://img.lazcdn.com/g/ff/kf/S73edf76fa21a430a910b4ebc967ea08aL.jpg_200x200q80.avif,i n tho i Samsung A6 plus Ram4 m n h nh 6 2 inh
https://www.lazada.vn/products/pdp-i2274895479.html,Điện thoại samsung A750 Ram 4G/64G,0,1350000,Bến Tre,https://img.lazcdn.com/g/ff/kf/S6d206db02ec948b1bc0a2affddb8ea9bL.jpg_200x200q80.avif,i n tho i Samsung A750 Ram 4G/64G
https://www.lazada.vn/products/pdp-i2274763972.html,điện thoại samsung j7 pro màu sắc rất đẹp,0,1300000,Bến Tre,https://img.lazcdn.com/g/ff/kf/S12c7bf8aa36e47e48eb52dd4678f5c1c4.jpg_200x200q80.avif,i n tho i Samsung j7 Pro m u s c r t p
https://www.lazada.vn/products/pdp-i2272450865.html,"Điện thoại oppo A5s chính hãng ,cấu hình mạnh",0,1250000,Quảng Ngãi,https://img.lazcdn.com/g/p/e9f716e9444fb9eb235d39a7487264fb.jpg_200x200q80.avif,i n tho i OPPO A5s ch nh h ng c u h nh m nh
https://www.lazada.vn/products/pdp-i2268992884.html,giá rẻ học sinh，sở hữu S23 Ultra Di Động Chính Hãng 7.3Inch Di Động Bộ Nhớ Lớn 16+512GB Hai Thẻ Sim Camera 32+64MP Pin 6800mAh điện thoại chính hãng giá rẻ,0,2529800,Hà Nội,https://img.lazcdn.com/g/p/2ad9a3d65c3560a894dce3e3069e491f.jpg_200x200q80.avif,gi r h c sinh s h u S23 Ultra Di ng Ch nh H ng 7 3Inch Di ng B Nh L n 16+512GB Hai Th Sim Camera 32+64MP Pin 6800mAh i n tho i ch nh h ng gi r
https://www.lazada.vn/products/pdp-i2268932557.html,điện thoại samsung A750,0,2000000,Bến Tre,https://img.lazcdn.com/g/ff/kf/S99849cce28da4268a8a134b713dedea2H.jpg_200x200q80.avif,i n tho i Samsung A750
https://www.lazada.vn/products/pdp-i2268142724.html,điện thoại samsung A6 plus Ram4G,0,1600000,Bến Tre,https://img.lazcdn.com/g/ff/kf/Sb9071b9113344441bfcbf6ddcbcc8d33W.jpg_200x200q80.avif,i n tho i Samsung A6 plus Ram4G
https://www.lazada.vn/products/pdp-i2266921736.html,điện thoại samsung j7 prime,0,800000,Bến Tre,https://img.lazcdn.com/g/ff/kf/S64486f9e4ea548ec9a907554e55a5753A.jpg_200x200q80.avif,i n tho i Samsung j7 prime
https://www.lazada.vn/products/pdp-i2266915070.html,Điện thoại OnePlus Ace 2V (Dimensity 9000 - AMOLED 1.5K) likenew kèm sạc 80W chính hãng,0,5950000,Hà Nội,https://img.lazcdn.com/g/p/98c352fe952d5a9cec88336874201280.jpg_200x200q80.avif,i n tho i OnePlus Ace 2V Dimensity 9000 - AMOLED 1 5K likenew k m s c 80W ch nh h ng
https://www.lazada.vn/products/pdp-i2265470025.html,Điện thoại Samsung Galaxy M14 5G (4GB/64GB) Pin 6000mAh - Hàng chính hãng,18,3990000,Đà Nẵng,https://img.lazcdn.com/g/p/60090dd0d7c5d646f406dfb437355d38.jpg_200x200q80.avif,i n tho i Samsung Galaxy M14 5G 4GB/64GB Pin 6000mAh - H ng ch nh h ng
https://www.lazada.vn/products/pdp-i2264494182.html,Điện thoại samsung s5,0,870000,Bến Tre,https://img.lazcdn.com/g/ff/kf/S2c8f034138d4481f8ffe5201364428a9l.jpg_200x200q80.avif,i n tho i Samsung s5
https://www.lazada.vn/products/pdp-i2261973687.html,Điện thoại samsung A750 Ram 4G,0,1750000,Bến Tre,https://img.lazcdn.com/g/ff/kf/Sc0649e8d7dc141e29ab6c3d19546076dV.jpg_200x200q80.avif,i n tho i Samsung A750 Ram 4G
https://www.lazada.vn/products/pdp-i2261580649.html,"SAMSUNG J7 PRIME RAM 3GB SSD 32GB 5.5"" FULLHD",13,1300000,Hồ Chí Minh,https://img.lazcdn.com/g/p/77bc80c882d395fa68cf13139a0f9ae8.jpg_200x200q80.avif,Samsung J7 PRIME RAM 3GB Samsung D 32GB 5 5 FULLHD
https://www.lazada.vn/products/pdp-i2260667014.html,SAMSUNG A10 MÁY ĐẸP NHƯ MỚI BAO ĐẸP.,0,1050000,Bạc Liêu,https://img.lazcdn.com/g/p/51b30c9ae83bf5dce89696029366bb72.png_200x200q80.avif,Samsung A10 M Y P NH M I BAO P
https://www.lazada.vn/products/pdp-i2260645541.html,SAMSUNG J8PLUS MÁY BAO ĐẸP CHẠY MƯỢT 3G/32G.,0,950000,Bạc Liêu,https://img.lazcdn.com/g/p/e788e9794796f51cb7401d07611dd68f.jpg_200x200q80.avif,Samsung J8PLUS M Y BAO P CH Y M T 3G/32G
https://www.lazada.vn/products/pdp-i2260606871.html,SAMSUNG A20 MÁY BAO ĐẸP CHẠY MƯỢT 3G/32G.,0,1000000,Bạc Liêu,https://img.lazcdn.com/g/p/a55a25de197e5fa44ffbd8dad6fd0b0a.jpg_200x200q80.avif,Samsung A20 M Y BAO P CH Y M T 3G/32G
https://www.lazada.vn/products/pdp-i2259808617.html,Samsung Galaxy Note 20 Ultra 5G New Seal Fulbox,40,10800000,Hà Nội,https://img.lazcdn.com/g/ff/kf/S9ee61de653244cba887d1237f66ae28aX.jpg_200x200q80.avif,Samsung Galaxy Note 20 Ultra 5G New Seal Fulbox
https://www.lazada.vn/products/pdp-i2252128013.html,Hộp thoại IDF 100 đôi đầy đủ đế gắn và phiến,0,453000,Hà Nội,https://img.lazcdn.com/g/p/0853ab5c4086c673c644c09fb709e45f.jpg_200x200q80.avif,H p tho i IDF 100 i y g n v phi n
https://www.lazada.vn/products/pdp-i2252125017.html,Hộp Thoại IDF 30 đôi đầy đủ đế gắn và phiến,0,206000,Hà Nội,https://img.lazcdn.com/g/p/c294035a6b6f98b348553e2038bef04d.jpg_200x200q80.avif,H p Tho i IDF 30 i y g n v phi n
https://www.lazada.vn/products/pdp-i2251997951.html,Hộp Thoại IDF 50 đôi đầy đủ đế gắn và phiến,0,247000,Hà Nội,https://img.lazcdn.com/g/p/acbd3b20b7d6a1e4ab7979e1e368ea82.jpg_200x200q80.avif,H p Tho i IDF 50 i y g n v phi n
https://www.lazada.vn/products/pdp-i2248683066.html,Điện Thoại Samsung Galaxy A04e - Hàng Chính Hãng,0,3490000,Hồ Chí Minh,https://img.lazcdn.com/g/p/887ac4c95e41b7061e9686c76bc6f11b.jpg_200x200q80.avif,i n Tho i Samsung Galaxy A04e - H ng Ch nh H ng
https://www.lazada.vn/products/pdp-i2248536536.html,Điện Thoại Samsung Galaxy M23 5G (6GB/128GB) - Hàng Chính Hãng,0,6890000,Hồ Chí Minh,https://img.lazcdn.com/g/p/b0587e1c0d4b7a80b9d7423e4d82d994.jpg_200x200q80.avif,i n Tho i Samsung Galaxy M23 5G 6GB/128GB - H ng Ch nh H ng
https://www.lazada.vn/products/pdp-i2247241837.html,Sim vietnammobile giá rẻ hết hạn đăng kí,0,10000,Hồ Chí Minh,https://img.lazcdn.com/g/p/01246b2d75adcbbe670496142f3a08b8.jpg_200x200q80.avif,Sim vietnammobile gi r h t h n ng k
https://www.lazada.vn/products/pdp-i2247090079.html,"Điện thoại OPPO A9 (2020) 2sim ram 8G/256G chip Snapdragon 665, Màn hình: TFT LCD, 6.5"", HD+, Cấu hình Chip Cao mạnh",29,1350000,Hồ Chí Minh,https://img.lazcdn.com/g/p/43eab3f6a8338d8e11f0f7b976bf12ec.jpg_200x200q80.avif,i n tho i OPPO A9 2020 2sim ram 8G/256G chip Snapdragon 665 M n h nh TFT LCD 6 5 HD+ C u h nh Chip Cao m nh
https://www.lazada.vn/products/pdp-i2246548242.html,Điện Thoại Samsung Galaxy A13 4GB/128GB - Hàng chính hãng,0,4690000,Hồ Chí Minh,https://img.lazcdn.com/g/p/d60cf62026b061b5593435b97764d01d.jpg_200x200q80.avif,i n Tho i Samsung Galaxy A13 4GB/128GB - H ng ch nh h ng
https://www.lazada.vn/products/pdp-i2240864851.html,điện thoại samsung galaxy s20 fe máy đẹp nguyên zin bản mỹ 1 sim ram 6/128g,43,3690000,Hồ Chí Minh,https://img.lazcdn.com/g/p/fc8709ee299902d48ad4c0eebbbfdf60.jpg_200x200q80.avif,i n tho i Samsung galaxy s20 fe m y p nguy n zin b n m 1 sim ram 6/128g
https://www.lazada.vn/products/pdp-i2240517295.html,"điện thoại OppoA3s 2sim ram 6G/128G, màn 6.2inch, Camera siêu nét",18,815000,Hồ Chí Minh,https://img.lazcdn.com/g/p/f29fd0902bda225248cfde4a09e87d2d.jpg_200x200q80.avif,i n tho i OPPO A3s 2sim ram 6G/128G m n 6 2inch Camera si u n t
https://www.lazada.vn/products/pdp-i2238305571.html,Điện thoại Google Pixel 4a 5G ram 6G 128G - Snaρ 765 5G màn OLED HDR,8,2998000,Nghệ An,https://img.lazcdn.com/g/p/e27f53155c474da8837bb1b08f58a638.jpg_200x200q80.avif,i n tho i Google Pixel 4a 5G ram 6G 128G - Sna 765 5G m n OLED HDR
https://www.lazada.vn/products/pdp-i2238207439.html,Điện thoại samsung j7 prime,0,877000,Bến Tre,https://img.lazcdn.com/g/ff/kf/Se613429924fe422197365e5040f7aa9fu.jpg_200x200q80.avif,i n tho i Samsung j7 prime
https://www.lazada.vn/products/pdp-i2231273139.html,Điện Thoại Galaxy A54 5G - Hàng Chính Hãng,0,8824000,Hồ Chí Minh,https://img.lazcdn.com/g/p/c33917abb44065ddbb9fa2664f2e71dd.jpg_200x200q80.avif,i n Tho i Galaxy A54 5G - H ng Ch nh H ng
https://www.lazada.vn/products/pdp-i2230293614.html,Điện thoại Samsung Galaxy S23 Ultra 5G (8GB/256GB) - Hàng chính hãng,34,20990000,Đà Nẵng,https://img.lazcdn.com/g/p/747b24746dd9e66fb0c4a89ee44638f9.jpg_200x200q80.avif,i n tho i Samsung Galaxy S23 Ultra 5G 8GB/256GB - H ng ch nh h ng
https://www.lazada.vn/products/pdp-i2230040189.html,SAMSUNG A32 MÁY RẤT BỀN ĐẸP LƯỚT WEB YOUTUBE TIKTOK SIÊU MƯỢT.,0,2300000,Bạc Liêu,https://img.lazcdn.com/g/p/b431c447bdc49835de1316298b5653ef.jpg_200x200q80.avif,Samsung A32 M Y R T B N P L T WEB YOUTUBE TIKTOK SI U M T
https://www.lazada.vn/products/pdp-i2229986391.html,SAMSUNG A22 MÁY CHẤT LƯỢNG ĐẸP YOUTUBE TIKTOK RẤT MƯỢT 6G/128G.,0,2200000,Bạc Liêu,https://img.lazcdn.com/g/p/63d088af11606f0fe4333b79ef53e4fd.jpg_200x200q80.avif,Samsung A22 M Y CH T L NG P YOUTUBE TIKTOK R T M T 6G/128G
https://www.lazada.vn/products/pdp-i2229903780.html,SAMSUNG A32 RAM 6G/128G MÁY ĐẸP KEENG RẤT BỀN,0,2300000,Bạc Liêu,https://img.lazcdn.com/g/p/b431c447bdc49835de1316298b5653ef.jpg_200x200q80.avif,Samsung A32 RAM 6G/128G M Y P KEENG R T B N
https://www.lazada.vn/products/pdp-i2229445912.html,Điện thoại thông minh  ZTE A35 RAM 4GB ROM 64GB - Màn hình 6.75inch- PIN 5000mAh Full Box New 100%,11,1590000,Hồ Chí Minh,https://img.lazcdn.com/g/p/74bc0a1b56dbd5d81fee18ce088c8f95.jpg_200x200q80.avif,i n tho i th ng minh ZTE A35 RAM 4GB ROM 64GB - M n h nh 6 75inch- PIN 5000mAh Full Box New 100
https://www.lazada.vn/products/pdp-i2226788631.html,Điện thoại samsung A30,0,1800000,Bến Tre,https://img.lazcdn.com/g/ff/kf/S61eb09c460644a16bed570222091c0adu.jpg_200x200q80.avif,i n tho i Samsung A30
https://www.lazada.vn/products/pdp-i2226674871.html,điện thoại samsung A30 Ram 3G,0,1600000,Bến Tre,https://img.lazcdn.com/g/ff/kf/S18020d4b606243beb4aed42f9b861086q.jpg_200x200q80.avif,i n tho i Samsung A30 Ram 3G
https://www.lazada.vn/products/pdp-i2226653279.html,"Điện thoại Galaxy Xcover Pro (4GB/64GB) dùng 2 sim có thể tháo rời pin, siêu bền đạt chuẩn quân đội Mỹ - BH 6 tháng",29,2749000,Hà Nội,https://img.lazcdn.com/g/p/f43d98737f3d25ad91601602953d39ed.jpg_200x200q80.avif,i n tho i Galaxy Xcover Pro 4GB/64GB d ng 2 sim c th th o r i pin si u b n t chu n qu n i M - BH 6 th ng
https://www.lazada.vn/products/pdp-i2224834784.html,CCCUE Retro Điện Thoại Cố Định Kiểu Cũ Với Gọi Lại Cổ Điển Dùng Cho Khách Sạn Văn Phòng Gia Đình,49,496568,China,https://img.lazcdn.com/g/p/0f55297b353d63f3e4f1ef5363391a78.jpg_200x200q80.avif,CCCUE Retro i n Tho i C nh Ki u C V i G i L i C i n D ng Cho Kh ch S n V n Ph ng Gia nh
https://www.lazada.vn/products/pdp-i2224337145.html,Điện thoại Sony Xperia 5 II (X5 Mark 2) 2 Sim màn OLED 120Hz - Snaρdragon 865 ram 8G 128G,0,1090000,Nghệ An,https://img.lazcdn.com/g/p/b13edf7cc4a1381cee2f8ac9c9741814.jpg_200x200q80.avif,i n tho i Sony Xperia 5 II X5 Mark 2 2 Sim m n OLED 120Hz - Sna dragon 865 ram 8G 128G
https://www.lazada.vn/products/pdp-i2224255497.html,Điện thoại Xiaomi Mi 10 5G màn AMOLED 90Hz - Snaρ 865 ram 8G 128G,16,3996000,Nghệ An,https://img.lazcdn.com/g/p/63d7cce97a50598aff2e0586437348ab.jpg_200x200q80.avif,i n tho i XiaoXiaomi 10 5G m n AMOLED 90Hz - Sna 865 ram 8G 128G
https://www.lazada.vn/products/pdp-i2221855604.html,"Điện thoại Xiaomi 12S Pro, Snapdragon 8 Plus Gen 1, Pin 4600mAh, sạc nhanh 120W",15,7380000,Vĩnh Phúc,https://img.lazcdn.com/g/ff/kf/Sc69fc65eabcb4729bcb2685509e4975bu.jpg_200x200q80.avif,i n tho i Xiaomi 12S Pro Snapdragon 8 Plus Gen 1 Pin 4600mAh s c nhanh 120W
https://www.lazada.vn/products/pdp-i2221760359.html,SAMSUNG J6 PLUS MÁY ĐẸP KEENG SIÊU MƯỢT SIÊU BỀN SIÊU KHUYWWNS MÃI 3G/32G,0,1100000,Bạc Liêu,https://img.lazcdn.com/g/p/10a0b61700c8f9053a3c2f81f4547543.jpg_200x200q80.avif,Samsung J6 PLUS M Y P KEENG SI U M T SI U B N SI U KHUYWWNS M I 3G/32G
https://www.lazada.vn/products/pdp-i2221651305.html,SAMSUNG A04  MÁY ĐẸP 99% SIÊU ĐẸP SIÊU MƯỢT 3g/32g,0,1800000,Bạc Liêu,https://img.lazcdn.com/g/p/65963b18b85cd225c6c767acab6c738e.jpg_200x200q80.avif,Samsung A04 M Y P 99 SI U P SI U M T 3g/32g
https://www.lazada.vn/products/pdp-i2218628370.html,Điện thoại Samsung Galaxy A14 5G 4GB/128GB - Hàng Chính Hãng - Bảo Hành 12 Tháng,17,4290000,Đà Nẵng,https://img.lazcdn.com/g/p/0bddf321c56d26f098aa5eb80878b994.jpg_200x200q80.avif,i n tho i Samsung Galaxy A14 5G 4GB/128GB - H ng Ch nh H ng - B o H nh 12 Th ng
https://www.lazada.vn/products/pdp-i2218386446.html,điện thoại samsung A6 plus RAM 4G,0,1500000,Bến Tre,https://img.lazcdn.com/g/ff/kf/Saefb8f57bd9e4590848fa0c3ded911f9U.jpg_200x200q80.avif,i n tho i Samsung A6 plus RAM 4G
https://www.lazada.vn/products/pdp-i2218333723.html,Điện thoại samsung A6 plus Ram 4G,0,1700000,Bến Tre,https://img.lazcdn.com/g/ff/kf/S6d5a5719ff4e4553be17efc0ca04ad43Y.jpg_200x200q80.avif,i n tho i Samsung A6 plus Ram 4G
https://www.lazada.vn/products/pdp-i2215663132.html,thân điện thoại samsung A720 viền trầy không cấn móp,0,55000,Bến Tre,https://img.lazcdn.com/g/ff/kf/Sedfa9c312dd34d56bfc759ea9dc603fcd.jpg_200x200q80.avif,th n i n tho i Samsung A720 vi n tr y kh ng c n m p
https://www.lazada.vn/products/pdp-i2213711404.html,Xiaomi Redmi 14C  (6G/128G) - Hàng chính hãng,8,3299000,Tiền Giang,https://img.lazcdn.com/g/p/480f51979e84326ea46d03b351d0fde3.jpg_200x200q80.avif,Xiaomi Redmi 14C 6G/128G - H ng ch nh h ng
https://www.lazada.vn/products/pdp-i2212168999.html,Điện thoại Note 20 Ultra 5G Mỹ (12GB/128GB) sử dụng 2 sim mới Fullbox đầy đủ phụ kiện sạc cáp tai nghe - BH 6 tháng,16,9680000,Hà Nội,https://img.lazcdn.com/g/p/6347b0447b6ec223771a9c2261f30198.jpg_200x200q80.avif,i n tho i Note 20 Ultra 5G M 12GB/128GB s d ng 2 sim m i Fullbox y ph ki n s c c p tai nghe - BH 6 th ng
https://www.lazada.vn/products/pdp-i2212135208.html,điện thoại samsung note 4 Ram 3G,0,970000,Bến Tre,https://img.lazcdn.com/g/ff/kf/S3455d87a4995482ebf9c432332531045Z.jpg_200x200q80.avif,i n tho i Samsung note 4 Ram 3G
https://www.lazada.vn/products/pdp-i2211115249.html,điện thoại Không thấm nước S23 Ultra Bộ Nhớ Lớn 12+512 GB Điện Thoại Di Động Máy ảnh HD 6.7 Inch Pin 5600 mAh Bền bỉ Hai Thẻ Sim Camera HD 24+48 MP Thời trang Thông minh điện thoại miễn phí vận chuyển dụng phổ biến,49,1256000,Hà Nội,https://img.lazcdn.com/g/p/a421febdb5e8ffcab7b036f633be6a3a.png_200x200q80.avif,i n tho i Kh ng th m n c S23 Ultra B Nh L n 12+512 GB i n Tho i Di ng M y nh HD 6 7 Inch Pin 5600 mAh B n b Hai Th Sim Camera HD 24+48 MP Th i trang Th ng minh i n tho i mi n ph v n chuy n d ng ph bi n
https://www.lazada.vn/products/pdp-i2207804446.html,Điện thoại  TECNO SPARK Go (4GB/64GB ) - Hàng Chính Hãng,16,2249000,Nghệ An,https://img.lazcdn.com/g/p/1ccd124653a5d3b0d56827c8f485ce26.jpg_200x200q80.avif,i n tho i TECNO SPARK Go 4GB/64GB - H ng Ch nh H ng
https://www.lazada.vn/products/pdp-i2206583766.html,Điện Thoại Samsung Galaxy S21 Plus 5G  8/128GB/256GB Mỹ chính hãng 2 sim chip Snapdragon 888 5G siêu mạnh | kèm sạc 25w tại Playmobile,0,7590000,Hà Nội,https://img.lazcdn.com/g/p/c9c7f1363eb31eac80c61af263ea1508.jpg_200x200q80.avif,i n Tho i Samsung Galaxy S21 Plus 5G 8/128GB/256GB M ch nh h ng 2 sim chip Snapdragon 888 5G si u m nh k m s c 25w t i Playmobile
https://www.lazada.vn/products/pdp-i2204256012.html,linh kiện điện thoại OP PO f5 thay ra,0,380000,Bến Tre,https://img.lazcdn.com/g/ff/kf/S13d1ec162c424ce7866658bf22ed0df5l.jpg_200x200q80.avif,linh ki n i n tho i OP PO f5 thay ra
https://www.lazada.vn/products/pdp-i2203979835.html,Điện thoại XIAOMI POCO X4 GT8+256GB | MediaTek Dimensity 8100 | Sạc nhanh 67W,0,7890000,Đà Nẵng,https://img.lazcdn.com/g/p/4a8a0e10ae1d7a4c2ffa17a49b351139.png_200x200q80.avif,i n tho i XIAOMI POCO X4 GT8+256GB MediaTek Dimensity 8100 S c nhanh 67W
https://www.lazada.vn/products/pdp-i2201562791.html,Cute little sugar mamas iphone14 apple 13 x apply promax following from 12 hot style seven plus transparent 8/11 drop xr soft 6 the niche xsmax splus senior feeling se3 new female 2,20,66128,China,https://img.lazcdn.com/g/p/2ac29dc3ba874c9817e99e3004654312.jpg_200x200q80.avif,Cute little sugar mamas iphone14 Apple 13 x apply Pro max following from 12 hot style seven plus transparent 8/11 drop xr soft 6 the niche xsmax splus senior feeling se3 new female 2
https://www.lazada.vn/products/pdp-i2196425300.html,"Điện thoại SS Glaxy Note 10 5G, bản 1 sim, bộ nhớ 12G/256G Snapdragon 855, màn hình 6.3inch 2k, camera đẹp",18,4899000,Hà Nội,https://img.lazcdn.com/g/p/f194348c9104d9f06affd14459e00360.jpg_200x200q80.avif,i n tho i Samsung Glaxy Note 10 5G b n 1 sim b nh 12G/256G Snapdragon 855 m n h nh 6 3inch 2k camera p
https://www.lazada.vn/products/pdp-i2193783340.html,Máy Tính Bảng Samsung Tab A9 4G (4G/64G) - Hàng Chính Hãng - Đã kích hoạt bảo hành điện tử,25,2999000,Tiền Giang,https://img.lazcdn.com/g/p/97be751a04564bff50dc0a2be2b5bd47.jpg_200x200q80.avif,M y T nh B ng Samsung Tab A9 4G 4G/64G - H ng Ch nh H ng - k ch ho t b o h nh i n t
https://www.lazada.vn/products/pdp-i2190187714.html,Điện thoại samsung glaxy A750 -Ram6/128G,0,2000000,Bến Tre,https://img.lazcdn.com/g/ff/kf/S4b473d404e274582aea2b092d93bee5aj.jpg_200x200q80.avif,i n tho i Samsung glaxy A750 -Ram6/128G
https://www.lazada.vn/products/pdp-i2189796591.html,Điện thoại Xiaomi Redmi K50 Ultra / Extreme / Snapdragon 8+ Gen 1 Sạc nhanh 120w likenew,0,5750000,Hà Nội,https://img.lazcdn.com/g/p/747c7a3b9568da76ebb9a6a0999b8407.jpg_200x200q80.avif,i n tho i Xiaomi Redmi K50 Ultra / Extreme / Snapdragon 8+ Gen 1 S c nhanh 120w likenew
https://www.lazada.vn/products/pdp-i2189078389.html,Canva Pro - Nâng cấp trên tài khoản Chính Chủ - 1 Năm,29,249000,Hồ Chí Minh,https://img.lazcdn.com/g/p/7d7246c71bd272ee2498b16343788578.jpg_200x200q80.avif,Canva Pro - N ng c p tr n t i kho n Ch nh Ch - 1 N m
https://www.lazada.vn/products/pdp-i2186986649.html,Điện thoại giá rẻ J5prime mới 90%,0,790000,Bạc Liêu,https://img.lazcdn.com/g/ff/kf/S7dc1c0984d054e979923c6124c8996e9M.jpg_200x200q80.avif,i n tho i gi r J5prime m i 90
https://www.lazada.vn/products/pdp-i2186561549.html,Điện Thoại Samsung Galaxy A53 8GB 256GB và128GB,10,8991000,Hà Nội,https://img.lazcdn.com/g/p/ef8adbb6ac4660d11daf2e22e2112bf9.jpg_200x200q80.avif,i n Tho i Samsung Galaxy A53 8GB 256GB v 128GB
https://www.lazada.vn/products/pdp-i2186549179.html,Điện thoại Samsung Galaxy S23,10,20691000,Hà Nội,https://img.lazcdn.com/g/p/27f450a3f6267d8eaf7f418c69b74440.jpg_200x200q80.avif,i n tho i Samsung Galaxy S23
https://www.lazada.vn/products/pdp-i2186511491.html,Điện thoại Samsung Galaxy A03,10,2691000,Hà Nội,https://img.lazcdn.com/g/p/44bbbe8c678789ef0b8888c48fd65501.jpg_200x200q80.avif,i n tho i Samsung Galaxy A03
https://www.lazada.vn/products/pdp-i2186511334.html,Điện thoại Samsung Galaxy Z Fold4 512GB 256GB,10,36891000,Hà Nội,https://img.lazcdn.com/g/p/75e03829d76e1ad054b2f0950f3a480b.jpg_200x200q80.avif,i n tho i Samsung Galaxy Z Fold4 512GB 256GB
https://www.lazada.vn/products/pdp-i2186491427.html,Điện Thoại Samsung Galaxy A13 128GB 6GB và 4GB,10,4221000,Hà Nội,https://img.lazcdn.com/g/p/e6c6051eb5ff65cfe6f0c70fd87a4210.jpg_200x200q80.avif,i n Tho i Samsung Galaxy A13 128GB 6GB v 4GB
https://www.lazada.vn/products/pdp-i2186482366.html,Điện thoại Samsung Galaxy A33 5G,10,7641000,Hà Nội,https://img.lazcdn.com/g/p/e66fc681e63bcad54697f57454d878fc.jpg_200x200q80.avif,i n tho i Samsung Galaxy A33 5G
https://www.lazada.vn/products/pdp-i2186462802.html,Điện Thoại Samsung Galaxy A04e,10,2691000,Hà Nội,https://img.lazcdn.com/g/p/0265a64cc69636e23be4a1408fffe879.jpg_200x200q80.avif,i n Tho i Samsung Galaxy A04e
https://www.lazada.vn/products/pdp-i2186431661.html,Điện thoại Samsung Galaxy Z Flip4 256GB Bespoke Edition,10,24291000,Hà Nội,https://img.lazcdn.com/g/p/78f2f6c816f0d25b96fe2d57f3441ccb.jpg_200x200q80.avif,i n tho i Samsung Galaxy Z Flip4 256GB Bespoke Edition
https://www.lazada.vn/products/pdp-i2186397890.html,Điện thoại Samsung Galaxy Z Fold4 1TB - Miễn phí vận chuyển Toàn Quốc,10,44991000,Hà Nội,https://img.lazcdn.com/g/p/6a0c54c3c8855b44747b943eaae00894.jpg_200x200q80.avif,i n tho i Samsung Galaxy Z Fold4 1TB - Mi n ph v n chuy n To n Qu c
https://www.lazada.vn/products/pdp-i2182261037.html,SAMSUNG A51 6G/128G MK VẼ KO CÀI VÂN TAY SIÊU RẺ -SIÊU ĐẸP - SIÊU MƯỢT - SIÊU BỀN.,0,2050000,Bạc Liêu,https://img.lazcdn.com/g/p/91ff6629c1523abdb59e912d98a1d4f7.jpg_200x200q80.avif,Samsung A51 6G/128G MK V KO C I V N TAY SI U R -SI U P - SI U M T - SI U B N
https://www.lazada.vn/products/pdp-i2177431304.html,điện thoại samsung note 20 5g bản mỹ 2 sim ram 8/128g máy đẹp nguyên zin CHIP SNACK 865,26,5390000,Hồ Chí Minh,https://img.lazcdn.com/g/p/f6b7b3d25eee659e070667287289a539.jpg_200x200q80.avif,i n tho i Samsung note 20 5g b n m 2 sim ram 8/128g m y p nguy n zin CHIP SNACK 865
https://www.lazada.vn/products/pdp-i2177404518.html,ĐIỆN THOẠI SAMSUNG Z FLIP 3 MÁY ĐẸP NGUYÊN ZIN BẢN  CHỤP HÌNH SIÊU ĐẸP,36,5090000,Hồ Chí Minh,https://img.lazcdn.com/g/p/ca59430db7e0aaec849f65d5001a437e.jpg_200x200q80.avif,I N THO I Samsung Z FLIP 3 M Y P NGUY N ZIN B N CH P H NH SI U P
https://www.lazada.vn/products/pdp-i2177324736.html,điện thoại samsung note 20 ultra bản mỹ 2 sim máy đẹp nguyên zin ram 12/128g,18,7790000,Hồ Chí Minh,https://img.lazcdn.com/g/p/067101a2c9207e28fe9e794af0fd4e51.jpg_200x200q80.avif,i n tho i Samsung note 20 ultra b n m 2 sim m y p nguy n zin ram 12/128g
https://www.lazada.vn/products/pdp-i2174610467.html,Điện thoại Galaxy S21 5G Mỹ chip Snapdragon 888(Phiên bản 2 SIM) - Bảo hành trọn gói 6 tháng,37,5840000,Hà Nội,https://img.lazcdn.com/g/p/69b20b3c48266c78280f084207b5d127.jpg_200x200q80.avif,i n tho i Galaxy S21 5G M chip Snapdragon 888 Phi n b n 2 SIM - B o h nh tr n g i 6 th ng
https://www.lazada.vn/products/pdp-i2170164284.html,"Điện Thoại Samsung Note 20 Ultra 5G Mỹ 12/128GB  chính hãng - 2sim - Snapdragon 865 , Máy đảm bảo , Uy tín Playmobile",0,9590000,Hà Nội,https://img.lazcdn.com/g/p/bacfa717b4afd861fae93e9a5fc8a492.jpg_200x200q80.avif,i n Tho i Samsung Note 20 Ultra 5G M 12/128GB ch nh h ng - 2sim - Snapdragon 865 M y m b o Uy t n Playmobile
https://www.lazada.vn/products/pdp-i2170033662.html,điện thoại samsung j600 màu vàng gold Ram 3G,0,1500000,Bến Tre,https://img.lazcdn.com/g/ff/kf/Sfcb447a236034cbb8d916c75b88934141.jpg_200x200q80.avif,i n tho i Samsung j600 m u v ng gold Ram 3G
https://www.lazada.vn/products/pdp-i2166570712.html,"Điện thoại Samsung Galaxy Note 20 5G Mỹ 2 sim chính hãng 8/128GB Qualcom Snapdragon 865 , Kèm sạc 25w , máy đảm bảo Tại Playmobile",0,6990000,Hà Nội,https://img.lazcdn.com/g/p/250fc6f21a87c1d51be81ead6bf50460.jpg_200x200q80.avif,i n tho i Samsung Galaxy Note 20 5G M 2 sim ch nh h ng 8/128GB Qualcom Snapdragon 865 K m s c 25w m y m b o T i Playmobile
https://www.lazada.vn/products/pdp-i2164164419.html,SAMSUNG A31  6G/128GGIÁ MỀM -SIÊU ĐẸP CHƠI GAME LƯỚT MẠNG BAO MƯỢT.,0,1850000,Bạc Liêu,https://img.lazcdn.com/g/p/5ce1c93d3ca9b4a2425d369b59d05fee.jpg_200x200q80.avif,Samsung A31 6G/128GGI M M -SI U P CH I GAME L T M NG BAO M T
https://www.lazada.vn/products/pdp-i2164156505.html,SAMSUNG J8  3G/32G GIÁ MỀM -SIÊU ĐẸP CHƠI GAME LƯỚT MẠNG BAO MƯỢT.,0,1100000,Bạc Liêu,https://img.lazcdn.com/g/p/f3fdb8b2bfede3a4d500990186f7bb9a.jpg_200x200q80.avif,Samsung J8 3G/32G GI M M -SI U P CH I GAME L T M NG BAO M T
https://www.lazada.vn/products/pdp-i2164145937.html,SAMSUNG A6PLUS  4G/32G.GIÁ MỀM -SIÊU ĐẸP CHƠI GAME LƯỚT MẠNG BAO MẠNH.,0,1200000,Bạc Liêu,https://img.lazcdn.com/g/p/b33979580a9f5a1b82956927e0cc5d1c.jpg_200x200q80.avif,Samsung A6PLUS 4G/32G GI M M -SI U P CH I GAME L T M NG BAO M NH
https://www.lazada.vn/products/pdp-i2164126919.html,SAMSUNG A50 4G/64G GIÁ MỀM -SIÊU ĐẸP CHƠI GAME LƯỚT MẠNG BAO MƯỢT.,0,1600000,Bạc Liêu,https://img.lazcdn.com/g/p/97ea09e967ecf67fce6efcaedce83b86.jpg_200x200q80.avif,Samsung A50 4G/64G GI M M -SI U P CH I GAME L T M NG BAO M T
https://www.lazada.vn/products/pdp-i2164123577.html,SAMSUNG A51  6G/128G GIÁ MỀM -SIÊU ĐẸP CHƠI GAME LƯỚT MẠNG BAO MƯỢT.,0,2000000,Bạc Liêu,https://img.lazcdn.com/g/p/c2d4ed5ec7d27bbcd0bc37b4a85dcbe5.jpg_200x200q80.avif,Samsung A51 6G/128G GI M M -SI U P CH I GAME L T M NG BAO M T
https://www.lazada.vn/products/pdp-i2164093762.html,SAMSUNG A600  3G/32G GIÁ MỀM -SIÊU ĐẸP CHƠI GAME LƯỚT MẠNG BAO MẠNH. 3G/32G,0,900000,Bạc Liêu,https://img.lazcdn.com/g/p/1568d64e405ba07f18180089ce2ee241.jpg_200x200q80.avif,Samsung A600 3G/32G GI M M -SI U P CH I GAME L T M NG BAO M NH 3G/32G
https://www.lazada.vn/products/pdp-i2163867652.html,Điện thoại samsung note 3 Neo thiếu cây bút,0,900000,Bến Tre,https://img.lazcdn.com/g/ff/kf/S0e4ecb288550431398a670df808b11ef7.jpg_200x200q80.avif,i n tho i Samsung note 3 Neo thi u c y b t
https://www.lazada.vn/products/pdp-i2163205035.html,Điện thoại Samsung Galaxy A14 LTE (4GB/128GB) - Hàng Chính Hãng,37,3290000,Hồ Chí Minh,https://img.lazcdn.com/g/p/718db223ff9c3c0dfd937531a66e983d.jpg_200x200q80.avif,i n tho i Samsung Galaxy A14 LTE 4GB/128GB - H ng Ch nh H ng
https://www.lazada.vn/products/pdp-i2162877558.html,Điện thoại samsung j7 plus- Ram 4G,0,1600000,Bến Tre,https://img.lazcdn.com/g/ff/kf/Seb63cbefd07e4758b97d0c5dd0cf4ed68.jpg_200x200q80.avif,i n tho i Samsung j7 plus- Ram 4G
https://www.lazada.vn/products/pdp-i2160082267.html,Điện thoại Xiaomi Mi 11 Lite 5G Rom Quốc tế tiếng Việt - Snapdragon 780G ram 8G 128G,42,2828000,Nghệ An,https://img.lazcdn.com/g/p/38f0e42163ace1eb872ac0d3699804f1.jpg_200x200q80.avif,i n tho i XiaoXiaomi 11 Lite 5G Rom Qu c t ti ng Vi t - Snapdragon 780G ram 8G 128G
https://www.lazada.vn/products/pdp-i2156580350.html,điện thoại sam sung cac loại mới 100%,0,3810000,Hà Nội,https://img.lazcdn.com/g/p/a1cf1b6171eacccbf43fa3244dc263ab.jpg_200x200q80.avif,i n tho i sam sung cac lo i m i 100
https://www.lazada.vn/products/pdp-i2154512348.html,"[ Chính Hãng ] điện thoại A74 5G &lt; 0 P P 0 - A74 5g &gt; máy 2sim ram 12G/256G, Màn hình siêu bự, Cày game nặng siêu mượt ,máy mới nguyên sill ,tặng sạc cáp ốp lưng ,bảo hành 12 tháng",44,1640000,Hồ Chí Minh,https://img.lazcdn.com/g/p/213c6fb20c61ecb8f66e0712ee13033c.jpg_200x200q80.avif,Ch nh H ng i n tho i A74 5G lt 0 P P 0 - A74 5g gt m y 2sim ram 12G/256G M n h nh si u b C y game n ng si u m t m y m i nguy n sill t ng s c c p p l ng b o h nh 12 th ng
https://www.lazada.vn/products/pdp-i2154508373.html,"( TRỢ GIÁ SIÊU RẺ ) điện thoại  VIV0 .Y17 ram 8G/256G 2sim Chính Hãng màn hình to, Camera siêu đẹp, cấu hình khủng, Cày Game nặng siêu mượt mà.BẢO HÀNH 12 THÁNG ,TẶNG SẠC CÁP ỐP LƯNG",44,1100000,Hồ Chí Minh,https://img.lazcdn.com/g/p/2390f805b69249975b4610a494d0005d.jpg_200x200q80.avif,TR GI SI U R i n tho i Vivo Y17 ram 8G/256G 2sim Ch nh H ng m n h nh to Camera si u p c u h nh kh ng C y Game n ng si u m t m B O H NH 12 TH NG T NG S C C P P L NG
https://www.lazada.vn/products/pdp-i2154471623.html,"( TRỢ GIÁ SIÊU RẺ ) điện thoại Y19 (Viv0 Y.19) ram 8G/256G 2sim Chính Hãng màn hình to, Camera siêu đẹp, cấu hình khủng, Cày Game nặng siêu mượt mà.BẢO HÀNH 12 THÁNG ,TẶNG SẠC CÁP ỐP LƯNG",45,970000,Hồ Chí Minh,https://img.lazcdn.com/g/p/fe102e68fde8830c8fe2e3036c65b0af.jpg_200x200q80.avif,TR GI SI U R i n tho i Y19 Vivo Y 19 ram 8G/256G 2sim Ch nh H ng m n h nh to Camera si u p c u h nh kh ng C y Game n ng si u m t m B O H NH 12 TH NG T NG S C C P P L NG
https://www.lazada.vn/products/pdp-i2154445841.html,"Điện thoại chính hãng A74 5G  Ram 8/256Gb ,Máy mới leng keng ,Cấu hình mạnh cân mọi game nặng ,lướt wed xem fim tiktok zalo fb thoải mái ,máy được bảo hành 12 tháng ,phụ kiện sạc cáp ốp lưng",44,1649000,Hồ Chí Minh,https://img.lazcdn.com/g/p/80c519e9eb15697bd29e7cd51891b712.jpg_200x200q80.avif,i n tho i ch nh h ng A74 5G Ram 8/256Gb M y m i leng keng C u h nh m nh c n m i game n ng l t wed xem fim tiktok zalo fb tho i m i m y c b o h nh 12 th ng ph ki n s c c p p l ng
https://www.lazada.vn/products/pdp-i2154438814.html,"&lt; GIẢM GIÁ SỐC &gt;điện thoại VIV0 ,Y17 (Vivo Y.17) ram 8G/256G 2sim Chính Hãng màn hình to, Camera siêu đẹp, cấu hình khủng, Cày Game nặng siêu mượt mà ,TẶNG SẠC CÁP ỐP LƯNG",41,968000,Hồ Chí Minh,https://img.lazcdn.com/g/p/50f854bff5e7842549c507ab4bdf4fb9.jpg_200x200q80.avif,lt GI M GI S C gt i n tho i Vivo Y17 Vivo Y 17 ram 8G/256G 2sim Ch nh H ng m n h nh to Camera si u p c u h nh kh ng C y Game n ng si u m t m T NG S C C P P L NG
https://www.lazada.vn/products/pdp-i2154434850.html,"[Chính Hãng VIVO] điện thoại VIV0 Y50 (Vivo Y.50) ram 8G/256G 2sim Chính Hãng, màn hình to, Camera siêu đẹp, cấu hình khủng, Cày Game nặng siêu mượt mà ,bảo hành 12 tháng ,tặng sạc cáp ốp lưng",40,1290000,Hồ Chí Minh,https://img.lazcdn.com/g/p/58efb60f603968f455d82cf17a3bf448.jpg_200x200q80.avif,Ch nh H ng Vivo i n tho i Vivo Y50 Vivo Y 50 ram 8G/256G 2sim Ch nh H ng m n h nh to Camera si u p c u h nh kh ng C y Game n ng si u m t m b o h nh 12 th ng t ng s c c p p l ng
https://www.lazada.vn/products/pdp-i2148844963.html,Điện thoại samsug A7 màu hồng nhạt,0,1500000,Bến Tre,https://img.lazcdn.com/g/ff/kf/S96768736d4a34ec6ab013008881425cdb.jpg_200x200q80.avif,i n tho i samsug A7 m u h ng nh t
https://www.lazada.vn/products/pdp-i2143918604.html,Điện thoại Samsung A6,0,1550000,Bến Tre,https://img.lazcdn.com/g/ff/kf/Sba0d93e25da242649611b3afb1bf4762E.jpg_200x200q80.avif,i n tho i Samsung A6
https://www.lazada.vn/products/pdp-i2143128204.html,Điện thoại SAMSUNG A71 SIÊU MẠNH 8G/128G -SIÊU ĐẸP - SIÊU MƯỢT - SIÊU BỀN.,0,2400000,Bạc Liêu,https://img.lazcdn.com/g/p/b1f6d2134339cfad017127aecac3f675.jpg_200x200q80.avif,i n tho i Samsung A71 SI U M NH 8G/128G -SI U P - SI U M T - SI U B N
https://www.lazada.vn/products/pdp-i2142354171.html,SAMSUNG A6PLUS 4G/32G ĐẸP KEENG SIÊU MƯỢT 99%.,0,1200000,Bạc Liêu,https://img.lazcdn.com/g/p/7465d10e41407f3b65e648e4868c044c.jpg_200x200q80.avif,Samsung A6PLUS 4G/32G P KEENG SI U M T 99
https://www.lazada.vn/products/pdp-i2142336136.html,SAMSUNG A30 3G/32G MÁY SIÊU MẠNH CÒN MỚI ĐEP KHÔNG TRẦY XƯỚC,0,1250000,Bạc Liêu,https://img.lazcdn.com/g/p/c9ac5f0332a6637ab8fd933b9288b8e8.jpg_200x200q80.avif,Samsung A30 3G/32G M Y SI U M NH C N M I EP KH NG TR Y X C
https://www.lazada.vn/products/pdp-i2142317384.html,SAMSUNG A20  MÁY SIÊU MẠNH CÒN MỚI ĐEP KHÔNG TRẦY XƯỚC 3G/32G.,0,1200000,Bạc Liêu,https://img.lazcdn.com/g/p/1fbcfb288581892de43ce611aea4b07b.jpg_200x200q80.avif,Samsung A20 M Y SI U M NH C N M I EP KH NG TR Y X C 3G/32G
https://www.lazada.vn/products/pdp-i2142283720.html,SAMSUNG J8  3G/32G. MÁY SIÊU MẠNH CÒN MỚI ĐEP KHÔNG TRẦY XƯỚC,0,1100000,Bạc Liêu,https://img.lazcdn.com/g/p/de9bb61cb65af532063c41051c2fd9ec.jpg_200x200q80.avif,Samsung J8 3G/32G M Y SI U M NH C N M I EP KH NG TR Y X C
https://www.lazada.vn/products/pdp-i2142243303.html,SAMSUNG J7PRO SIÊU MƯỢT ĐẸP KEENG 3G/32G.,0,1400000,Bạc Liêu,https://img.lazcdn.com/g/p/f7fabf6ecb3b2cf2c6c1e424bdec681d.jpg_200x200q80.avif,Samsung J7Pro SI U M T P KEENG 3G/32G
https://www.lazada.vn/products/pdp-i2413012298.html,Điện Thoại Smartphone Xiaomi Redmi Note 4X 3GB/32GB[ Bảo Hành 12 Tháng ],23,2110000,Hồ Chí Minh,https://img.lazcdn.com/g/p/1ebcb1f681b6237d568bc1f0d58d557a.jpg_200x200q80.avif,i n Tho i Smartphone Xiaomi Redmi Note 4X 3GB/32GB B o H nh 12 Th ng
https://www.lazada.vn/products/pdp-i2142238582.html,SAMSUNG J6 LƯỚT WEL CẤU HÌNH MƯỢT SIÊU BỀN ĐẸP KEENG 3G/32G,0,1100000,Bạc Liêu,https://img.lazcdn.com/g/p/affe54a5cd519ba17c1d47ccf1b04c15.jpg_200x200q80.avif,Samsung J6 L T WEL C U H NH M T SI U B N P KEENG 3G/32G
https://www.lazada.vn/products/pdp-i2142215925.html,SAMSUNG A51  6G/128G MÁY SIÊU MẠNH CÒN MỚI ĐEP KHÔNG TRẦY XƯỚC,0,2000000,Bạc Liêu,https://img.lazcdn.com/g/p/91ff6629c1523abdb59e912d98a1d4f7.jpg_200x200q80.avif,Samsung A51 6G/128G M Y SI U M NH C N M I EP KH NG TR Y X C
https://www.lazada.vn/products/pdp-i2142120858.html,SAMSUNG A31  RAM6G/128G MÁY SIÊU MẠNH CÒN MỚI ĐEP KHÔNG TRẦY XƯỚC.,0,1850000,Bạc Liêu,https://img.lazcdn.com/g/p/5ce1c93d3ca9b4a2425d369b59d05fee.jpg_200x200q80.avif,Samsung A31 RAM6G/128G M Y SI U M NH C N M I EP KH NG TR Y X C
https://www.lazada.vn/products/pdp-i2140715701.html,Điện thoại Samsung A7,0,1500000,Bến Tre,https://img.lazcdn.com/g/ff/kf/S039b16c4ec274140ba3571724965bba57.jpg_200x200q80.avif,i n tho i Samsung A7
https://www.lazada.vn/products/pdp-i2140693869.html,Điện thoại Samsung A750,0,1400000,Bến Tre,https://img.lazcdn.com/g/ff/kf/S0133333c51cd4622b5ca7e50996cfd10X.jpg_200x200q80.avif,i n tho i Samsung A750
https://www.lazada.vn/products/pdp-i2137724128.html,"điện thoại giá rẻ Viv0-Y20s 2sim ram 8G rom 256G máy Chính Hãng, màn 6.51'', cày Game nặng siêu mượt đỉnh ,TẶNG SẠC CÁP ỐP LƯNG DÁN MÀN HÌNH ,BẢO HÀNH 12 THÁNG",42,1300000,Hồ Chí Minh,https://img.lazcdn.com/g/p/456584362ec4c4dc4ef235a0dc8e3708.jpg_200x200q80.avif,i n tho i gi r Vivo -Y20s 2sim ram 8G rom 256G m y Ch nh H ng m n 6 51 c y Game n ng si u m t nh T NG S C C P P L NG D N M N H NH B O H NH 12 TH NG
https://www.lazada.vn/products/pdp-i2137678614.html,"( TRỢ GIÁ SIÊU RẺ ) điện thoại VIV0,, Y20S RAM 8/256GB 2sim Chính Hãng màn hình to, Camera siêu đẹp, cấu hình khủng, Cày Game nặng siêu mượt mà.BẢO HÀNH 12 THÁNG ,TẶNG SẠC CÁP ỐP LƯNG",45,1290000,Hồ Chí Minh,https://img.lazcdn.com/g/p/c690c8f39d4ef42c4426dab56261cc36.jpg_200x200q80.avif,TR GI SI U R i n tho i Vivo Y20S RAM 8/256GB 2sim Ch nh H ng m n h nh to Camera si u p c u h nh kh ng C y Game n ng si u m t m B O H NH 12 TH NG T NG S C C P P L NG
https://www.lazada.vn/products/pdp-i2137641240.html,"""điện thoại chính hãng giá rẻ -A5s ( OppoA5s ) 2sim ram 6G/128G Chính Hãng, Máy mới nguyên sill , Cày Game nặng siêu mượt, full mọi chức năng ,tặng sạc cáp ốp lưng ,bảo hành 12 tháng",44,1100000,Hồ Chí Minh,https://img.lazcdn.com/g/p/f384815341ac1cd374d993984ee276ff.jpg_200x200q80.avif,i n tho i ch nh h ng gi r -A5s OPPO A5s 2sim ram 6G/128G Ch nh H ng M y m i nguy n sill C y Game n ng si u m t full m i ch c n ng t ng s c c p p l ng b o h nh 12 th ng
https://www.lazada.vn/products/pdp-i2137623109.html,"""điện thoại chính hãng giá rẻ 0pp0-A5s ( Điện thoại A5S ) 2sim ram 6G/128G Chính Hãng, Cày Game nặng siêu mượt, full mọi chức năng ,tặng sạc cáp ốp lưng ,bảo hành 12 tháng",47,610000,Hồ Chí Minh,https://img.lazcdn.com/g/p/f384815341ac1cd374d993984ee276ff.jpg_200x200q80.avif,i n tho i ch nh h ng gi r OPPO -A5s i n tho i A5S 2sim ram 6G/128G Ch nh H ng C y Game n ng si u m t full m i ch c n ng t ng s c c p p l ng b o h nh 12 th ng
https://www.lazada.vn/products/pdp-i2137537853.html,"Điện thoại chính hãng giá rẻ 0ppo-F112sim ram 8G/256G, Chiến PUBG/Liên Quân Quá Chất, Bảo hành 12 tháng,TẶNG SẠC CÁP ỐP LƯNG ,CƯỜNG LỰC MÀN HÌNH",47,1189000,Hồ Chí Minh,https://img.lazcdn.com/g/p/eeeedf565e2bcb047789d21e5affdf2c.jpg_200x200q80.avif,i n tho i ch nh h ng gi r 0ppo-F112sim ram 8G/256G Chi n PUBG/Li n Qu n Qu Ch t B o h nh 12 th ng T NG S C C P P L NG C NG L C M N H NH
https://www.lazada.vn/products/pdp-i2137529956.html,Điện Thoại Samsung Galaxy S21 Ultra 5G 2 sim 12/128GB/256GB Chip Snapdragon 888 mạnh mẽ | Kèm sạc Zin tại Playmobile,13,9590000,Hà Nội,https://img.lazcdn.com/g/p/10d9fc6c4a013ea66d57975b118ed423.jpg_200x200q80.avif,i n Tho i Samsung Galaxy S21 Ultra 5G 2 sim 12/128GB/256GB Chip Snapdragon 888 m nh m K m s c Zin t i Playmobile
https://www.lazada.vn/products/pdp-i2137516907.html,"điện thoại giá rẻ A3s ( 0ppo-A3s.) 2sim ram 6G/128G Chính Hãng, Cày Game nặng siêu mượt, Bảo hành 12 tháng ,tặng sạc cáp ốp lưng dán màn hình",33,839000,Hồ Chí Minh,https://img.lazcdn.com/g/p/091e367631553943dd6b93ea8c7eb3bd.jpg_200x200q80.avif,i n tho i gi r A3s 0ppo-A3s 2sim ram 6G/128G Ch nh H ng C y Game n ng si u m t B o h nh 12 th ng t ng s c c p p l ng d n m n h nh
https://www.lazada.vn/products/pdp-i2137502833.html,"(Chính Hãng) điện thoại giá rẻ 0PP0- F11 2sim ram 8G/256G máy Chính Hãng 0PPO, Cấu hình Cao khủng, Chiến mọi game nặng siêu mượt, Bảo hành 12 tháng",38,1200000,Hồ Chí Minh,https://img.lazcdn.com/g/p/6533508ed1dd9fdb19b94364ed7e6691.jpg_200x200q80.avif,Ch nh H ng i n tho i gi r OPPO - F11 2sim ram 8G/256G m y Ch nh H ng 0PPO C u h nh Cao kh ng Chi n m i game n ng si u m t B o h nh 12 th ng
https://www.lazada.vn/products/pdp-i2137370641.html,"điện thoại giá rẻ cho học sinh SAMSUNG GALAXY J7 PRIME 2sim ram 3G/32G - máy mới , Chơi PUBG/Liên Quân/ Free Fire đỉnh",44,699000,Hồ Chí Minh,https://img.lazcdn.com/g/p/dc93f41046e9dce94d02969718475035.jpg_200x200q80.avif,i n tho i gi r cho h c sinh Samsung GALAXY J7 PRIME 2sim ram 3G/32G - m y m i Ch i PUBG/Li n Qu n/ Free Fire nh
https://www.lazada.vn/products/pdp-i2135365196.html,Điện thoại Samsung A7,0,1600000,Bến Tre,https://img.lazcdn.com/g/ff/kf/S391031a75a0a4db3aa853b5ebea1e100z.jpg_200x200q80.avif,i n tho i Samsung A7
https://www.lazada.vn/products/pdp-i2132188199.html,Combo 15 sim Vietnamobile hạn 1 tháng,0,240000,Hồ Chí Minh,https://img.lazcdn.com/g/ff/kf/Sca0995de72d34911b895f63f064d96b4E.jpg_200x200q80.avif,Combo 15 sim Vietnamobile h n 1 th ng
https://www.lazada.vn/products/pdp-i2132055885.html,Combo 10 sim Vietnamobile hạn 1 tháng,0,150000,Hồ Chí Minh,https://img.lazcdn.com/g/ff/kf/S9d20323887f8459fa54d8a1e310e1b68h.jpg_200x200q80.avif,Combo 10 sim Vietnamobile h n 1 th ng
https://www.lazada.vn/products/pdp-i2128884132.html,Điện thoại Samsung A710,0,1600000,Bến Tre,https://img.lazcdn.com/g/ff/kf/Sc999f6e2b301457e888e9574d774d50cp.jpg_200x200q80.avif,i n tho i Samsung A710
https://www.lazada.vn/products/pdp-i2126096239.html,điện thoại Samsung A710,0,1550000,Bến Tre,https://img.lazcdn.com/g/ff/kf/Sc7dcc508149a4394b4c31434226e4ef6N.jpg_200x200q80.avif,i n tho i Samsung A710
https://www.lazada.vn/products/pdp-i2124594764.html,điện thoại Samsung j7 pro,0,1550000,Bến Tre,https://img.lazcdn.com/g/ff/kf/S7962142d7d774d879c0d6814e3bc81b0k.jpg_200x200q80.avif,i n tho i Samsung j7 Pro
https://www.lazada.vn/products/pdp-i2119763632.html,Apple iPhone 14 128GB Chính hãng (VN/A),29,17810000,Hồ Chí Minh,https://img.lazcdn.com/g/p/4f7eee08b9672c83e2b20368352cd12e.jpg_200x200q80.avif,Apple iPhone 14 128GB Ch nh h ng VN/A
https://www.lazada.vn/products/pdp-i2118911156.html,SAMSUNG J7PRIIME ĐẸP KEENG  RAM 3G/32G -SIÊU ĐẸP - SIÊU MƯỢT - SIÊU BỀN.,0,999000,Bạc Liêu,https://img.lazcdn.com/g/p/4a0d7798ae574b267a65087b97fa4231.jpg_200x200q80.avif,Samsung J7PRIIME P KEENG RAM 3G/32G -SI U P - SI U M T - SI U B N
https://www.lazada.vn/products/pdp-i2117697681.html,Điện thoại Samsung Galaxy A750,0,1700000,Bến Tre,https://img.lazcdn.com/g/ff/kf/S4c9935e4f5cc44adb8cec0840d47a946b.jpg_200x200q80.avif,i n tho i Samsung Galaxy A750
https://www.lazada.vn/products/pdp-i2105330640.html,Điện Thoại Smartphone Điện Thoại Smartphone Samsung M52 5G Xanh - Hậu Mãi Tốt,17,5999100,Hồ Chí Minh,https://img.lazcdn.com/g/p/79958e12342b54e4c6a2a566778d524e.jpg_200x200q80.avif,i n Tho i Smartphone i n Tho i Smartphone Samsung M52 5G Xanh - H u Ma i T t
https://www.lazada.vn/products/pdp-i2104895563.html,"CHÍNH HÃNG] Điện thoại Samsung Galaxy A03 Core, A03s",0,1750000,Hà Nội,https://img.lazcdn.com/g/ff/kf/S0e7f0144c5864d03aba7a02f3bdc13785.jpg_200x200q80.avif,CH NH H NG i n tho i Samsung Galaxy A03 Core A03s
https://www.lazada.vn/products/pdp-i2103596371.html,Điện thoại Samsung A6plus ram 4G,0,1200000,Bến Tre,https://img.lazcdn.com/g/ff/kf/S5ad3ed5b501c4b50b9b838010a68cbd36.jpg_200x200q80.avif,i n tho i Samsung A6plus ram 4G
https://www.lazada.vn/products/pdp-i2103523738.html,điện thoại Samsung j7 plus Ram 4G,0,1400000,Bến Tre,https://img.lazcdn.com/g/ff/kf/Sdf96599931bb4ebe80a37f255a2cec24I.jpg_200x200q80.avif,i n tho i Samsung j7 plus Ram 4G
https://www.lazada.vn/products/pdp-i2103293914.html,Điện thoại Samsung j7 pro,0,1500000,Bến Tre,https://img.lazcdn.com/g/ff/kf/Sf2944f6564454bcb953309a6de71d760k.jpg_200x200q80.avif,i n tho i Samsung j7 Pro
https://www.lazada.vn/products/pdp-i2101782504.html,"Điện Thoại Samsung Galaxy S22 5G 2 sim Mới Không Hộp , Mỹ chính hãng 8/128GB Snapdragon 8 Gen 1 | Kèm phụ kiện tại Playmobile",0,8190000,Hà Nội,https://img.lazcdn.com/g/p/ee2a7702445486e1328f51970ff0125d.jpg_200x200q80.avif,i n Tho i Samsung Galaxy S22 5G 2 sim M i Kh ng H p M ch nh h ng 8/128GB Snapdragon 8 Gen 1 K m ph ki n t i Playmobile
https://www.lazada.vn/products/pdp-i2098612568.html,"TRỢ GIÁ , ""điện thoại chính hãng giá rẻ Samsung galaxy A71 2sim ram 8G/128G Chính Hãng, Cày Game nặng siêu mượt, full mọi chức năng ,tặng sạc cáp ốp lưng ,bảo hành 12 tháng",50,726000,Hồ Chí Minh,https://img.lazcdn.com/g/p/5f70500e64bacac4fa14ac9246d1c573.jpg_200x200q80.avif,TR GI i n tho i ch nh h ng gi r Samsung galaxy A71 2sim ram 8G/128G Ch nh H ng C y Game n ng si u m t full m i ch c n ng t ng s c c p p l ng b o h nh 12 th ng
https://www.lazada.vn/products/pdp-i2098375993.html,"Điện Thoại Xiaomi Redmi K40 - RAM 6-128GB 8-128GB likenew [Giá rẻ ,BH 3 tháng, tặng kèm ốp lưng, cường lực]",0,3890000,Hà Nội,https://img.lazcdn.com/g/p/11aef1d44b22057a620bf355360ac8e0.jpg_200x200q80.avif,i n Tho i Xiaomi Redmi K40 - RAM 6-128GB 8-128GB likenew Gi r BH 3 th ng t ng k m p l ng c ng l c
https://www.lazada.vn/products/pdp-i2097362432.html,Điện thoại Samsung j7 pro,0,1550000,Bến Tre,https://img.lazcdn.com/g/ff/kf/S3beda632bf824178b99f9f6ec5b1eef83.jpg_200x200q80.avif,i n tho i Samsung j7 Pro
https://www.lazada.vn/products/pdp-i2097260764.html,Điện thoại Samsung j7 pro-Ram 3G,0,1550000,Bến Tre,https://img.lazcdn.com/g/ff/kf/S1e25b8f1502248529535efe874b886ded.jpg_200x200q80.avif,i n tho i Samsung j7 Pro -Ram 3G
https://www.lazada.vn/products/pdp-i2096304697.html,Điện thoại Samsung j7 prime,0,870000,Bến Tre,https://img.lazcdn.com/g/ff/kf/S07e45c613ccc4290b73865171fff9eedA.jpg_200x200q80.avif,i n tho i Samsung j7 prime
https://www.lazada.vn/products/pdp-i2095469474.html,"Điện thoại Xiaomi Redmi Note 12 pro, Dimensity 1080 6nm, pin 5000mAh - sạc 67W",28,5050000,Vĩnh Phúc,https://img.lazcdn.com/g/ff/kf/Se833ad92ba684daaaedc3322e2690d34t.jpg_200x200q80.avif,i n tho i Xiaomi Redmi Note 12 Pro Dimensity 1080 6nm pin 5000mAh - s c 67W
https://www.lazada.vn/products/pdp-i2092505132.html,Điện Thoại Samsung Galaxy S22 Ultra 5G Mỹ 2 sim Chính Hãng | Snapdragon 8 Gen 1 Tại Playmobile,0,12290000,Hà Nội,https://img.lazcdn.com/g/p/386e1de295a3f5247348fc6079397157.jpg_200x200q80.avif,i n Tho i Samsung Galaxy S22 Ultra 5G M 2 sim Ch nh H ng Snapdragon 8 Gen 1 T i Playmobile
https://www.lazada.vn/products/pdp-i2092387605.html,"Điện thoại Samsung Galaxy S21 5G Mỹ 2 sim chính hãng , 8/128GB +256GB Snapdragon 888 , Tặng kèm Sạc 25w Tại Playmobile",0,6290000,Hà Nội,https://img.lazcdn.com/g/p/5f99722b77df33bfc0852774e97ec282.jpg_200x200q80.avif,i n tho i Samsung Galaxy S21 5G M 2 sim ch nh h ng 8/128GB +256GB Snapdragon 888 T ng k m S c 25w T i Playmobile
https://www.lazada.vn/products/pdp-i2081531055.html,Điện thoại Samsung j7 prime Ram 3G,0,825000,Bến Tre,https://img.lazcdn.com/g/ff/kf/S82bf0b25431c4c12bf8a45d2113c20e5F.jpg_200x200q80.avif,i n tho i Samsung j7 prime Ram 3G
https://www.lazada.vn/products/pdp-i2081377713.html,Điện thoại Samsung j7 prime,0,750000,Bến Tre,https://img.lazcdn.com/g/ff/kf/S92fe95ed9985459b8b1654ee7ef819a0j.jpg_200x200q80.avif,i n tho i Samsung j7 prime
https://www.lazada.vn/products/pdp-i2080618421.html,Điện thoại Xiaomi Redmi K30 4G màn 6.67 inch 120Hz - Snap 730G ram 8G 128G,28,2098000,Nghệ An,https://img.lazcdn.com/g/p/ad7df5214dd761d326664118503b1650.jpg_200x200q80.avif,i n tho i Xiaomi Redmi K30 4G m n 6 67 inch 120Hz - Snap 730G ram 8G 128G
https://www.lazada.vn/products/pdp-i2078556273.html,Điện thoại Samsung Galaxy A04s Ram4G/64G chính hãng bảo hành 12 Tháng,42,2097400,Bắc Ninh,https://img.lazcdn.com/g/p/6abd269b04b9c250e93bc1708f938cc8.jpg_200x200q80.avif,i n tho i Samsung Galaxy A04s Ram4G/64G ch nh h ng b o h nh 12 Th ng
https://www.lazada.vn/products/pdp-i2078536066.html,Điện thoại Xiaomi Redmi A1 chính hãng bảo hành 12T Toàn quốc,44,1926200,Bắc Ninh,https://img.lazcdn.com/g/p/e462d5be62d6480ee21167ba6a460fda.jpg_200x200q80.avif,i n tho i Xiaomi Redmi A1 ch nh h ng b o h nh 12T To n qu c
https://www.lazada.vn/products/pdp-i2070234364.html,SAMSUNG A51 RAM 6G/128G SIÊU MẠNH-SIÊU ĐẸP - SIÊU MƯỢT - SIÊU BỀN.,0,2050000,Bạc Liêu,https://img.lazcdn.com/g/p/91ff6629c1523abdb59e912d98a1d4f7.jpg_200x200q80.avif,Samsung A51 RAM 6G/128G SI U M NH-SI U P - SI U M T - SI U B N
https://www.lazada.vn/products/pdp-i2068475203.html,Điện thoại Google Pixel 6A Ram 6/128 Nguyên Zin,0,4785000,Hồ Chí Minh,https://img.lazcdn.com/g/p/5440d2f9837a9a7667788c10cc6cd9b5.jpg_200x200q80.avif,i n tho i Google Pixel 6A Ram 6/128 Nguy n Zin
https://www.lazada.vn/products/pdp-i2067789884.html,"Điện thoại Xiaomi Redmi 9A (2GB/32GB) - Hàng Chính Hãng, Mới 100%, Nguyên Seal | Bảo hành 12 tháng GZ25",24,2290000,Hồ Chí Minh,https://img.lazcdn.com/g/p/65eda9af1b4cce54bd7bd5fd79a71c73.jpg_200x200q80.avif,i n tho i Xiaomi Redmi 9A 2GB/32GB - H ng Ch nh H ng M i 100 Nguy n Seal B o h nh 12 th ng GZ25
https://www.lazada.vn/products/pdp-i2066895310.html,Điện thoại Samsung j6,0,1500000,Bến Tre,https://img.lazcdn.com/g/ff/kf/S775cc01e8f194aa8b3363cf176759f88g.jpg_200x200q80.avif,i n tho i Samsung j6
https://www.lazada.vn/products/pdp-i2066403671.html,điện thoại Samsung j6 màu vàng gold  Ram 3G,0,1500000,Bến Tre,https://img.lazcdn.com/g/ff/kf/S83dc4cef1bd04cf3960514935ec1219ec.jpg_200x200q80.avif,i n tho i Samsung j6 m u v ng gold Ram 3G
https://www.lazada.vn/products/pdp-i2064097831.html,"Điện thoại Xiaomi Redmi Note 10T 5G (4GB/64GB) ,Màn 90HZ,Chống Nước IP68, Sạc Nhanh 18W , Mới Nguyên Seal - Hàng Nhập Khẩu - Bản quốc tế",32,2699000,Nghệ An,https://img.lazcdn.com/g/p/bbf1f9981e81a85eccb6b7371fc6912a.jpg_200x200q80.avif,i n tho i Xiaomi Redmi Note 10T 5G 4GB/64GB M n 90HZ Ch ng N c IP68 S c Nhanh 18W M i Nguy n Seal - H ng Nh p Kh u - B n qu c t
https://www.lazada.vn/products/pdp-i2063280553.html,"Điện Thoại Samsung Galaxy A04s (4GB/64GB) - Hàng Chính Hãng, Mới 100%, Nguyên Seal | Bảo hành 12 tháng. Tặng kèm dán cường lực",6,3650000,Hà Nội,https://img.lazcdn.com/g/p/f8d436b24eb42ffa04174658b0ee6e63.jpg_200x200q80.avif,i n Tho i Samsung Galaxy A04s 4GB/64GB - H ng Ch nh H ng M i 100 Nguy n Seal B o h nh 12 th ng T ng k m d n c ng l c
https://www.lazada.vn/products/pdp-i2061978946.html,Điện thoại Samsung Galaxy A33 5G (6GB/128GB) - Hàng Chính Hãng,32,4990000,Hồ Chí Minh,https://img.lazcdn.com/g/p/39ccf2bff5b55ca0965b1e0fd370f209.jpg_200x200q80.avif,i n tho i Samsung Galaxy A33 5G 6GB/128GB - H ng Ch nh H ng
https://www.lazada.vn/products/pdp-i2055942742.html,Điện thoại Xiaomi Redmi Note 8 Pro ROM Quốc tế - Helio G90T ram 6G 128G,13,1748000,Nghệ An,https://img.lazcdn.com/g/p/b2ca47ab1970297ac9605c8eb50f1b5a.jpg_200x200q80.avif,i n tho i Xiaomi Redmi Note 8 Pro ROM Qu c t - Helio G90T ram 6G 128G
https://www.lazada.vn/products/pdp-i2050022619.html,điện thoại Samsung A750,0,1200000,Bến Tre,https://img.lazcdn.com/g/ff/kf/Sb7e00f0ffb894c19b78de04900ab5702I.jpg_200x200q80.avif,i n tho i Samsung A750
https://www.lazada.vn/products/pdp-i2046017072.html,Điện thoại Meizu Pro 7 có 2 màn hình Amoled - Helio P25 ram 4G 64G,44,898000,Nghệ An,https://img.lazcdn.com/g/p/8339247690f7e1e8cac5437a0d20b6ba.jpg_200x200q80.avif,i n tho i Meizu Pro 7 c 2 m n h nh Amoled - Helio P25 ram 4G 64G
https://www.lazada.vn/products/pdp-i2044456109.html,samsung a50s  99%. MÁY ĐẸP KEENG SIÊU MƯỢT.,0,1700000,Bạc Liêu,https://img.lazcdn.com/g/p/fe665b3a82844be750ee705521b72038.jpg_200x200q80.avif,Samsung a50s 99 M Y P KEENG SI U M T
https://www.lazada.vn/products/pdp-i2044337671.html,samsung a30s 4G/64G -SIÊU ĐẸP - SIÊU MƯỢT - SIÊU BỀN.,0,1650000,Bạc Liêu,https://img.lazcdn.com/g/p/69cb319322fcf76484c5af7ac143cf62.jpg_200x200q80.avif,Samsung a30s 4G/64G -SI U P - SI U M T - SI U B N
https://www.lazada.vn/products/pdp-i2041721158.html,"Điện thoại Xiaomi Note 11 pro 5G, Chip Dimensity 920, Pin 5160mAh, sạc 67W",25,3890000,Vĩnh Phúc,https://img.lazcdn.com/g/ff/kf/S49104b81c9b44585bed937bee6a74b59Y.jpg_200x200q80.avif,i n tho i Xiaomi Note 11 Pro 5G Chip Dimensity 920 Pin 5160mAh s c 67W
https://www.lazada.vn/products/pdp-i2041700426.html,"Điện thoại Xiaomi Redmi K40 Gaming, Dimensity 1200, Fullbox",18,5150000,Vĩnh Phúc,https://img.lazcdn.com/g/ff/kf/S8bfa9ce02bdb40d19ae0a142523f868eK.jpg_200x200q80.avif,i n tho i Xiaomi Redmi K40 Gaming Dimensity 1200 Fullbox
https://www.lazada.vn/products/pdp-i2041306458.html,Điện thoại Galaxy S20 FE (6GB/128GB) Mỹ Zin Đẹp 99% - Bảo Hành 6 Tháng 1 Đổi 1,41,3850000,Hà Nội,https://img.lazcdn.com/g/p/f46c39aabe79b74587e184e8f7bda60f.jpg_200x200q80.avif,i n tho i Galaxy S20 FE 6GB/128GB M Zin p 99 - B o H nh 6 Th ng 1 i 1
https://www.lazada.vn/products/pdp-i2040810551.html,Điện thoại Samsung j5 prime,0,880000,Bến Tre,https://img.lazcdn.com/g/ff/kf/S4dcdc8e9f38c4e56ab71bf7db68519b94.jpg_200x200q80.avif,i n tho i Samsung j5 prime
https://www.lazada.vn/products/pdp-i2040560946.html,Điện thoại Samsung j5 prime,0,900000,Bến Tre,https://img.lazcdn.com/g/ff/kf/S27b6c34e3daf496bb137370dd7c881f3v.jpg_200x200q80.avif,i n tho i Samsung j5 prime
https://www.lazada.vn/products/pdp-i2027575581.html,samsung j8 3g/32g MÁY ĐẸP KEENG KHÔNG TRẦY XƯỚC SIÊU MƯỢT SIÊU BỀN.,0,1100000,Bạc Liêu,https://img.lazcdn.com/g/ff/kf/S3a8e9b07c77c43769576149b0650ed1fJ.jpg_200x200q80.avif,Samsung j8 3g/32g M Y P KEENG KH NG TR Y X C SI U M T SI U B N
https://www.lazada.vn/products/pdp-i2027521673.html,Điện thoại SAMSUNG NOTE 9 MÁY ĐẸP CHƠI GAME LƯỚT WEB SIÊU MẠNH 6G/128G.,0,2900000,Bạc Liêu,https://img.lazcdn.com/g/p/4d296b2a859236cb9b451b396273181b.jpg_200x200q80.avif,i n tho i Samsung NOTE 9 M Y P CH I GAME L T WEB SI U M NH 6G/128G
https://www.lazada.vn/products/pdp-i2018265056.html,iPhone 14 - Hàng Chính Hãng VN/A,48,12990000,Hồ Chí Minh,https://img.lazcdn.com/g/p/d3fd98045274de44857f5393ea945bf7.png_200x200q80.avif,iPhone 14 - H ng Ch nh H ng VN/A
https://www.lazada.vn/products/pdp-i2018121695.html,"&lt; GIẢM GIÁ HÓT &gt; ""điện thoại chính hãng giá rẻ Samsung galaxy A10 ( Samsung a10 ) 2sim ram 2G/16G Chính Hãng, Cày Game nặng siêu mượt, full mọi chức năng ,tặng sạc cáp ốp lưng ,bảo hành 12 tháng",42,720000,Hồ Chí Minh,https://img.lazcdn.com/g/p/16f63882f054f620e37ea92c5a07e594.jpg_200x200q80.avif,lt GI M GI H T gt i n tho i ch nh h ng gi r Samsung galaxy A10 Samsung a10 2sim ram 2G/16G Ch nh H ng C y Game n ng si u m t full m i ch c n ng t ng s c c p p l ng b o h nh 12 th ng
https://www.lazada.vn/products/pdp-i2004136058.html,Điện Thoại Samsung Galaxy Z Fold 4 5G - Hàng Chính Hãng - Nguyên Seal,0,37990000,Hồ Chí Minh,https://img.lazcdn.com/g/p/16a1fab199f9ce3f21b0b2da84157764.jpg_200x200q80.avif,i n Tho i Samsung Galaxy Z Fold 4 5G - H ng Ch nh H ng - Nguy n Seal
https://www.lazada.vn/products/pdp-i2004043112.html,[SALE SỐC - TẶNG ỐP XỊN] Điện Thoại REDMI NOTE 11T Pro 5G 6/128Gb,0,4990000,Hà Tĩnh,https://img.lazcdn.com/g/ff/kf/Sae5eebf18a444507ac70c73db95df5c5V.jpg_200x200q80.avif,SALE S C - T NG P X N i n Tho i REDMI NOTE 11T Pro 5G 6/128Gb
https://www.lazada.vn/products/pdp-i1998709933.html,"điện thoại giá rẻ Ốp pô -A3s ( OppoA3s ) 2sim ram 6G/128G Chính Hãng, Cày Game nặng siêu mượt phụ kiện ốp lưng cục sạc",0,1150000,Hồ Chí Minh,https://img.lazcdn.com/g/ff/kf/S6ee01e77dba14ef88f82b7864c09d283s.jpg_200x200q80.avif,i n tho i gi r p p -A3s OPPO A3s 2sim ram 6G/128G Ch nh H ng C y Game n ng si u m t ph ki n p l ng c c s c
https://www.lazada.vn/products/pdp-i1996581661.html,Điện thoại giá rẻ cho học sinh A37,18,489000,Bạc Liêu,https://img.lazcdn.com/g/p/65b47ff16a11957cbb4b80128d1d4fb7.jpg_200x200q80.avif,i n tho i gi r cho h c sinh A37
https://www.lazada.vn/products/pdp-i1984184108.html,Điện thoại Samsung Galaxy A03 ( 3GB/32GB - 4GB/64GB ) Unisoc T606 - Hàng Chính Hãng,0,2990000,Hồ Chí Minh,https://img.lazcdn.com/g/p/923603c7a2686dd312758a167e528d77.jpg_200x200q80.avif,i n tho i Samsung Galaxy A03 3GB/32GB - 4GB/64GB Unisoc T606 - H ng Ch nh H ng
https://www.lazada.vn/products/pdp-i1979710079.html,Điện Thoại Samsung Galaxy A33 ( 6GB/128GB | 8GB/128GB ) - Hàng Chính Hãng,0,8490000,Hồ Chí Minh,https://img.lazcdn.com/g/p/8016acb5daa4710483447d37c33410bc.jpg_200x200q80.avif,i n Tho i Samsung Galaxy A33 6GB/128GB 8GB/128GB - H ng Ch nh H ng
https://www.lazada.vn/products/pdp-i1962573174.html,Điện Thoại SamSung Galaxy A73 5G ( 8GB/128GB - 8GB/256GB ) - Hàng Chính Hãng,0,11990000,Hồ Chí Minh,https://img.lazcdn.com/g/p/6ce24d43613887ab429da9120ce9cf49.png_200x200q80.avif,i n Tho i Samsung Galaxy A73 5G 8GB/128GB - 8GB/256GB - H ng Ch nh H ng
https://www.lazada.vn/products/pdp-i1958921554.html,Điện thoại thông minh Samsung Galaxy S24 Ultra,11,27490000,Hà Nội,https://img.lazcdn.com/g/p/fcc5690bbc78e2b8d83759f1805eb704.jpg_200x200q80.avif,i n tho i th ng minh Samsung Galaxy S24 Ultra
https://www.lazada.vn/products/pdp-i1950720247.html,Điện thoại Samsung Galaxy S24 Ultra 5G 12/512GB - Hàng Chính Hãng - Nguyên Seal,26,24990000,Đà Nẵng,https://img.lazcdn.com/g/p/c984255ac6f770da6dc274a9a961be2f.jpg_200x200q80.avif,i n tho i Samsung Galaxy S24 Ultra 5G 12/512GB - H ng Ch nh H ng - Nguy n Seal
https://www.lazada.vn/products/pdp-i1949699012.html,Điện thoại Samsung Galaxy A32 Ram 8G/128G chính hãng Bảo hành 12 Tháng,32,4850000,Bắc Ninh,https://img.lazcdn.com/g/p/b897835997cb20a00eb74a5b892f54da.jpg_200x200q80.avif,i n tho i Samsung Galaxy A32 Ram 8G/128G ch nh h ng B o h nh 12 Th ng
https://www.lazada.vn/products/pdp-i1949671892.html,Điện thoại Samsung Galaxy A23 5G Ram 4G/128 chính hãng Bảo hành 12 Tháng,26,4355100,Bắc Ninh,https://img.lazcdn.com/g/p/d8bab14e9bf00acd4f7a06d3c14857b6.png_200x200q80.avif,i n tho i Samsung Galaxy A23 5G Ram 4G/128 ch nh h ng B o h nh 12 Th ng
https://www.lazada.vn/products/pdp-i1949660917.html,Điện thoại Samsung Galaxy A13 Ram 4G/128G  - Hàng chính hãng Bảo Hành 12 Tháng,31,3295800,Bắc Ninh,https://img.lazcdn.com/g/p/682814f1ca4c5c85b4b83e0e66ac689e.png_200x200q80.avif,i n tho i Samsung Galaxy A13 Ram 4G/128G - H ng ch nh h ng B o H nh 12 Th ng
https://www.lazada.vn/products/pdp-i1949659877.html,Điện thoại Samsung Galaxy A12  Ram 4G/128G chính hãng bảo hành 12 Tháng,35,3550000,Bắc Ninh,https://img.lazcdn.com/g/p/f1827ba502df0a56e0efc0dcecba8bdd.jpg_200x200q80.avif,i n tho i Samsung Galaxy A12 Ram 4G/128G ch nh h ng b o h nh 12 Th ng
https://www.lazada.vn/products/pdp-i1947387148.html,xác điện thoại Samsung A3 core prime G630,0,190000,Bến Tre,https://img.lazcdn.com/g/ff/kf/Sa379dc4ddcf5486c9fa77c7e59ff418ej.jpg_200x200q80.avif,x c i n tho i Samsung A3 core prime G630
https://www.lazada.vn/products/pdp-i1937463988.html,Điện thoại Google Pixel 6 Pro / 6pro Nguyên Zin Ram 12Gb Chip Google Tensor,0,7090000,Hồ Chí Minh,https://img.lazcdn.com/g/p/aa562561bac637adf145e4adaaa6a5b4.jpg_200x200q80.avif,i n tho i Google Pixel 6 Pro / 6Pro Nguy n Zin Ram 12Gb Chip Google Tensor
https://www.lazada.vn/products/pdp-i1911885355.html,"Điện thoại Xiaomi Redmi Note 10 JE 4GB/64GB, Chip Snap 480,Màn 90HZ,Chống Nước IP68, Sạc Nhanh 18W , Mới 100% - Hàng Nhập Khẩu - Bản quốc tế",28,2599000,Nghệ An,https://img.lazcdn.com/g/p/d4e912391bbe656b87678b027b30985a.jpg_200x200q80.avif,i n tho i Xiaomi Redmi Note 10 JE 4GB/64GB Chip Snap 480 M n 90HZ Ch ng N c IP68 S c Nhanh 18W M i 100 - H ng Nh p Kh u - B n qu c t
https://www.lazada.vn/products/pdp-i1902919314.html,"Điện thoại Samsung Galaxy Note 20 5G (8GB/256GB) bản Mỹ 2 sim, chip Snapdragon 865, đủ các màu hot - BH 6 tháng full máy",30,6270000,Hà Nội,https://img.lazcdn.com/g/p/ac7784c3efc143d6cf9a0e29e318928d.jpg_200x200q80.avif,i n tho i Samsung Galaxy Note 20 5G 8GB/256GB b n M 2 sim chip Snapdragon 865 c c m u hot - BH 6 th ng full m y
https://www.lazada.vn/products/pdp-i1900445230.html,SAMSUNG E1200,0,200000,Hồ Chí Minh,https://img.lazcdn.com/g/p/40168be797a5d648cf4fafb605b68e42.jpg_200x200q80.avif,Samsung E1200
https://www.lazada.vn/products/pdp-i1893259220.html,Điện thoại Samsung Galaxy S22 Ultra 5G New Seal Fullbox chính hãng ( Snapdragon Gen1/ 128GB/256GB/512GB )- tại Bmobile,29,11999000,Hà Nội,https://img.lazcdn.com/g/p/f2bd15229e3cf523f5ca1a14f2a4b261.jpg_200x200q80.avif,i n tho i Samsung Galaxy S22 Ultra 5G New Seal Fullbox ch nh h ng Snapdragon Gen1/ 128GB/256GB/512GB - t i Bmobile
https://www.lazada.vn/products/pdp-i1888058648.html,Điện Thoại Samsung Galaxy A73 5G (8GB/128GB) - Hàng Chính Hãng,25,8990000,Hồ Chí Minh,https://img.lazcdn.com/g/p/63b4553bcd9859cf5add6987402f6717.jpg_200x200q80.avif,i n Tho i Samsung Galaxy A73 5G 8GB/128GB - H ng Ch nh H ng
https://www.lazada.vn/products/pdp-i1885820119.html,Điện Thoại Samsung Galaxy S21 Ultra 5G Mỹ Snapdragon 888 2 sim 12/128GB Màn 120HZ  Zin đẹp || Kèm Phụ kiện ||  Playmobile,11,9590000,Hà Nội,https://img.lazcdn.com/g/p/d528dc4a21e5fe0aaa676970f9877827.jpg_200x200q80.avif,i n Tho i Samsung Galaxy S21 Ultra 5G M Snapdragon 888 2 sim 12/128GB M n 120HZ Zin p K m Ph ki n Playmobile
https://www.lazada.vn/products/pdp-i1877684727.html,Điện Thoại Kyocera G04 - CHỐNG NƯỚC - VA ĐẬP - SIÊU PHẨM,0,1690000,Hà Nội,https://img.lazcdn.com/g/p/754d2b2188e2480acb81bc27178bb594.jpg_200x200q80.avif,i n Tho i Kyocera G04 - CH NG N C - VA P - SI U PH M
https://www.lazada.vn/products/pdp-i1875374124.html,Điện thoại Meizu M1E (Meizu E) màn 5.5 - Helio P10 ram 3G 32G,46,488000,Nghệ An,https://img.lazcdn.com/g/p/45ff16f4d3184cfe1155f33b6184f091.jpg_200x200q80.avif,i n tho i Meizu M1E Meizu E m n 5 5 - Helio P10 ram 3G 32G
https://www.lazada.vn/products/pdp-i1872014308.html,Samsung E2530,0,500000,Hồ Chí Minh,https://img.lazcdn.com/g/p/350fd5b74584218031e53a86fdca6ea9.jpg_200x200q80.avif,Samsung E2530
https://www.lazada.vn/products/pdp-i1865005339.html,Điện thoại Samsung Galaxy note 4 Ram 3G,0,970000,Bến Tre,https://img.lazcdn.com/g/ff/kf/Sd34b8f39084a432ab6c21fa241e690d6v.jpg_200x200q80.avif,i n tho i Samsung Galaxy note 4 Ram 3G
https://www.lazada.vn/products/pdp-i1863570232.html,Điện thoại Samsung j7 prime,0,850000,Bến Tre,https://img.lazcdn.com/g/ff/kf/Seee01b72f3aa410f860548441464d1fc9.jpg_200x200q80.avif,i n tho i Samsung j7 prime
https://www.lazada.vn/products/pdp-i1862174819.html,"Điện Thoại Google Pixel 6, Ram 8/128/256GB 2 Sim Quốc Tế Likenew 99% Sonpixel",45,5160000,Hà Nội,https://img.lazcdn.com/g/p/73eb740c5912829a661cc6e0f01487fa.png_200x200q80.avif,i n Tho i Google Pixel 6 Ram 8/128/256GB 2 Sim Qu c T Likenew 99 Sonpixel
https://www.lazada.vn/products/pdp-i1861831251.html,"Điện thoại Samsung Galaxy Note 10 Plus 5G Mỹ/ Hàn/ Nhật - Camera cải tiến, Cấu hình khủng tại Zinmobile",14,8150000,Hà Nội,https://img.lazcdn.com/g/p/f4cccd69a38b55bd3ccbc5e2b8190cb0.png_200x200q80.avif,i n tho i Samsung Galaxy Note 10 Plus 5G M / H n/ Nh t - Camera c i ti n C u h nh kh ng t i Zinmobile
https://www.lazada.vn/products/pdp-i1861764499.html,"Điện thoại Samsung Galaxy Note 10 5G Mỹ/ Hàn - Camera cải tiến, Cấu hình khủng tại Zinmobile",19,6750000,Hà Nội,https://img.lazcdn.com/g/p/f4cccd69a38b55bd3ccbc5e2b8190cb0.png_200x200q80.avif,i n tho i Samsung Galaxy Note 10 5G M / H n - Camera c i ti n C u h nh kh ng t i Zinmobile
https://www.lazada.vn/products/pdp-i1848816542.html,Apple iPhone 13 128GB Chính Hãng (VN/A),42,13990000,Hồ Chí Minh,https://img.lazcdn.com/g/p/5861813b0239506ef4120c18d0967d7b.jpg_200x200q80.avif,Apple iPhone 13 128GB Ch nh H ng VN/A
https://www.lazada.vn/products/pdp-i1848359063.html,Điện thoại Samsung Galaxy S23 Ultra 5G - Hàng Chính Hãng - Mới 100% - Nguyên Seal,32,20990000,Hồ Chí Minh,https://img.lazcdn.com/g/ff/kf/S584fcee09bb54e22832412386e9cecb4w.jpg_200x200q80.avif,i n tho i Samsung Galaxy S23 Ultra 5G - H ng Ch nh H ng - M i 100 - Nguy n Seal
https://www.lazada.vn/products/pdp-i1800018560.html,Điện thoại Samsung Galaxy S22 5G (8GB/128GB) - Hàng Chính Hãng,41,12990000,Hồ Chí Minh,https://img.lazcdn.com/g/p/0688a874ae8b081b17f1d6bd6ded3254.jpg_200x200q80.avif,i n tho i Samsung Galaxy S22 5G 8GB/128GB - H ng Ch nh H ng
https://www.lazada.vn/products/pdp-i1792649916.html,"Điện Thoại Google Pixel 5 Quốc Tế, Chip Snapdragon 765G Ram 8G/128GB. SonPixel",33,4300000,Hà Nội,https://img.lazcdn.com/g/p/f056dedb42b9819267f7671c8c85a748.png_200x200q80.avif,i n Tho i Google Pixel 5 Qu c T Chip Snapdragon 765G Ram 8G/128GB SonPixel
https://www.lazada.vn/products/pdp-i1785674003.html,Điện thoại Samsung Galaxy S22 Plus (8GB/128GB) - Hàng Chính Hãng,37,16490000,Hồ Chí Minh,https://img.lazcdn.com/g/p/bc0439bdd14d3ef21393f38691d3d6e8.jpg_200x200q80.avif,i n tho i Samsung Galaxy S22 Plus 8GB/128GB - H ng Ch nh H ng
https://www.lazada.vn/products/pdp-i1755948504.html,Điện thoại Samsung Galaxy S22 Ultra 5G - Hàng Chính Hãng,18,27777000,Hồ Chí Minh,https://img.lazcdn.com/g/p/726167aa6919f508d76845479e45a7f7.jpg_200x200q80.avif,i n tho i Samsung Galaxy S22 Ultra 5G - H ng Ch nh H ng
https://www.lazada.vn/products/pdp-i1753250023.html,Điện thoại Samsung Galaxy S22 Ultra 5G - Hàng Chính Hãng,44,17490000,Hà Nội,https://img.lazcdn.com/g/ff/kf/Sa0df50edfa6f46b5bf19ca80a19a012ef.jpg_200x200q80.avif,i n tho i Samsung Galaxy S22 Ultra 5G - H ng Ch nh H ng
https://www.lazada.vn/products/pdp-i1749278855.html,Điện thoại Samsung Galaxy S22 Ultra 5G - Hàng Chính Hãng,45,16990000,Hồ Chí Minh,https://img.lazcdn.com/g/p/38950226b9b28a9936b2d0ec8483816f.jpg_200x200q80.avif,i n tho i Samsung Galaxy S22 Ultra 5G - H ng Ch nh H ng
https://www.lazada.vn/products/pdp-i1704677105.html,Điện thoại LG Wing 5G 2Sim 256GB | Màn hình xoay độc lạ Ram 8GB chip Snap765G | Chỉ có tại Playmobile,0,5490000,Hà Nội,https://img.lazcdn.com/g/p/0d1e784d1ca2f36f0f6c7f1a2c5e76a6.jpg_200x200q80.avif,i n tho i LG Wing 5G 2Sim 256GB M n h nh xoay c l Ram 8GB chip Snap765G Ch c t i Playmobile
https://www.lazada.vn/products/pdp-i1694962014.html,Smartphone Giá Rẻ Xiaomi Redmi Note 3 2GB/16GB Trắng Bảo Hành 1 Năm,0,1250910,Hồ Chí Minh,https://img.lazcdn.com/g/p/5216328cb02484d3addfe4c7ff5fad44.jpg_200x200q80.avif,Smartphone Gi R Xiaomi Redmi Note 3 2GB/16GB Tr ng B o H nh 1 N m
https://www.lazada.vn/products/pdp-i1694853673.html,Smartphone Giá Rẻ Xiaomi Redmi Note 3 2GB/16GB Màu Vàng Bảo Hành 1 Năm,0,1250910,Hồ Chí Minh,https://img.lazcdn.com/g/p/8fa7450253ac70c71f0a297a4bcc9edb.jpg_200x200q80.avif,Smartphone Gi R Xiaomi Redmi Note 3 2GB/16GB M u V ng B o H nh 1 N m
https://www.lazada.vn/products/pdp-i1694808808.html,Smartphone Giá Rẻ Xiaomi Redmi 3S 2GB/16GB Màu Vàng Bảo Hành 1 Năm,0,1438500,Hồ Chí Minh,https://img.lazcdn.com/g/p/7f7ff5cd0f329dd6b4cbb8b6caf326d7.jpg_200x200q80.avif,Smartphone Gi R Xiaomi Redmi 3S 2GB/16GB M u V ng B o H nh 1 N m
https://www.lazada.vn/products/pdp-i1685898232.html,Điện thoại Samsung Galaxy S21 FE 5G ( SM-G990 ) - Hàng Chính Hãng,18,13090000,Hà Nội,https://img.lazcdn.com/g/ff/kf/Se6060e2b5a584eadb5641351b88fd857B.jpg_200x200q80.avif,i n tho i Samsung Galaxy S21 FE 5G SM-G990 - H ng Ch nh H ng
https://www.lazada.vn/products/pdp-i1680141098.html,Điện thoai OPPO A5 màn 6.2 icnh - Snap 450 ram 4G 64G,44,948000,Nghệ An,https://img.lazcdn.com/g/p/e9c1b6b1abd778fc2af3982e65d40418.jpg_200x200q80.avif,i n thoai OPPO A5 m n 6 2 icnh - Snap 450 ram 4G 64G
https://www.lazada.vn/products/pdp-i1665355003.html,SAMSUNG  A30 --SIÊU ĐẸP - SIÊU MƯỢT - SIÊU BỀN.RAM 3G/32G ĐẸP KEENG CHƠI GAME LƯỚT WEb Siêu Mượt.,0,1200000,Bạc Liêu,https://img.lazcdn.com/g/ff/kf/S0fc4f2aabc014d7daa821083a6e2b789r.jpg_200x200q80.avif,Samsung A30 --SI U P - SI U M T - SI U B N RAM 3G/32G P KEENG CH I GAME L T WEb Si u M t
https://www.lazada.vn/products/pdp-i1665342018.html,SAMSUNG A750 MÁY ĐẸP KEENG RAM 4G/64G CẤU HÌNH SIÊU MƯỢT.,0,1300000,Bạc Liêu,https://img.lazcdn.com/g/ff/kf/S7b748797f08142cc99883d6c65fa334dX.jpg_200x200q80.avif,Samsung A750 M Y P KEENG RAM 4G/64G C U H NH SI U M T
https://www.lazada.vn/products/pdp-i1665322272.html,SAMSUNG S10PLUS MÁY CHẠY MƯỢT KHÔNG TRẦY XƯỚC CHƠI GAME BAO MƯỢT 8G/128G.,0,2500000,Bạc Liêu,https://img.lazcdn.com/g/p/51cf9ae16b476252a4764b3d24d15f67.jpg_200x200q80.avif,Samsung S10PLUS M Y CH Y M T KH NG TR Y X C CH I GAME BAO M T 8G/128G
https://www.lazada.vn/products/pdp-i1665188758.html,SAMSUNG  J600 Ram 3G/32G  máy đẹp keeng CẤU HÌNH siêu mượt.,0,950000,Bạc Liêu,https://img.lazcdn.com/g/ff/kf/S6dc389be234649199428fa2b56180f2aj.jpg_200x200q80.avif,Samsung J600 Ram 3G/32G m y p keeng C U H NH si u m t
https://www.lazada.vn/products/pdp-i1665171957.html,Samsung  A20  Ram 3G/32G  máy đẹp keeng CẤU HÌNH siêu mượt.,0,1200000,Bạc Liêu,https://img.lazcdn.com/g/ff/kf/S9f813c03230d4862962c2c0971db0929z.jpg_200x200q80.avif,Samsung A20 Ram 3G/32G m y p keeng C U H NH si u m t
https://www.lazada.vn/products/pdp-i1653128273.html,"Điện thoại cảm ứng giá rẻ Samsung Galaxy J2 prime/G532 (1,5/8GB) 2 sim chính hãng màn hình lớn",7,420000,Yên Bái,https://img.lazcdn.com/g/p/d76f42e27822f7085eefd5efcbc0fbf4.png_200x200q80.avif,i n tho i c m ng gi r Samsung Galaxy J2 prime/G532 1 5/8GB 2 sim ch nh h ng m n h nh l n
https://www.lazada.vn/products/pdp-i1634338861.html,"Điện thoại cũ SS J5 Prime ram 2gb/16gb , máy đẹp giá rẻ",9,429000,Nam Định,https://img.lazcdn.com/g/ff/kf/S7aabe5ee147741e585b78473428a26c7U.jpg_200x200q80.avif,i n tho i c Samsung J5 Prime ram 2gb/16gb m y p gi r
https://www.lazada.vn/products/pdp-i1626146600.html,"Điện thoại Samsung Galaxy S20 FE 5G màn 6.5inch 120Ghz, Snapdragon 865 mạnh mẽ tại Zinmobile",43,5250000,Hà Nội,https://img.lazcdn.com/g/p/2ef67bfced93f7717dd67836dfcf74e9.png_200x200q80.avif,i n tho i Samsung Galaxy S20 FE 5G m n 6 5inch 120Ghz Snapdragon 865 m nh m t i Zinmobile
https://www.lazada.vn/products/pdp-i1625036388.html,Điện thoại LG Velvet 5G 2Sim Like New 99% | Ram 8GB Chipset Snapdragon 765G mạnh mẽ | chỉ có tại Playmobile,0,4290000,Hà Nội,https://img.lazcdn.com/g/p/eda362863e3c2cae45dc1f6109d26177.jpg_200x200q80.avif,i n tho i LG Velvet 5G 2Sim Like New 99 Ram 8GB Chipset Snapdragon 765G m nh m ch c t i Playmobile
https://www.lazada.vn/products/pdp-i1610651709.html,Điện Thoại Xiaomi Redmi 7A Ram 3GB bộ nhớ 32GB máy đẹp keng chơi game liên quân freefire mượt - 2 sim - Full Tiếng Việt - pin 4000 mAh,0,1230000,Nam Định,https://img.lazcdn.com/g/ff/kf/S3688196938284d8c862b5cfc0b0e9663V.jpg_200x200q80.avif,i n Tho i Xiaomi Redmi 7A Ram 3GB b nh 32GB m y p keng ch i game li n qu n freefire m t - 2 sim - Full Ti ng Vi t - pin 4000 mAh
https://www.lazada.vn/products/pdp-i1610386877.html,Điện thoại Xiaomi Redmi Note 5 Pro Ram 4Gb/64Gb Chip Snap Pin 4000 mAh - 2 sim Full Tiếng Việt,0,2120000,Nam Định,https://img.lazcdn.com/g/ff/kf/S45e80347abba443dbdee126773bdb9a4M.jpg_200x200q80.avif,i n tho i Xiaomi Redmi Note 5 Pro Ram 4Gb/64Gb Chip Snap Pin 4000 mAh - 2 sim Full Ti ng Vi t
https://www.lazada.vn/products/pdp-i1608107221.html,Điện thoại Xiaomi Redmi 9A - RAM 2GB Bộ Nhớ Trong 32GB Pin 5000 mAh - Hàng Chính Hãng - BH 18 tháng,16,2100000,Hà Nội,https://img.lazcdn.com/g/p/93824c6d390340a41233ddc76cd4fcf3.png_200x200q80.avif,i n tho i Xiaomi Redmi 9A - RAM 2GB B Nh Trong 32GB Pin 5000 mAh - H ng Ch nh H ng - BH 18 th ng
https://www.lazada.vn/products/pdp-i1604369869.html,Poco X3 Pro 8GB + 128GB | Dual Sim LTE NFC - Qualcomm®Snapdragon™860 | Tốc Độ Làm Mới 120Hz | Pin 4800MAh,7,933951,China,https://img.lazcdn.com/g/p/2bc1a42bf709a2a73bef678b0b640c0e.jpg_200x200q80.avif,Poco X3 Pro 8GB + 128GB Dual Sim LTE NFC - Qualcomm Snapdragon 860 T c L m M i 120Hz Pin 4800MAh
https://www.lazada.vn/products/pdp-i1599881754.html,"Điện thoại LG v60 thinQ 128G/Ram8G, Snapdragon 865, màn 2k 1sim vs 2sim",31,3889000,Hà Nội,https://img.lazcdn.com/g/p/c43b0e5a15b8d0feaac38d9972cbe517.jpg_200x200q80.avif,i n tho i LG v60 thinQ 128G/Ram8G Snapdragon 865 m n 2k 1sim vs 2sim
https://www.lazada.vn/products/pdp-i1599801725.html,Điện thoại Xiaomi Redmi 9C (3GB/64GB),0,2400000,Hà Nội,https://img.lazcdn.com/g/p/84c274a911a3c4be911bea620ae57a31.jpg_200x200q80.avif,i n tho i Xiaomi Redmi 9C 3GB/64GB
https://www.lazada.vn/products/pdp-i1586162755.html,"điện thoại giá rẻ Vivo Y19 ram 8G bộ nhớ 128G 2sim, màn hình giọt nước 6.53inch, Camera siêu nét",23,1195000,Hồ Chí Minh,https://img.lazcdn.com/g/p/e00bc7e426030ef1d5c0db35c80909d6.jpg_200x200q80.avif,i n tho i gi r Vivo Y19 ram 8G b nh 128G 2sim m n h nh gi t n c 6 53inch Camera si u n t
https://www.lazada.vn/products/pdp-i1581916794.html,"Điện thoại Samsung Galaxy S10 5G màn 6.7inch/ Ram 8G/256Gb - USA/ Korea - Cấu hình khủng, Tripble Camera giá tốt tại ZinMobile",0,7350000,Hà Nội,https://img.lazcdn.com/g/p/00d26155de6045e8f5b0f703a241194b.png_200x200q80.avif,i n tho i Samsung Galaxy S10 5G m n 6 7inch/ Ram 8G/256Gb - USA/ Korea - C u h nh kh ng Tripble Camera gi t t t i ZinMobile
https://www.lazada.vn/products/pdp-i1579671380.html,Điện thoại Xiaomi Redmi 9A ram 4Gb bộ nhớ 64Gb Màn 6.53in Pin 5000mAh - 2 sim Full Tiếng Việt,0,2399000,Nam Định,https://img.lazcdn.com/g/ff/kf/Sd6f2b59975de46b09ab331e99b35a373N.jpg_200x200q80.avif,i n tho i Xiaomi Redmi 9A ram 4Gb b nh 64Gb M n 6 53in Pin 5000mAh - 2 sim Full Ti ng Vi t
https://www.lazada.vn/products/pdp-i1571161023.html,Vỏ xiaomi Redmi 9T,0,75000,Phú Thọ,https://img.lazcdn.com/g/ff/kf/Sa542e80f8de849808b1bba1b0fc6214cT.jpg_200x200q80.avif,V xiaomi Redmi 9T
https://www.lazada.vn/products/pdp-i1565585662.html,Điện thoại Sony Xperia XZ3 có bản 2 Sim Quốc tế - Màn OLED 6.0 inch 2K Snap 845,8,1728000,Nghệ An,https://img.lazcdn.com/g/p/05fcf9b376c4c05cb58b4c59726ecf28.jpg_200x200q80.avif,i n tho i Sony Xperia XZ3 c b n 2 Sim Qu c t - M n OLED 6 0 inch 2K Snap 845
https://www.lazada.vn/products/pdp-i1555091018.html,Điện thoại Samsung Galaxy S21 Ultra 5G New Seal Fullbox (Ram 12GB/ Mỹ - SSVN)- tại Bmobile,17,10790000,Hà Nội,https://img.lazcdn.com/g/ff/kf/S7bd48825bfa54a8bb6de4aebb39c9a32x.jpg_200x200q80.avif,i n tho i Samsung Galaxy S21 Ultra 5G New Seal Fullbox Ram 12GB/ M - Samsung VN - t i Bmobile
https://www.lazada.vn/products/pdp-i1554995769.html,Điện Thoại Samsung Galaxy S20 Ultra (Ram 12Gb/ Rom 128GB)- tại Bmobile,21,7890000,Hà Nội,https://img.lazcdn.com/g/ff/kf/S24a32d3c39bf4421b2fc9598f352fe13n.jpg_200x200q80.avif,i n Tho i Samsung Galaxy S20 Ultra Ram 12Gb/ Rom 128GB - t i Bmobile
https://www.lazada.vn/products/pdp-i1542014210.html,Điện thoại Xiaomi Redmi Note 8 ram 6Gb bộ nhớ 64Gb Mới keng Fullbox Chip Snap Pin 4000 - 2 sim Full Tiếng Việt,0,3699000,Nam Định,https://img.lazcdn.com/g/ff/kf/S7a414258fd5a4a0eb48ae965d6a57a909.jpg_200x200q80.avif,i n tho i Xiaomi Redmi Note 8 ram 6Gb b nh 64Gb M i keng Fullbox Chip Snap Pin 4000 - 2 sim Full Ti ng Vi t
https://www.lazada.vn/products/pdp-i1541940925.html,Điện thoại Xiaomi Redmi Note 7 ram 6Gb bộ nhớ 64Gb Mới keng Fullbox Chip Snap Pin 4000 - 2 sim Full Tiếng Việt,0,2999000,Nam Định,https://img.lazcdn.com/g/ff/kf/S62071bff277646a0bebec0172523d7c39.jpg_200x200q80.avif,i n tho i Xiaomi Redmi Note 7 ram 6Gb b nh 64Gb M i keng Fullbox Chip Snap Pin 4000 - 2 sim Full Ti ng Vi t
https://www.lazada.vn/products/pdp-i1541127983.html,[Trả góp 0%] Điện Thoại Apple iPhone 13 Chính hãng VN/A [Viettel Store],31,12390000,Hà Nội,https://img.lazcdn.com/g/p/ec70f854d850d8279b046360d7094413.jpg_200x200q80.avif,Tr g p 0 i n Tho i Apple iPhone 13 Ch nh h ng VN/A Viettel Store
https://www.lazada.vn/products/pdp-i1540045483.html,Điện thoại Xiaomi Redmi Note 8 ram 6Gb bộ nhớ 64Gb Mới keng Fullbox Chip Snap Pin 4000 - 2 sim Full Tiếng Việt,0,3450000,Nam Định,https://img.lazcdn.com/g/ff/kf/S926e0032266c48c4a58621a3205d1632w.jpg_200x200q80.avif,i n tho i Xiaomi Redmi Note 8 ram 6Gb b nh 64Gb M i keng Fullbox Chip Snap Pin 4000 - 2 sim Full Ti ng Vi t
https://www.lazada.vn/products/pdp-i1539994621.html,Điện thoại Xiaomi Redmi Note 7 ram 6Gb bộ nhớ 64Gb Mới keng Fullbox Chip Snap Pin 4000 - 2 sim Full Tiếng Việt,0,2999000,Nam Định,https://img.lazcdn.com/g/ff/kf/Sb16c1720b3d443b9b149f944f511bb20A.jpg_200x200q80.avif,i n tho i Xiaomi Redmi Note 7 ram 6Gb b nh 64Gb M i keng Fullbox Chip Snap Pin 4000 - 2 sim Full Ti ng Vi t
https://www.lazada.vn/products/pdp-i1537688744.html,Điện thoại Sony XZ2 Compact ram 4G 64G - Snap 845 Màn 5.0 FullHD,33,1468000,Nghệ An,https://img.lazcdn.com/g/p/36f306bb6083fbb1b57ce9f9325193e9.png_200x200q80.avif,i n tho i Sony XZ2 Compact ram 4G 64G - Snap 845 M n 5 0 FullHD
https://www.lazada.vn/products/pdp-i1525577176.html,iPhone 13 - Hàng Chính Hãng VN/A,53,11790000,Bắc Ninh,https://img.lazcdn.com/g/p/b9acb3e14a64bcce0e33f69d296df29c.png_200x200q80.avif,iPhone 13 - H ng Ch nh H ng VN/A
https://www.lazada.vn/products/pdp-i1522260402.html,iPhone 13 128GB Chính Hãng VN/A,23,12990000,Hồ Chí Minh,https://img.lazcdn.com/g/p/c7f437b76043af5031e1cf73b981d3d3.jpg_200x200q80.avif,iPhone 13 128GB Ch nh H ng VN/A
https://www.lazada.vn/products/pdp-i1516218735.html,Điện thoại Samsung Galaxy Z Flip3 5G 128GB,40,15490000,Hồ Chí Minh,https://img.lazcdn.com/g/p/567b28108ea05c479cd802373b87359b.jpg_200x200q80.avif,i n tho i Samsung Galaxy Z Flip3 5G 128GB
https://www.lazada.vn/products/pdp-i1510601782.html,Điện Thoại Samsung Galaxy Note 10 5G chính hãng Hàn Quốc 256GB | Hỗ trợ mạng 5G | Tại Playmobile,0,6290000,Hà Nội,https://img.lazcdn.com/g/p/4f8d590f22f62e69fe394fd363f78459.jpg_200x200q80.avif,i n Tho i Samsung Galaxy Note 10 5G ch nh h ng H n Qu c 256GB H tr m ng 5G T i Playmobile
https://www.lazada.vn/products/pdp-i1501032862.html,Điện thoại cảm ứng Smartphone Xiaomi Redmi Note 3 Pro 2sim (3GB/32GB) - Có Tiếng Việt - Dung lượng pin 4000 mAh,10,1507500,Hồ Chí Minh,https://img.lazcdn.com/g/p/9a21fe1068a57f2f721f1314a379ca46.png_200x200q80.avif,i n tho i c m ng Smartphone Xiaomi Redmi Note 3 Pro 2sim 3GB/32GB - C Ti ng Vi t - Dung l ng pin 4000 mAh
https://www.lazada.vn/products/pdp-i1467286049.html,[HCM]Điện thoại Xiaomi Redmi Note 3 Pro 2sim (2GB/16GB) - M&agraven h&igravenh 5.5&quot - Pin tr&acircu tới 4000 mAh,12,1315000,Hồ Chí Minh,https://img.lazcdn.com/g/p/b6fbcdbac2586249b6f36c758e9fb992.jpg_200x200q80.avif,HCM i n tho i Xiaomi Redmi Note 3 Pro 2sim 2GB/16GB - M agraven h igravenh 5 5 quot - Pin tr acircu t i 4000 mAh
https://www.lazada.vn/products/pdp-i1467220577.html,[HCM]Điện thoại Smartphone Xiaomi Redmi Note 3 Pro 2sim (3GB/32GB) - c&oacute Tiếng Việt m&agraven h&igravenh 5.5&quot,11,1515000,Hồ Chí Minh,https://img.lazcdn.com/g/p/44510cd525e0d7e783b43b377c8220e3.jpg_200x200q80.avif,HCM i n tho i Smartphone Xiaomi Redmi Note 3 Pro 2sim 3GB/32GB - c oacute Ti ng Vi t m agraven h igravenh 5 5 quot
https://www.lazada.vn/products/pdp-i1452743382.html,Điện thoại cũ ss j330 ( J3 pro ) ram 2gb/16,0,429000,Nam Định,https://img.lazcdn.com/g/ff/kf/S730e94db191a4a29b3ad5678af5da2ef1.jpg_200x200q80.avif,i n tho i c Samsung j330 J3 Pro ram 2gb/16
https://www.lazada.vn/products/pdp-i1452696531.html,"Điện thoại cũ ss J2 prime ram 1,5Gb có 4G",0,309000,Nam Định,https://img.lazcdn.com/g/ff/kf/S065a8db37d704085ac2e393727a13fc1C.jpg_200x200q80.avif,i n tho i c Samsung J2 prime ram 1 5Gb c 4G
https://www.lazada.vn/products/pdp-i1450450268.html,Điện thoại Samsung Galaxy A25 5G - Hàng chính hãng Nguyên seal Bảo hành 12 tháng,9,6090000,Đà Nẵng,https://img.lazcdn.com/g/p/150bd6da3b87c626455d7f81f13de57e.jpg_200x200q80.avif,i n tho i Samsung Galaxy A25 5G - H ng ch nh h ng Nguy n seal B o h nh 12 th ng
https://www.lazada.vn/products/pdp-i1445137624.html,Điện thoại cũ ss j7 prime ram 3gb bộ nhớ 32gb,6,619000,Nam Định,https://img.lazcdn.com/g/ff/kf/S36a802a54b0a4a45abbb78e1ee6074f4Z.jpg_200x200q80.avif,i n tho i c Samsung j7 prime ram 3gb b nh 32gb
https://www.lazada.vn/products/pdp-i1392713125.html,Điện thoại Samsung Galaxy S24 Ultra (12GB/256GB) - Hàng Chính Hãng,16,25300000,Hồ Chí Minh,https://img.lazcdn.com/g/p/eb1e36f3b481247d8b857b14b8d713f9.jpg_200x200q80.avif,i n tho i Samsung Galaxy S24 Ultra 12GB/256GB - H ng Ch nh H ng
https://www.lazada.vn/products/pdp-i1378518280.html,Điện Thoại Samsung Galaxy A55 8GB/128GB,25,8290000,Hồ Chí Minh,https://img.lazcdn.com/g/p/4d8b64cd6b0e645bc83e37fb21e14894.jpg_200x200q80.avif,i n Tho i Samsung Galaxy A55 8GB/128GB
https://www.lazada.vn/products/pdp-i1372620306.html,[HCM]Điện thoại Samsung Galaxy A32 (6GB/128GB)- Hàng chính hãng mới 100% Nguyên Seal | Bảo hành 12 tháng- sth,0,6500000,Hồ Chí Minh,https://img.lazcdn.com/g/p/5a3dae20229879c24eec9abb4780ddb2.jpg_200x200q80.avif,HCM i n tho i Samsung Galaxy A32 6GB/128GB - H ng ch nh h ng m i 100 Nguy n Seal B o h nh 12 th ng- sth
https://www.lazada.vn/products/pdp-i1353704468.html,Điện thoại samsung j7 pro chính hãng,0,1400000,Quảng Ngãi,https://img.lazcdn.com/g/p/c545258b46e7767609f6d7ed4c9df8ff.jpg_200x200q80.avif,i n tho i Samsung j7 Pro ch nh h ng
https://www.lazada.vn/products/pdp-i1353692535.html,Điện thoại samsung j7 plus chính hãng,44,890000,Quảng Ngãi,https://img.lazcdn.com/g/p/2cb80191e79ffb2b2a94f4b6b56c54be.jpg_200x200q80.avif,i n tho i Samsung j7 plus ch nh h ng
https://www.lazada.vn/products/pdp-i1353619895.html,Điện thoại samsung j3 pro chính hãng 100%,29,920000,Quảng Ngãi,https://img.lazcdn.com/g/p/c002638df4a7d4ccabbf741624dbad4e.jpg_200x200q80.avif,i n tho i Samsung j3 Pro ch nh h ng 100
https://www.lazada.vn/products/pdp-i1322570112.html,Điện Thoại Samsung Galaxy S20 FE 5G Chính hãng màn 120HZ  Snapdragon 865 Kèm sạc nhanh Zin | Tại Playmobile,0,4490000,Hà Nội,https://img.lazcdn.com/g/p/577bfb502239f9fb0c203cbff632968c.jpg_200x200q80.avif,i n Tho i Samsung Galaxy S20 FE 5G Ch nh h ng m n 120HZ Snapdragon 865 K m s c nhanh Zin T i Playmobile
https://www.lazada.vn/products/pdp-i1322370032.html,Điện thoại Samsung Galaxy S20 FE 5G Quốc tế Mỹ | 8gb ram Chip rồng Snapdragon 865 | mua tại Playmobile,0,5490000,Hà Nội,https://img.lazcdn.com/g/p/b85ed6c20dd349951cb299ba1ea1608f.jpg_200x200q80.avif,i n tho i Samsung Galaxy S20 FE 5G Qu c t M 8gb ram Chip r ng Snapdragon 865 mua t i Playmobile
https://www.lazada.vn/products/pdp-i1264877491.html,Điện Thoại Samsung Galaxy Note 20 Ultra 5G chip Snapdragon 865 ram 12GB/128+256GB Màn 120HZ  || Zin đẹp tại Playmobile,0,9590000,Hà Nội,https://img.lazcdn.com/g/p/a76608ec99a952ed9b5f9026032ddf96.jpg_200x200q80.avif,i n Tho i Samsung Galaxy Note 20 Ultra 5G chip Snapdragon 865 ram 12GB/128+256GB M n 120HZ Zin p t i Playmobile
https://www.lazada.vn/products/pdp-i1255747011.html,[HCM]Sim Số Vietnamobile Hạn Dùng 3 Tháng,0,20000,Hồ Chí Minh,https://img.lazcdn.com/g/p/b46ea89900406ec0ae3d6432f838603d.jpg_200x200q80.avif,HCM Sim S Vietnamobile H n D ng 3 Th ng
https://www.lazada.vn/products/pdp-i1255730117.html,[HCM]Sim Số Vietnamobile Nhận Mã Code Đầu Số 09,0,20000,Hồ Chí Minh,https://img.lazcdn.com/g/p/ae06e320b4378dd518e50ebfe8e0e006.jpg_200x200q80.avif,HCM Sim S Vietnamobile Nh n M Code u S 09
https://www.lazada.vn/products/pdp-i1255686537.html,[HCM]Sim Số Giá Rẻ Vietnamobile 0đ - Hạn 1 Tháng,0,14500,Hồ Chí Minh,https://img.lazcdn.com/g/ff/kf/Sb95b86ef52d7401d842d4df014ab762ab.jpg_200x200q80.avif,HCM Sim S Gi R Vietnamobile 0 - H n 1 Th ng
https://www.lazada.vn/products/pdp-i1217069444.html,Điện Thoại Samsung Galaxy S20 Plus 5G 2 sim Ram 12GB Chip Snapdragon 865 Màn tần số Qoét 120hz  || Trả góp tại Playmobile,5,5990000,Hà Nội,https://img.lazcdn.com/g/p/b27a874ad802df2bc3adeeb87011a89e.jpg_200x200q80.avif,i n Tho i Samsung Galaxy S20 Plus 5G 2 sim Ram 12GB Chip Snapdragon 865 M n t n s Qo t 120hz Tr g p t i Playmobile
https://www.lazada.vn/products/pdp-i1207236411.html,Điện thoại Samsung Galaxy A55 5G 12GB/256GB - Hàng Chính Hãng - Bảo Hành 12 Tháng,15,8490000,Đà Nẵng,https://img.lazcdn.com/g/p/383aa2d13665838c5c96a6126a96e469.jpg_200x200q80.avif,i n tho i Samsung Galaxy A55 5G 12GB/256GB - H ng Ch nh H ng - B o H nh 12 Th ng
https://www.lazada.vn/products/pdp-i1205584633.html,Điện thoại Samsung Galaxy A15 LTE 8GB/128GB - Hàng Chính Hãng Nguyên Seal,10,4490000,Đà Nẵng,https://img.lazcdn.com/g/p/d86e24ec5cf8b46322e4de1d3948e7c3.jpg_200x200q80.avif,i n tho i Samsung Galaxy A15 LTE 8GB/128GB - H ng Ch nh H ng Nguy n Seal
https://www.lazada.vn/products/pdp-i1123268901.html,Điện thoại Samsung Galaxy A6 2018 Ram 3GB/32GB Chính hãng bản hàn chơi game liên quân freefire mượt - 2 sim Tiếng Việt,48,1650000,Nam Định,https://img.lazcdn.com/g/p/a2c24d3f4e418d21c239b3c3b9d2ce9f.jpg_200x200q80.avif,i n tho i Samsung Galaxy A6 2018 Ram 3GB/32GB Ch nh h ng b n h n ch i game li n qu n freefire m t - 2 sim Ti ng Vi t
https://www.lazada.vn/products/pdp-i1102396179.html,Điện thoại Samsung G530/G531 chính hãng Wifi- 3G vào mạng nhanh giá rẻ,0,810000,Hồ Chí Minh,https://img.lazcdn.com/g/p/0d5b4118e87d80508d7df941b1db61ab.jpg_200x200q80.avif,i n tho i Samsung G530/G531 ch nh h ng Wifi- 3G v o m ng nhanh gi r
https://www.lazada.vn/products/pdp-i1101380731.html,Samsung j7 pro chính hãng,43,1050000,Quảng Ngãi,https://img.lazcdn.com/g/p/f1860e8f2ecb3f7dc56f88fa72035c9a.jpg_200x200q80.avif,Samsung j7 Pro ch nh h ng
https://www.lazada.vn/products/pdp-i1101334530.html,Samsung j7 prime chính hãng,37,850000,Quảng Ngãi,https://img.lazcdn.com/g/p/8fc0c863beaeddff3bf985c1d25e77f3.jpg_200x200q80.avif,Samsung j7 prime ch nh h ng
https://www.lazada.vn/products/pdp-i1101258165.html,"Điện thoại samsung j2 prime chính hãng 100%,",0,830000,Quảng Ngãi,https://img.lazcdn.com/g/p/2abe5eb1d8cd204bae5e129fedd12aa7.jpg_200x200q80.avif,i n tho i Samsung j2 prime ch nh h ng 100
https://www.lazada.vn/products/pdp-i1101210939.html,Máy tính bảng samsung tap E T561,8,1150000,Quảng Ngãi,https://img.lazcdn.com/g/p/10ad4fcb5d48de50eeaf55eb7a0cd4e3.jpg_200x200q80.avif,M y t nh b ng Samsung tap E T561
https://www.lazada.vn/products/pdp-i1096938293.html,Samsung j7 prime máy 2 sim chính hãng,29,850000,Quảng Ngãi,https://img.lazcdn.com/g/p/775cb33bae7156a62bac1da10c06f4cf.jpg_200x200q80.avif,Samsung j7 prime m y 2 sim ch nh h ng
https://www.lazada.vn/products/pdp-i1096908808.html,"Samsung j7 pro cấu hình mạnh,",21,1150000,Quảng Ngãi,https://img.lazcdn.com/g/p/c545258b46e7767609f6d7ed4c9df8ff.jpg_200x200q80.avif,Samsung j7 Pro c u h nh m nh
https://www.lazada.vn/products/pdp-i1080884492.html,Điện thoại Samsung Galaxy A35 5G 8GB/256GB - Hàng Chính Hãng,16,6990000,Đà Nẵng,https://img.lazcdn.com/g/p/3724ffd6c2f8a57f977af7f1367aaaf4.jpg_200x200q80.avif,i n tho i Samsung Galaxy A35 5G 8GB/256GB - H ng Ch nh H ng
https://www.lazada.vn/products/pdp-i1072386649.html,Điện thoại Samsung Galaxy J5 Pro bộ nhớ 32GB máy đẹp Chính hãng bản hàn chơi game liên quân freefire mượt - có hỗ trợ 2 sim sẵn Tiếng Việt,0,2150000,Nam Định,https://img.lazcdn.com/g/p/6e6b155437e0da0315d8bb50bb584384.jpg_200x200q80.avif,i n tho i Samsung Galaxy J5 Pro b nh 32GB m y p Ch nh h ng b n h n ch i game li n qu n freefire m t - c h tr 2 sim s n Ti ng Vi t
https://www.lazada.vn/products/pdp-i1070898840.html,Điện thoại SamSung Galaxy Note 9 Ram 6GB/ Bộ nhớ 128GB,0,5790000,Hà Nội,https://img.lazcdn.com/g/p/c66806e235403b3ad01d3e510f501b26.jpg_200x200q80.avif,i n tho i Samsung Galaxy Note 9 Ram 6GB/ B nh 128GB
https://www.lazada.vn/products/pdp-i1070516251.html,Điện thoại Samsung Galaxy S9 bộ nhớ 64GB,0,3899000,Hà Nội,https://img.lazcdn.com/g/p/1a2ca16e3b63d17a948f8aa958ec0faa.jpg_200x200q80.avif,i n tho i Samsung Galaxy S9 b nh 64GB
https://www.lazada.vn/products/pdp-i1069514012.html,Điện thoại samsung j7 pro MÁY ĐẸP KEENG CẤU HÌNH SIÊU MƯỢT SIÊU BỀN.,0,1550000,Bạc Liêu,https://img.lazcdn.com/g/p/f7fabf6ecb3b2cf2c6c1e424bdec681d.jpg_200x200q80.avif,i n tho i Samsung j7 Pro M Y P KEENG C U H NH SI U M T SI U B N
https://www.lazada.vn/products/pdp-i937536163.html,Điện thoại Samsung Galaxy Note 20 5G bản  Snapdragon 865+ 2 sim  || Bản hiếm Tại Playmobile Máy đẹp zin không ám ố,6,6590000,Hà Nội,https://img.lazcdn.com/g/p/0da45e5a7535193082bb3b48dca7bf77.jpg_200x200q80.avif,i n tho i Samsung Galaxy Note 20 5G b n Snapdragon 865+ 2 sim B n hi m T i Playmobile M y p zin kh ng m
https://www.lazada.vn/products/pdp-i900924449.html,iPhone 11 - Hàng Chính Hãng VN/A,59,9890000,Hồ Chí Minh,https://img.lazcdn.com/g/p/21c9bbd4558cbc662e98e170524da77f.png_200x200q80.avif,iPhone 11 - H ng Ch nh H ng VN/A
https://www.lazada.vn/products/pdp-i881532187.html,Điện Thoại Google Pixel 4a 6/128GB Quốc Tế 2 Sim.,40,2990000,Hồ Chí Minh,https://img.lazcdn.com/g/p/8a219340a86f487075b27d38254e94c6.png_200x200q80.avif,i n Tho i Google Pixel 4a 6/128GB Qu c T 2 Sim
https://www.lazada.vn/products/pdp-i869860758.html,Điện thoại Sharp Aquos R (SHV39) Màn 2K 120Hz - Snap 835 Ram 4G 64G,22,1088000,Nghệ An,https://img.lazcdn.com/g/p/90cf07fc8a714dfdb9ffadbe98ac74fe.png_200x200q80.avif,i n tho i Sharp Aquos R SHV39 M n 2K 120Hz - Snap 835 Ram 4G 64G
https://www.lazada.vn/products/pdp-i869842832.html,Điện thoại Sony Xperia XZ1 màn 5.2 Full HD - Snap 835 ram 4G 64G,8,758000,Nghệ An,https://img.lazcdn.com/g/p/acd155a22f5ec6056d71f518a39aed93.jpg_200x200q80.avif,i n tho i Sony Xperia XZ1 m n 5 2 Full HD - Snap 835 ram 4G 64G
https://www.lazada.vn/products/pdp-i866698261.html,Điện thoại Xiaomi Redmi 6 Ram 3Gb/32Gb mới Chính hãng máy đẹp chơi game liên quân freefire mượt - 2sim có Tiếng Việt,47,1050000,Nam Định,https://img.lazcdn.com/g/p/31ea9d155d69b9e333fcbe0c72c3b18f.jpg_200x200q80.avif,i n tho i Xiaomi Redmi 6 Ram 3Gb/32Gb m i Ch nh h ng m y p ch i game li n qu n freefire m t - 2sim c Ti ng Vi t
https://www.lazada.vn/products/pdp-i866646382.html,Điện Thoại Xiaomi Redmi Note 4x ram 3gb/32gb mới chính hãng chơi game liên quân freefire pubg mượt - 2sim có Tiếng Việt,0,1999000,Nam Định,https://img.lazcdn.com/g/p/5b8ca8f6a26c090b594ab6df98b31aba.jpg_200x200q80.avif,i n Tho i Xiaomi Redmi Note 4x ram 3gb/32gb m i ch nh h ng ch i game li n qu n freefire pubg m t - 2sim c Ti ng Vi t
https://www.lazada.vn/products/pdp-i850868416.html,Điện thoại Samsung Galaxy S20 Plus 5G 2sim chính hãng Mỹ | Màn 120hz Ram 12gb Chip Snap 865 | Bảo hành 1 đổi 1 tại shop Playmobile,0,6390000,Hà Nội,https://img.lazcdn.com/g/p/4033d05abe432a61b9f2e08cfb31128a.jpg_200x200q80.avif,i n tho i Samsung Galaxy S20 Plus 5G 2sim ch nh h ng M M n 120hz Ram 12gb Chip Snap 865 B o h nh 1 i 1 t i shop Playmobile
https://www.lazada.vn/products/pdp-i834650752.html,"Điện Thoại OPPO A78 5G 2 sim 128-256GB | Pin trâu ,chống nước , Game mượt , màn 90HZ | Playmobile BH 12 Tháng",10,3590000,Hà Nội,https://img.lazcdn.com/g/p/723f107b250bce6ec4f3609f0fbc5983.jpg_200x200q80.avif,i n Tho i OPPO A78 5G 2 sim 128-256GB Pin tr u ch ng n c Game m t m n 90HZ Playmobile BH 12 Th ng
https://www.lazada.vn/products/pdp-i807378176.html,Điện thoại Samsung Galaxy M34 5G 8GB/128GB Pin 6000mAh - Hàng Chính Hãng,29,5690000,Đà Nẵng,https://img.lazcdn.com/g/p/28e19d175d8138019231af1131a05711.jpg_200x200q80.avif,i n tho i Samsung Galaxy M34 5G 8GB/128GB Pin 6000mAh - H ng Ch nh H ng
https://www.lazada.vn/products/pdp-i806086610.html,Điện thoại Samsung Galaxy J7 Prime Ram 3GB bộ nhớ 32GB chơi game liên quân freefire mượt,0,2500000,Nam Định,https://img.lazcdn.com/g/p/01adc55c58fca80b4dc5db19ffbf4f8d.jpg_200x200q80.avif,i n tho i Samsung Galaxy J7 Prime Ram 3GB b nh 32GB ch i game li n qu n freefire m t
https://www.lazada.vn/products/pdp-i787502335.html,[Trả góp 0%]Điện thoại Samsung Galaxy S20 5G Mỹ 2sim | chip rồng Snapdragon 865 ram 12gb | tại Playmobile,0,5490000,Hà Nội,https://img.lazcdn.com/g/p/83a1c14ef3fb776ab41b6a48228050a9.jpg_200x200q80.avif,Tr g p 0 i n tho i Samsung Galaxy S20 5G M 2sim chip r ng Snapdragon 865 ram 12gb t i Playmobile
https://www.lazada.vn/products/pdp-i688186104.html,Apple iPhone 11 128GB Chính Hãng (VN/A),32,10940000,Hồ Chí Minh,https://img.lazcdn.com/g/p/467c9850daad9fd828fc7ca5cf2d6add.jpg_200x200q80.avif,Apple iPhone 11 128GB Ch nh H ng VN/A
https://www.lazada.vn/products/pdp-i676662125.html,"Điện Thoại Sharp Aqous R SHV39 - Chip 835, Ram 4gb, Bộ Nhớ 64GB",0,999000,Hà Nội,https://img.lazcdn.com/g/p/e9293328a34b3ca871bac6adfc3c4535.jpg_200x200q80.avif,i n Tho i Sharp Aqous R SHV39 - Chip 835 Ram 4gb B Nh 64GB
https://www.lazada.vn/products/pdp-i674848290.html,"Điện Thoại HTC U11- Chip 835-Ram 4GB, Chính Hãng Like New",0,1080000,Hà Nội,https://img.lazcdn.com/g/p/0757cc4e8d9c90a4157a6961d5c51b84.jpg_200x200q80.avif,i n Tho i HTC U11- Chip 835-Ram 4GB Ch nh H ng Like New
https://www.lazada.vn/products/pdp-i673936787.html,"Điện Thoại Sony XZ1 xách tay nhật bản - Thiết Kế Kim Loại Đẳng Cấp, Chip 835 -Ram 4GB",0,1170000,Hà Nội,https://img.lazcdn.com/g/p/1a259265f39d4735b7e41a2b82750a7f.jpg_200x200q80.avif,i n Tho i Sony XZ1 x ch tay nh t b n - Thi t K Kim Lo i ng C p Chip 835 -Ram 4GB
https://www.lazada.vn/products/pdp-i664472053.html,Điện Thoại Xiaomi Redmi 4 Prime Ram 3GB bộ nhớ 32GB máy đẹp 97% chip snap 625 chơi game liên quân freefire mượt,0,2230000,Nam Định,https://img.lazcdn.com/g/ff/kf/S17ded4bc67cf41c1a70ba867044b33bfW.jpg_200x200q80.avif,i n Tho i Xiaomi Redmi 4 Prime Ram 3GB b nh 32GB m y p 97 chip snap 625 ch i game li n qu n freefire m t
https://www.lazada.vn/products/pdp-i601522614.html,Điện thoại Xiaomi Redmi 7 ram 4Gb rom 64Gb full box mới 100% nguyên seal chơi game mượt - NHẬP KHẨU,0,4970000,Nam Định,https://img.lazcdn.com/g/p/8cfcf340ed76e93f5b841087ab8ee716.jpg_200x200q80.avif,i n tho i Xiaomi Redmi 7 ram 4Gb rom 64Gb full box m i 100 nguy n seal ch i game m t - NH P KH U
https://www.lazada.vn/products/pdp-i601132233.html,"Điện Thoại Samsung Galaxy A71 128GB (8GB RAM) - Màn hình tràn viền vô cực 6.7 inch SuperAmold Full HD + Bộ 4 CAMERA SAU 64MP + Dung lượng Pin ấn tượng 4,500mAH",0,10490000,Đăk Nông,https://img.lazcdn.com/g/p/33fbf4495003d6c5fa97d90eba45f4c1.jpg_200x200q80.avif,i n Tho i Samsung Galaxy A71 128GB 8GB RAM - M n h nh tr n vi n v c c 6 7 inch SuperAmold Full HD + B 4 CAMERA SAU 64MP + Dung l ng Pin n t ng 4 500mAH
https://www.lazada.vn/products/pdp-i463750676.html,Điện Thoại Xiaomi Redmi 6A Ram 3GB bộ nhớ 32GB máy đẹp 97% chơi game liên quân freefire mượt - 2sim Full Tiếng Việt,0,1890000,Nam Định,https://img.lazcdn.com/g/p/39bbfcd33b8421d81f06e0037f58fbe4.jpg_200x200q80.avif,i n Tho i Xiaomi Redmi 6A Ram 3GB b nh 32GB m y p 97 ch i game li n qu n freefire m t - 2sim Full Ti ng Vi t
https://www.lazada.vn/products/pdp-i443498948.html,Điện thoại Samsung Galaxy Note 9 chính hãng hàn quốc | Cấu hình mạnh Bút Spen đẳng cấp Pin siêu khỏe | BH 12 tháng tại Shop,0,5690000,Hà Nội,https://img.lazcdn.com/g/p/11170aa4a12e455a61db8a63d24b73aa.jpg_200x200q80.avif,i n tho i Samsung Galaxy Note 9 ch nh h ng h n qu c C u h nh m nh B t Spen ng c p Pin si u kh e BH 12 th ng t i Shop
https://www.lazada.vn/products/pdp-i433664012.html,Điện Thoại OPPO A52 8/128GB 2 sim Chính hãng Pin siêu trâu | Máy đẹp bảo hành 12 tháng | Playmobile,0,2790000,Hà Nội,https://img.lazcdn.com/g/p/a223144ed6868f1382d73cd9cf1fca9e.jpg_200x200q80.avif,i n Tho i OPPO A52 8/128GB 2 sim Ch nh h ng Pin si u tr u M y p b o h nh 12 th ng Playmobile
https://www.lazada.vn/products/pdp-i377800952.html,"Điện thoại Xiaomi Redmi 9A Ram 4GB bộ nhớ 64G Xiaomi Redmi 6 6A Ram 3GB bộ nhớ 32G Ram 2GB bộ nhớ 16G cảm biến vân tay chơi game mượt pubg liên minh Free fire fifa, có tiếng Việt, bảo hành 12 tháng",37,1190000,Hồ Chí Minh,https://img.lazcdn.com/g/p/fbb15a61ec2730686fdd054e2171e0f3.jpg_200x200q80.avif,i n tho i Xiaomi Redmi 9A Ram 4GB b nh 64G Xiaomi Redmi 6 6A Ram 3GB b nh 32G Ram 2GB b nh 16G c m bi n v n tay ch i game m t pubg li n minh Free fire fifa c ti ng Vi t b o h nh 12 th ng
https://www.lazada.vn/products/pdp-i376778234.html,"Điện thoại Xiaomi Redmi 6A 16GB Ram 2GB chơi game mượt Liên Quân Free fire , có tiếng Việt",44,950679,Hồ Chí Minh,https://img.lazcdn.com/g/p/mdc/1b11f49c01ff35b178223ca847cc634c.jpg_200x200q80.avif,i n tho i Xiaomi Redmi 6A 16GB Ram 2GB ch i game m t Li n Qu n Free fire c ti ng Vi t
https://www.lazada.vn/products/pdp-i376590322.html,"Điện thoại 2 sim pin trâu Xiaomi Redmi 7A 32GB chơi game mượt Liên Minh Free fire , có tiếng Việt",23,1350728,Hồ Chí Minh,https://img.lazcdn.com/g/p/0dc446c57280f87f1faef9743ee2be41.jpg_200x200q80.avif,i n tho i 2 sim pin tr u Xiaomi Redmi 7A 32GB ch i game m t Li n Minh Free fire c ti ng Vi t
https://www.lazada.vn/products/pdp-i353908113.html,"Điện thoại Samsung Galaxy S8 Active | Thiết kế hầm hố, máy bền, pin khỏe | Kháng nước Kháng bụi IP 68 | Nguyên zin 100% tại Playmobile",0,3690000,Hà Nội,https://img.lazcdn.com/g/p/71ab790115ead16774f27a28e878eff7.jpg_200x200q80.avif,i n tho i Samsung Galaxy S8 Active Thi t k h m h m y b n pin kh e Kh ng n c Kh ng b i IP 68 Nguy n zin 100 t i Playmobile
https://www.lazada.vn/products/pdp-i348692775.html,Điện thoại Xiaomi Redmi Note 11 4GB/64GB - 4GB/128GB - Hàng Chính Hãng DGW - Bảo Hành 18 Tháng,22,3890000,Đà Nẵng,https://img.lazcdn.com/g/p/1ac977ca1c58a92f175bca6e0ab8108f.png_200x200q80.avif,i n tho i Xiaomi Redmi Note 11 4GB/64GB - 4GB/128GB - H ng Ch nh H ng DGW - B o H nh 18 Th ng
https://www.lazada.vn/products/pdp-i295818266.html,[HCM]Nokia 6300 - Zin Giá siêu sale - Nhiều màu,0,1000000,Hồ Chí Minh,https://img.lazcdn.com/g/p/20aaaa1c0eec3e724b913fce1e059a4e.jpg_200x200q80.avif,HCM Nokia 6300 - Zin Gi si u sale - Nhi u m u
https://www.lazada.vn/products/pdp-i264168370.html,"4G điện thoại  C33 /4G Lte, pin 5000 Mah dùng1thang/ghi âm, Bluetooth,FM radio, nhạc/ máy mới",19,729000,Tây Ninh,https://img.lazcdn.com/g/ff/kf/S61c4a6d32ab54c70bd327487536b6b63V.jpg_200x200q80.avif,4G i n tho i C33 /4G Lte pin 5000 Mah d ng1thang/ghi m Bluetooth FM radio nh c/ m y m i
https://www.lazada.vn/products/pdp-i256328462.html,Điện thoại Blackberry Z30 used 2Gb/16Gb - nhẹ nhàng mà tinh tế,0,999000,Nam Định,https://img.lazcdn.com/g/ff/kf/S7686b1970c2a4c159f54b08f99c17288r.jpg_200x200q80.avif,i n tho i Blackberry Z30 used 2Gb/16Gb - nh nh ng m tinh t
https://www.lazada.vn/products/pdp-i2182717.html,[HCM]Samsung Galaxy A5 16GB (Trắng) - Hàng nhập khẩu,0,6390000,Hồ Chí Minh,https://img.lazcdn.com/live/vn/p/80c5b6fdd847ec3e55b09ddfb080f61c.jpg_200x200q80.avif,HCM Samsung Galaxy A5 16GB Tr ng - H ng nh p kh u
https://www.lazada.vn/products/pdp-i3094959765.html,Điện thoại Samsung Galaxy A56 5G- Hàng chính hãng- BH 12 tháng,0,9990000,Hà Nội,https://img.lazcdn.com/g/p/c065bebe50bf80cce9776a0958e7053e.jpg_200x200q80.avif,i n tho i Samsung Galaxy A56 5G- H ng ch nh h ng- BH 12 th ng
https://www.lazada.vn/products/pdp-i3094518136.html,Samsung J7 như hình,50,250000,Bạc Liêu,https://img.lazcdn.com/g/ff/kf/S84487dc59c054ffd809aab775f5089dcM.jpg_200x200q80.avif,Samsung J7 nh h nh
https://www.lazada.vn/products/pdp-i3092271455.html,[MÀU ĐẶC BIỆT GIÁ TỐT] GALAXY AI - Điện thoại Samsung Galaxy S25 Ultra 12/256GB - Bảo hành chính hãng,21,26900000,Hà Nội,https://img.lazcdn.com/g/p/19b5f5beb16f29e2687e73e10e2353dc.png_200x200q80.avif,M U C BI T GI T T GALAXY AI - i n tho i Samsung Galaxy S25 Ultra 12/256GB - B o h nh ch nh h ng
https://www.lazada.vn/products/pdp-i3088434204.html,"Điện thoại oukitel  wp21 (Ram 12Gb,Rom 256Gb ,chống sốc,chống nước,pin khủng, pin 9.800mAh)",65,776300,Cần Thơ,https://img.lazcdn.com/g/p/14502e16da2f013d6b77bf07b5f08305.jpg_200x200q80.avif,i n tho i oukitel wp21 Ram 12Gb Rom 256Gb ch ng s c ch ng n c pin kh ng pin 9 800mAh
https://www.lazada.vn/products/pdp-i3088218512.html,Samsung J4 Plus lổi SIM,47,320000,Bạc Liêu,https://img.lazcdn.com/g/ff/kf/S63d4875427994d4e80709c86e89691b1c.jpg_200x200q80.avif,Samsung J4 Plus l i SIM
https://www.lazada.vn/products/pdp-i3086264401.html,"Điện thoại Gree G0215D - Màn hình 6 Inch 2K, Ram 4gb Bộ Nhớ 64GB , 2 Sim, Tiếng Việt",0,450000,Bắc Giang,https://img.lazcdn.com/g/p/7db2dcbbd87c98b8d34bbd90958c6b59.jpg_200x200q80.avif,i n tho i Gree G0215D - M n h nh 6 Inch 2K Ram 4gb B Nh 64GB 2 Sim Ti ng Vi t
https://www.lazada.vn/products/pdp-i3085819010.html,"Điện thoại SS 22ut máy 2sim ram 12G/256G Chính Hãng, bảo hành 12 tháng",65,840000,Cao Bằng,https://img.lazcdn.com/g/p/549fc3fa7ee835d11af459d03d8cbd37.jpg_200x200q80.avif,i n tho i Samsung 22ut m y 2sim ram 12G/256G Ch nh H ng b o h nh 12 th ng
https://www.lazada.vn/products/pdp-i3085507843.html,"Điện thoại chắc chắn Oukitel WP28 S (Màn hình HD 6,52"",pin 10600mAh,NFC,Ram 16GB(4+12),Rom 128GB, Android 14, Camera13M)",65,706300,Cao Bằng,https://img.lazcdn.com/g/p/939d435e2e7f9dd5c3dbb518d932dd6f.jpg_200x200q80.avif,i n tho i ch c ch n Oukitel WP28 S M n h nh HD 6 52 pin 10600mAh NFC Ram 16GB 4+12 Rom 128GB Android 14 Camera13M
https://www.lazada.vn/products/pdp-i3085489893.html,"Điện thoại oukitel  wp21 (Ram 12Gb,Rom 256Gb ,chống sốc,chống nước,pin khủng, pin 9.800mAh)",65,776300,Cao Bằng,https://img.lazcdn.com/g/p/14502e16da2f013d6b77bf07b5f08305.jpg_200x200q80.avif,i n tho i oukitel wp21 Ram 12Gb Rom 256Gb ch ng s c ch ng n c pin kh ng pin 9 800mAh
https://www.lazada.vn/products/pdp-i3072598171.html,Điện thoại ZTE Nubia Z70 Ultra (Snapdragon 8 Elite) Like New 99% Bảo hành 6 tháng,43,4490000,Hà Nội,https://img.lazcdn.com/g/p/a9be0c0ab4ea2d3dd80b9e6d8192fd7a.png_200x200q80.avif,i n tho i ZTE Nubia Z70 Ultra Snapdragon 8 Elite Like New 99 B o h nh 6 th ng
https://www.lazada.vn/products/pdp-i3070995135.html,"Điện thoại Samsung Galaxy A56 5G (12GB/256GB) - Hàng chính hãng - Màn hình Super AMOLED 120Hz, camera chính 64MP AI, đa nhiệm ổn định lưu trữ thoải mái",0,11990000,Bến Tre,https://img.lazcdn.com/g/p/bc06014b1cddde2dbc1ef7d14973619a.jpg_200x200q80.avif,i n tho i Samsung Galaxy A56 5G 12GB/256GB - H ng ch nh h ng - M n h nh Super AMOLED 120Hz camera ch nh 64MP AI a nhi m n nh l u tr tho i m i
https://www.lazada.vn/products/pdp-i3070980005.html,"Điện thoại Samsung Galaxy A56 5G (8GB/256GB) - Hàng chính hãng - Màn hình Super AMOLED 120Hz, camera chính 64MP AI, đa nhiệm ổn định lưu trữ thoải mái",0,10990000,Bến Tre,https://img.lazcdn.com/g/p/7eb51dc016e03639387bbab7ad6da2c8.jpg_200x200q80.avif,i n tho i Samsung Galaxy A56 5G 8GB/256GB - H ng ch nh h ng - M n h nh Super AMOLED 120Hz camera ch nh 64MP AI a nhi m n nh l u tr tho i m i
https://www.lazada.vn/products/pdp-i3070834924.html,điện thoại A53 2SIM mới 6GB/128GB siêu mượt,29,1089000,Hồ Chí Minh,https://img.lazcdn.com/g/p/70af79b989e820ecfebbc07d48278db4.jpg_200x200q80.avif,i n tho i A53 2SIM m i 6GB/128GB si u m t
https://www.lazada.vn/products/pdp-i3070420533.html,"Điện thoại Samsung Galaxy A36 5G (8GB/256GB) - Hàng chính hãng - Màn hình Super AMOLED 6.7 inch tần số quét 120Hz, hiệu năng mạnh mẽ với chip Snapdragon 6 Gen 3 (4nm), Camera chính 50MP hỗ trợ chống rung quang học (OIS)",0,9290000,Bến Tre,https://img.lazcdn.com/g/p/668f518d3dd772ad7e4acbdd71e9cadb.jpg_200x200q80.avif,i n tho i Samsung Galaxy A36 5G 8GB/256GB - H ng ch nh h ng - M n h nh Super AMOLED 6 7 inch t n s qu t 120Hz hi u n ng m nh m v i chip Snapdragon 6 Gen 3 4nm Camera ch nh 50MP h tr ch ng rung quang h c OIS
https://www.lazada.vn/products/pdp-i3070403747.html,"Điện thoại Samsung Galaxy A36 5G (12GB/256GB) - Hàng chính hãng - Màn hình Super AMOLED 6.7 inch tần số quét 120Hz, hiệu năng mạnh mẽ với chip Snapdragon 6 Gen 3 (4nm), Camera chính 50MP hỗ trợ chống rung quang học (OIS)",0,10290000,Bến Tre,https://img.lazcdn.com/g/p/bb4165c1d263f96d6084b6512ffe39f2.jpg_200x200q80.avif,i n tho i Samsung Galaxy A36 5G 12GB/256GB - H ng ch nh h ng - M n h nh Super AMOLED 6 7 inch t n s qu t 120Hz hi u n ng m nh m v i chip Snapdragon 6 Gen 3 4nm Camera ch nh 50MP h tr ch ng rung quang h c OIS
https://www.lazada.vn/products/pdp-i3069922174.html,"Điện thoại Samsung Galaxy A26 5G (8GB/256GB) - Hàng chính hãng - Màn hình Super AMOLED 6.7 inch, tần số quét 120Hz hiệu năng mạnh mẽ, Camera chính 50MP với chống rung quang học (OIS)",0,7990000,Bến Tre,https://img.lazcdn.com/g/p/90ee9698858c6db18b46b9d18d915ba4.jpg_200x200q80.avif,i n tho i Samsung Galaxy A26 5G 8GB/256GB - H ng ch nh h ng - M n h nh Super AMOLED 6 7 inch t n s qu t 120Hz hi u n ng m nh m Camera ch nh 50MP v i ch ng rung quang h c OIS
https://www.lazada.vn/products/pdp-i3069724565.html,"Điện thoại Samsung Galaxy A26 5G (6GB/128GB) - Hàng chính hãng - Màn hình Super AMOLED 6.7 inch, tần số quét 120Hz hiệu năng mạnh mẽ, Camera chính 50MP với chống rung quang học (OIS)",4,6299000,Bến Tre,https://img.lazcdn.com/g/p/ddfc622ea361691636b64d1cf18b2fa5.jpg_200x200q80.avif,i n tho i Samsung Galaxy A26 5G 6GB/128GB - H ng ch nh h ng - M n h nh Super AMOLED 6 7 inch t n s qu t 120Hz hi u n ng m nh m Camera ch nh 50MP v i ch ng rung quang h c OIS
https://www.lazada.vn/products/pdp-i3069702601.html,"Điện thoại Samsung Galaxy A26 5G - Hàng chính hãng - Màn hình Super AMOLED 6.7 inch, tần số quét 120Hz hiệu năng mạnh mẽ, Camera chính 50MP với chống rung quang học (OIS)",4,6299000,Bến Tre,https://img.lazcdn.com/g/p/451e4f9592d22a71ef80ca29c1ccfd27.jpg_200x200q80.avif,i n tho i Samsung Galaxy A26 5G - H ng ch nh h ng - M n h nh Super AMOLED 6 7 inch t n s qu t 120Hz hi u n ng m nh m Camera ch nh 50MP v i ch ng rung quang h c OIS
https://www.lazada.vn/products/pdp-i3069343008.html,"Điện thoại  Redmi_n0te 12 Ram 8GB/128GB pin 5000 mAh máy chính hãng, bảo hành 12 tháng",50,800000,Bình Định,https://img.lazcdn.com/g/p/007c3af28afea99fb048a87be68d07c9.jpg_200x200q80.avif,i n tho i Redmi Note 12 Ram 8GB/128GB pin 5000 mAh m y ch nh h ng b o h nh 12 th ng
https://www.lazada.vn/products/pdp-i3069340030.html,"Điện thoại siêu bền Oukitel WP36(loa to Âm thanh 8D Triple-Cam,Pin 10600mAh,Ram16GB(8+8),Rom128GB,CPU MediaTek 8788)",50,1309000,Bình Định,https://img.lazcdn.com/g/p/9fa8e3c283eaa99c8132adccfe44f863.jpg_200x200q80.avif,i n tho i si u b n Oukitel WP36 loa to m thanh 8D Triple-Cam Pin 10600mAh Ram16GB 8+8 Rom128GB CPU MediaTek 8788
https://www.lazada.vn/products/pdp-i3069336031.html,"Điện thoại SS 22ut máy 2sim ram 12G/256G Chính Hãng, bảo hành 12 tháng",50,1200000,Bình Định,https://img.lazcdn.com/g/p/549fc3fa7ee835d11af459d03d8cbd37.jpg_200x200q80.avif,i n tho i Samsung 22ut m y 2sim ram 12G/256G Ch nh H ng b o h nh 12 th ng
https://www.lazada.vn/products/pdp-i3069332046.html,"Điện thoại siêu phẩm SS_ z f0ld 4 256GB-Chính hãng mới 100%, Bảo hành chính hãng 12 tháng.",50,1400000,Bình Định,https://img.lazcdn.com/g/p/f5eb29d04b110755db15abe4a296be1f.jpg_200x200q80.avif,i n tho i si u ph m Samsung z Fold 4 256GB-Ch nh h ng m i 100 B o h nh ch nh h ng 12 th ng
https://www.lazada.vn/products/pdp-i3069330054.html,"Điện thoại siêu phẩm SS_ A55 5G 128GB-Chính hãng newseal 100%, Bảo hành chính hãng 12 tháng.",50,1100000,Bình Định,https://img.lazcdn.com/g/p/1d3dc590396f33e0b4fe9062d507d14f.jpg_200x200q80.avif,i n tho i si u ph m Samsung A55 5G 128GB-Ch nh h ng newseal 100 B o h nh ch nh h ng 12 th ng
https://www.lazada.vn/products/pdp-i3069330052.html,"Điện thoại mi Mi 15 Utra Cấu hình mạnh, cày game nặng siêu mượt (16+512GB) | Màn hình 6.73""",50,1600000,Bình Định,https://img.lazcdn.com/g/p/e1b036f4d90d6246add04aa67b41a053.jpg_200x200q80.avif,i n tho i Xiaomi 15 Utra C u h nh m nh c y game n ng si u m t 16+512GB M n h nh 6 73
https://www.lazada.vn/products/pdp-i3069322071.html,"Điện thoại Redmi_n0te 10pr0 Ram 8GB/128GB pin 5020 mAh máy chính hãng, bảo hành 12 tháng",50,800000,Bình Định,https://img.lazcdn.com/g/p/2e3db16dc75b277df74c57c0515a4e6a.jpg_200x200q80.avif,i n tho i Redmi Note 10Pro Ram 8GB/128GB pin 5020 mAh m y ch nh h ng b o h nh 12 th ng
https://www.lazada.vn/products/pdp-i3069287248.html,điện thoại 0PP0 Ren012 5G (12GB/256GB) | Cấu hình Cao Chiến mọi Game mượt - Hàng chính hãng Bảo hành 12 tháng,50,950000,Bình Định,https://img.lazcdn.com/g/p/88036aff56da54e1dafcb8a56ec0f5bd.jpg_200x200q80.avif,i n tho i OPPO Ren012 5G 12GB/256GB C u h nh Cao Chi n m i Game m t - H ng ch nh h ng B o h nh 12 th ng
https://www.lazada.vn/products/pdp-i3069283165.html,"Điện thoại Redmi_n0te 13pr Ram 8GB/128GB pin 5000 mAh máy chính hãng, bảo hành 12 tháng",50,1200000,Bình Định,https://img.lazcdn.com/g/p/0ae58627d8a42f5390b5278cd0d5a660.jpg_200x200q80.avif,i n tho i Redmi Note 13pr Ram 8GB/128GB pin 5000 mAh m y ch nh h ng b o h nh 12 th ng
https://www.lazada.vn/products/pdp-i3069275154.html,"Điện thoại SS A32 máy 2sim ram 6G/128G Chính Hãng, VÂN TAY OK",50,800000,Bình Định,https://img.lazcdn.com/g/p/724767a6ee1a8450f63d74b616647f8d.jpg_200x200q80.avif,i n tho i Samsung A32 m y 2sim ram 6G/128G Ch nh H ng V N TAY OK
https://www.lazada.vn/products/pdp-i3069257185.html,"Điện thoại siêu phẩm SS_ z f0ld 5 256GB-Chính hãng mới 100%, Bảo hành chính hãng 12 tháng.",50,1600000,Bình Định,https://img.lazcdn.com/g/p/6e1e3696a85a2b650580f645ba8f2fc7.jpg_200x200q80.avif,i n tho i si u ph m Samsung z Fold 5 256GB-Ch nh h ng m i 100 B o h nh ch nh h ng 12 th ng
https://www.lazada.vn/products/pdp-i3069229353.html,"Điện thoại Red.mi Note 11 pro 2sim ram 8G/128G, Cấu hình mạnh, cày game nặng siêu mượt, VÂN TAY OK",50,800000,Bình Định,https://img.lazcdn.com/g/p/a4a317aaa363f909b0125c001e29efa0.jpg_200x200q80.avif,i n tho i Redmi Note 11 Pro 2sim ram 8G/128G C u h nh m nh c y game n ng si u m t V N TAY OK
https://www.lazada.vn/products/pdp-i3069216392.html,điện thoại 0PP0 Ren08pr0 5G (12GB/256GB) | Cấu hình Cao Chiến mọi Game mượt - Hàng chính hãng Bảo hành 12 tháng,50,900000,Bình Định,https://img.lazcdn.com/g/p/674c91cf325950e41cd7550b3f1864cd.jpg_200x200q80.avif,i n tho i OPPO Ren08Pro 5G 12GB/256GB C u h nh Cao Chi n m i Game m t - H ng ch nh h ng B o h nh 12 th ng
https://www.lazada.vn/products/pdp-i3069212377.html,"Điện thoại siêu phẩm SS_ A72 5G 128GB-Chính hãng newseal 100%, Bảo hành chính hãng 12 tháng.",50,820000,Bình Định,https://img.lazcdn.com/g/p/5902f9c37479817cea7fcb870f00bb93.jpg_200x200q80.avif,i n tho i si u ph m Samsung A72 5G 128GB-Ch nh h ng newseal 100 B o h nh ch nh h ng 12 th ng
https://www.lazada.vn/products/pdp-i3069202337.html,"Điện thoạimi Mi 14 Utra Cấu hình mạnh, cày game nặng siêu mượt  (16+512GB) | Màn hình 6.73""",50,1400000,Bình Định,https://img.lazcdn.com/g/p/46adb94ff5bb2bb07e7386372409f852.jpg_200x200q80.avif,i n tho iXiaomi 14 Utra C u h nh m nh c y game n ng si u m t 16+512GB M n h nh 6 73
https://www.lazada.vn/products/pdp-i3069192543.html,[Chính hãng] Điện thoại Opp0 FFIND N3 FLIP (12GB/256GB) - Hàng chính hãng,50,1500000,Bình Định,https://img.lazcdn.com/g/p/72387abcc588df9763079c9cc69ef2fc.jpg_200x200q80.avif,Ch nh h ng i n tho i OPPO FFIND N3 FLIP 12GB/256GB - H ng ch nh h ng
https://www.lazada.vn/products/pdp-i3069168561.html,"Điện thoại Samsung Galaxy A06 5G (4GB/64GB) - Màn hình lớn 6.7 inch HD+, camera sau kép 50MP, hiệu năng ổn định",10,3129000,Bến Tre,https://img.lazcdn.com/g/p/fcd2ae5174bee0f52f48a69984de5d51.jpg_200x200q80.avif,i n tho i Samsung Galaxy A06 5G 4GB/64GB - M n h nh l n 6 7 inch HD+ camera sau k p 50MP hi u n ng n nh
https://www.lazada.vn/products/pdp-i3069146662.html,"Điện thoại Ss M51 2sim ram 8G/128G, Cấu hình Cao Chiến mọi Game mượt, Chụp ảnh đẹp, VÂN TAY OK",50,700000,Bình Định,https://img.lazcdn.com/g/p/09690e5a3d594637b503730822509ecc.jpg_200x200q80.avif,i n tho i Samsung M51 2sim ram 8G/128G C u h nh Cao Chi n m i Game m t Ch p nh p V N TAY OK
https://www.lazada.vn/products/pdp-i3069142834.html,"Điện thoại SS 24ut máy 2sim ram 12G/512G Chính Hãng, bảo hành 12 tháng",50,1500000,Bình Định,https://img.lazcdn.com/g/p/5d75944756c32a7fad2b4640e8135ecb.jpg_200x200q80.avif,i n tho i Samsung 24ut m y 2sim ram 12G/512G Ch nh H ng b o h nh 12 th ng
https://www.lazada.vn/products/pdp-i3069134700.html,"Điện thoại SS 23ut máy 2sim ram 12G/512G Chính Hãng, bảo hành 12 tháng",50,1300000,Bình Định,https://img.lazcdn.com/g/p/f28660b3cb1fadc4bc0251d0b6a92bf2.jpg_200x200q80.avif,i n tho i Samsung 23ut m y 2sim ram 12G/512G Ch nh H ng b o h nh 12 th ng
https://www.lazada.vn/products/pdp-i3069106747.html,"Điện thoại Samsung Galaxy A26 5G (8GB/128GB) - Hàng chính hãng - Màn hình Super AMOLED 6.7 inch, bộ vi xử lý Exynos 1380, camera chính 50MP",8,6399000,Bến Tre,https://img.lazcdn.com/g/p/b1f6cb36f5266976b853c8a891b5b225.jpg_200x200q80.avif,i n tho i Samsung Galaxy A26 5G 8GB/128GB - H ng ch nh h ng - M n h nh Super AMOLED 6 7 inch b vi x l Exynos 1380 camera ch nh 50MP
https://www.lazada.vn/products/pdp-i3069097839.html,"Điện thoạimi Mi 13 Utra Cấu hình mạnh, cày game nặng siêu mượt",50,1200000,Bình Định,https://img.lazcdn.com/g/p/9f7e6b4f58058bbdcdf56da994529595.jpg_200x200q80.avif,i n tho iXiaomi 13 Utra C u h nh m nh c y game n ng si u m t
https://www.lazada.vn/products/pdp-i3069053956.html,[Chính hãng]Điện thoại 0PP0_Ren0 13 5G - (BH 12 tháng Lỗi 1 đổi 1 trong 30 ngày),50,1400000,Bình Định,https://img.lazcdn.com/g/p/a819fad4b27b1ec18e35d18ddb8f56a5.jpg_200x200q80.avif,Ch nh h ng i n tho i OPPO Ren0 13 5G - BH 12 th ng L i 1 i 1 trong 30 ng y
https://www.lazada.vn/products/pdp-i3069044971.html,[Chính hãng] Điện thoại 0pp0_FFind_X8 Pr0 (12GB/256GB) - Hàng chính hãng,50,1500000,Bình Định,https://img.lazcdn.com/g/p/0bcdfbf785cea87ae8ed481d946d566c.jpg_200x200q80.avif,Ch nh h ng i n tho i OPPO FFind X8 Pro 12GB/256GB - H ng ch nh h ng
https://www.lazada.vn/products/pdp-i3069032985.html,"Unihertz tank 2 Pro (pin 23800 mAh,Ram 24GB(12+12),Rom 512GB,máy chiếu 2.4K, Android 14,camera 100MP, NFC, cốc sạt 120W)",50,1409000,Bình Định,https://img.lazcdn.com/g/p/28bcd5b0fedd6364f660f0ca0281250c.jpg_200x200q80.avif,Unihertz tank 2 Pro pin 23800 mAh Ram 24GB 12+12 Rom 512GB m y chi u 2 4K Android 14 camera 100MP NFC c c s t 120W
https://www.lazada.vn/products/pdp-i3069016884.html,"Điện thoại Samsung Galaxy A06 5G (6GB/128GB) - Hàng chính hãng - Màn hình lớn 6.7 inch HD+, camera sau kép 50MP, hiệu năng ổn định",0,4490000,Bến Tre,https://img.lazcdn.com/g/p/faeaf4667f1a4a25aa1771fd32171e99.jpg_200x200q80.avif,i n tho i Samsung Galaxy A06 5G 6GB/128GB - H ng ch nh h ng - M n h nh l n 6 7 inch HD+ camera sau k p 50MP hi u n ng n nh
https://www.lazada.vn/products/pdp-i3069012924.html,"Điện thoại Samsung Galaxy A06 5G (4GB/128GB) - Hàng chính hãng - Màn hình lớn 6.7 inch HD+, camera sau kép 50MP, hiệu năng ổn định",18,3279000,Bến Tre,https://img.lazcdn.com/g/p/8047e96e8b019f96c4285aaef385530b.jpg_200x200q80.avif,i n tho i Samsung Galaxy A06 5G 4GB/128GB - H ng ch nh h ng - M n h nh l n 6 7 inch HD+ camera sau k p 50MP hi u n ng n nh
https://www.lazada.vn/products/pdp-i3055321941.html,Điện Thoại Samsung Galaxy A06 6GB/128GB,28,2716130,Hồ Chí Minh,https://img.lazcdn.com/g/ff/kf/Sf6c48f3f35fb4fb6ad941a8b2872e0969.jpg_200x200q80.avif,i n Tho i Samsung Galaxy A06 6GB/128GB
https://www.lazada.vn/products/pdp-i3047887500.html,Samsung Galaxy A36 5G 8/128Gb Chính hãng,0,8290000,Bình Dương,https://img.lazcdn.com/g/p/4a101a7f0d8745d28572b685852566c0.jpg_200x200q80.avif,Samsung Galaxy A36 5G 8/128Gb Ch nh h ng
https://www.lazada.vn/products/pdp-i3040255424.html,"Điện thoại Samsung Galaxy A56 5G (8GB/128GB) - Hàng chính hãng - Màn hình Super AMOLED 120Hz, camera chính 64MP AI, đa nhiệm ổn định lưu trữ thoải mái",11,8849000,Bến Tre,https://img.lazcdn.com/g/p/5af8a752f8a2103b1c441bf99057a607.jpg_200x200q80.avif,i n tho i Samsung Galaxy A56 5G 8GB/128GB - H ng ch nh h ng - M n h nh Super AMOLED 120Hz camera ch nh 64MP AI a nhi m n nh l u tr tho i m i
https://www.lazada.vn/products/pdp-i3040248611.html,"Điện thoại Samsung Galaxy A56 5G - Hàng chính hãng - Màn hình Super AMOLED 120Hz, camera chính 64MP AI, đa nhiệm ổn định lưu trữ thoải mái",11,8849000,Bến Tre,https://img.lazcdn.com/g/p/3936faa710f71b729dbeea3615ee551b.jpg_200x200q80.avif,i n tho i Samsung Galaxy A56 5G - H ng ch nh h ng - M n h nh Super AMOLED 120Hz camera ch nh 64MP AI a nhi m n nh l u tr tho i m i
https://www.lazada.vn/products/pdp-i3040008443.html,"Điện thoại Samsung Galaxy S25 Ultra (12GB/512GB) - Hàng chính hãng - Chụp ảnh siêu nét zoom xa, hiển thị siêu mượt sắc nét ấn tượng, hiệu năng mạnh mẽ tiết kiệm pin",15,31990000,Bến Tre,https://img.lazcdn.com/g/p/b2b8e52a62631dadfe10f9edc5f361c2.jpg_200x200q80.avif,i n tho i Samsung Galaxy S25 Ultra 12GB/512GB - H ng ch nh h ng - Ch p nh si u n t zoom xa hi n th si u m t s c n t n t ng hi u n ng m nh m ti t ki m pin
https://www.lazada.vn/products/pdp-i3039918394.html,"Điện thoại Samsung Galaxy S25 Ultra - Hàng chính hãng - Hiển thị mượt mà sắc nét, hiệu năng mạnh mẽ, chụp ảnh siêu nét hỗ trợ zoom quang học cao",17,28090000,Bến Tre,https://img.lazcdn.com/g/p/8c897b0a07254ddf613cc2c688bd9473.jpg_200x200q80.avif,i n tho i Samsung Galaxy S25 Ultra - H ng ch nh h ng - Hi n th m t m s c n t hi u n ng m nh m ch p nh si u n t h tr zoom quang h c cao
https://www.lazada.vn/products/pdp-i3039909581.html,"Điện thoại Samsung Galaxy S25 Ultra (12GB/512GB) - Hàng chính hãng - Chụp ảnh siêu nét zoom xa, hiển thị siêu mượt sắc nét ấn tượng, hiệu năng mạnh mẽ tiết kiệm pin",16,31490000,Bến Tre,https://img.lazcdn.com/g/p/652231e0512299b3772c89f3a8820450.jpg_200x200q80.avif,i n tho i Samsung Galaxy S25 Ultra 12GB/512GB - H ng ch nh h ng - Ch p nh si u n t zoom xa hi n th si u m t s c n t n t ng hi u n ng m nh m ti t ki m pin
https://www.lazada.vn/products/pdp-i3039790489.html,"Điện thoại Samsung Galaxy A36 5G (8GB/128GB) - Hàng chính hãng - Màn hình Super AMOLED 120Hz, mạng 5G tốc độ cao, camera chính 50MP AI",9,7559000,Bến Tre,https://img.lazcdn.com/g/p/71a08a537e32252ee95038d8ff2f45e4.jpg_200x200q80.avif,i n tho i Samsung Galaxy A36 5G 8GB/128GB - H ng ch nh h ng - M n h nh Super AMOLED 120Hz m ng 5G t c cao camera ch nh 50MP AI
https://www.lazada.vn/products/pdp-i3039160507.html,"Điện thoại Samsung Galaxy A36 5G - Hàng chính hãng - Màn hình Super AMOLED 120Hz, mạng 5G tốc độ cao, camera chính 50MP AI",9,7559000,Bến Tre,https://img.lazcdn.com/g/p/dc7c32d4c9b475e2d0aac061e661a490.jpg_200x200q80.avif,i n tho i Samsung Galaxy A36 5G - H ng ch nh h ng - M n h nh Super AMOLED 120Hz m ng 5G t c cao camera ch nh 50MP AI
https://www.lazada.vn/products/pdp-i3029287020.html,Galaxy Bus 3 Pro Tai nghe Samsung,17,2500000,Hà Nội,https://img.lazcdn.com/g/ff/kf/Sbec7b1902d58496fb509d27fd24436b6K.jpg_200x200q80.avif,Galaxy Bus 3 Pro Tai nghe Samsung
https://www.lazada.vn/products/pdp-i3012575353.html,"Điện thoại Samsung Galaxy A53 màn 6.5"" Super Amoled 128GB/8GB ram, máy Mỹ 01 sim, đẹp long lanh, lướt Wed Tiktok Facebook Youtube chất",14,3000000,Hồ Chí Minh,https://img.lazcdn.com/g/p/afebcfe05f6ffff1f07e38524567d42c.jpg_200x200q80.avif,i n tho i Samsung Galaxy A53 m n 6 5 Super Amoled 128GB/8GB ram m y M 01 sim p long lanh l t Wed Tiktok Facebook Youtube ch t
https://www.lazada.vn/products/pdp-i3007072713.html,Samsung Star S5233W,0,550000,Hồ Chí Minh,https://img.lazcdn.com/g/p/8438ce2db31db6a9e2fb21c82a68a688.jpg_200x200q80.avif,Samsung Star S5233W
https://www.lazada.vn/products/pdp-i3005356389.html,Điện thoại Samsung Galaxy A16 LTE (4GB/128GB) - Hàng chính hãng,13,4450000,Hồ Chí Minh,https://img.lazcdn.com/g/p/98f483addea3ff7d7781635497a2b3a9.png_200x200q80.avif,i n tho i Samsung Galaxy A16 LTE 4GB/128GB - H ng ch nh h ng
https://www.lazada.vn/products/pdp-i2988454312.html,Samsung Galaxy S25 Ultra 5G 256GB,0,33990000,Bình Dương,https://img.lazcdn.com/g/p/d8cd8976a22fcd10d890ff6bf5d8e370.png_200x200q80.avif,Samsung Galaxy S25 Ultra 5G 256GB
https://www.lazada.vn/products/pdp-i2986203990.html,Samsung Galaxy S25 12GB/512GB Chính Hãng,19,23800000,Hà Nội,https://img.lazcdn.com/g/p/baa01ea2e9ade527b4ec4c3718717106.jpg_200x200q80.avif,Samsung Galaxy S25 12GB/512GB Ch nh H ng
https://www.lazada.vn/products/pdp-i2977661091.html,Điện thoại  SAMSUNG Galaxy S25 Ultra 1TB - Độc quyền Online,22,34990000,Hồ Chí Minh,https://img.lazcdn.com/g/p/c5895395fa6d3a9536ca6857f86222d5.png_200x200q80.avif,i n tho i Samsung Galaxy S25 Ultra 1TB - c quy n Online
https://www.lazada.vn/products/pdp-i2966311430.html,"Điện thoại Samsung Note 10 plus Ram 12G/256G Chính Hãng chiến ngon mọi game, Vân tay ok",0,3500000,Bạc Liêu,https://img.lazcdn.com/g/p/8e89987849f4e9606ee0a12a91c496f4.jpg_200x200q80.avif,i n tho i Samsung Note 10 plus Ram 12G/256G Ch nh H ng chi n ngon m i game V n tay ok
https://www.lazada.vn/products/pdp-i2964780934.html,điện thoại giá rẻ,0,750000,Đồng Nai,https://img.lazcdn.com/g/ff/kf/S89850e356b1d4fe6ad94ec0bdf38cc98j.jpg_200x200q80.avif,i n tho i gi r
https://www.lazada.vn/products/pdp-i2957392123.html,Điện Thoại Samsung A16 4GB/128GB - Hàng Chính Hãng,23,3934000,Bến Tre,https://img.lazcdn.com/g/p/6d21060c0289a9aafdcd7b83928e007d.jpg_200x200q80.avif,i n Tho i Samsung A16 4GB/128GB - H ng Ch nh H ng
https://www.lazada.vn/products/pdp-i2957285409.html,Điện Thoại Samsung A16 4GB/128GB - Hàng Chính Hãng,19,4145000,Bến Tre,https://img.lazcdn.com/g/p/bc56d8b06e27ef0d00ae74dc92bda534.jpg_200x200q80.avif,i n Tho i Samsung A16 4GB/128GB - H ng Ch nh H ng
https://www.lazada.vn/products/pdp-i2938466814.html,"Điện thoại Samsung Galaxy Note 10 Plus ram 12G/256G, Cấu hình Cao Chiến mọi Game mượt, Camera siêu đẹp",0,3500000,Bạc Liêu,https://img.lazcdn.com/g/p/c255f8b118dc59c6944caf78b5060ebd.jpg_200x200q80.avif,i n tho i Samsung Galaxy Note 10 Plus ram 12G/256G C u h nh Cao Chi n m i Game m t Camera si u p
https://www.lazada.vn/products/pdp-i2937061345.html,Điện thoại Gaming REDMAGIC 10 PRO 12GB/256GB Bản Quốc Tế Chính hãng,18,19650000,Hồ Chí Minh,https://img.lazcdn.com/g/p/efe141c9c43016372dc3c235e8003e0e.png_200x200q80.avif,i n tho i Gaming REDMAGIC 10 Pro 12GB/256GB B n Qu c T Ch nh h ng
https://www.lazada.vn/products/pdp-i2936580215.html,Điện thoại Samsung Galaxy A16 5G (8GBI128GB) - Hàng chính hãng,0,6060000,Hồ Chí Minh,https://img.lazcdn.com/g/p/33e62c1a2fe4e1052106a5d0f0fb3f70.png_200x200q80.avif,i n tho i Samsung Galaxy A16 5G 8GBI128GB - H ng ch nh h ng
https://www.lazada.vn/products/pdp-i2931350724.html,ĐIỆN THOẠI SAMSUNG A14 - 5G HÀNG CHÍNH HÃNG,0,2850000,Nam Định,https://img.lazcdn.com/g/ff/kf/S5ac9ae87b7b944689b8905b78399bc8ek.jpg_200x200q80.avif,I N THO I Samsung A14 - 5G H NG CH NH H NG
https://www.lazada.vn/products/pdp-i2930974311.html,"Điện thoại Samsung Note 10 Plus RAM 12G | 256G, Cấu hình Cao Chiến mọi Game mượt, Chụp ảnh đẹp -  Smartphone",0,3500000,Bạc Liêu,https://img.lazcdn.com/g/p/a87240a047c28db3e20d9df333e603df.jpg_200x200q80.avif,i n tho i Samsung Note 10 Plus RAM 12G 256G C u h nh Cao Chi n m i Game m t Ch p nh p - Smartphone
https://www.lazada.vn/products/pdp-i2929214533.html,"Samsung Galaxy J7 Prime 3/32 Hiệu Năng Tốt, Giá Rẻ",0,590000,Thái Nguyên,https://img.lazcdn.com/g/p/483d5f761847e7ce10a7c1469ba41932.jpg_200x200q80.avif,Samsung Galaxy J7 Prime 3/32 Hi u N ng T t Gi R
https://www.lazada.vn/products/pdp-i2928730093.html,Điện Thoại Samsung Galaxy Z Flip6 5G 12GB/256GB-Hàng chính hãng,35,18709000,Hồ Chí Minh,https://img.lazcdn.com/g/p/d7212ac5ddbdd57121e52d2184d20aa0.jpg_200x200q80.avif,i n Tho i Samsung Galaxy Z Flip6 5G 12GB/256GB-H ng ch nh h ng
https://www.lazada.vn/products/pdp-i2927442858.html,Điện thoại Samsung Galaxy M34 5G (8GB I 128GB) - Hàng chính hãng,33,5369000,Hồ Chí Minh,https://img.lazcdn.com/g/p/c8331dd7053b93fcfb201b8bf178f39f.png_200x200q80.avif,i n tho i Samsung Galaxy M34 5G 8GB I 128GB - H ng ch nh h ng
https://www.lazada.vn/products/pdp-i2925387020.html,Điện Thoại Samsung Galaxy A05s (4GB/128GB)-Hàng chính hãng,32,2729000,Hồ Chí Minh,https://img.lazcdn.com/g/p/2b913e92445c7ec4d3ee6c640f373df2.jpg_200x200q80.avif,i n Tho i Samsung Galaxy A05s 4GB/128GB -H ng ch nh h ng
https://www.lazada.vn/products/pdp-i2925346110.html,Điện Thoại Samsung Galaxy A55 5G 128GB-Hàng chính hãng,0,12000000,Hồ Chí Minh,https://img.lazcdn.com/g/p/4ef57b2b746118e97aad639baa455927.jpg_200x200q80.avif,i n Tho i Samsung Galaxy A55 5G 128GB-H ng ch nh h ng
https://www.lazada.vn/products/pdp-i2925307221.html,Điện thoại Samsung Galaxy A25 6GB/128GB-Hàng chính hãng,19,5329000,Hồ Chí Minh,https://img.lazcdn.com/g/p/05c946a1ef1ebc2a2664f4cb4069dcbb.jpg_200x200q80.avif,i n tho i Samsung Galaxy A25 6GB/128GB-H ng ch nh h ng
https://www.lazada.vn/products/pdp-i2924249345.html,"Điện thoại Samsung Galaxy A16 LTE (4GB/128GB) - Hàng chính hãng - Màn hình Super AMOLED 6.7 inch, FHD+, chip MediaTek Helio G99 mạnh mẽ, Kháng nước và bụi IP54, Pin 5000mAh, sạc nhanh 25W",27,3699000,Bến Tre,https://img.lazcdn.com/g/p/0579c4fec3c19c8b355fc2247fc00ce8.jpg_200x200q80.avif,i n tho i Samsung Galaxy A16 LTE 4GB/128GB - H ng ch nh h ng - M n h nh Super AMOLED 6 7 inch FHD+ chip MediaTek Helio G99 m nh m Kh ng n c v b i IP54 Pin 5000mAh s c nhanh 25W
https://www.lazada.vn/products/pdp-i2924204476.html,"Điện thoại Samsung Galaxy A16 LTE (8GB/256GB) - Hàng chính hãng - Màn hình Super AMOLED 6.7 inch, FHD+, chip MediaTek Helio G99 mạnh mẽ, Kháng nước và bụi IP54, Pin 5000mAh, sạc nhanh 25W",11,5939000,Bến Tre,https://img.lazcdn.com/g/p/3e1c5cd35031864fc6b0f4f870fdb376.jpg_200x200q80.avif,i n tho i Samsung Galaxy A16 LTE 8GB/256GB - H ng ch nh h ng - M n h nh Super AMOLED 6 7 inch FHD+ chip MediaTek Helio G99 m nh m Kh ng n c v b i IP54 Pin 5000mAh s c nhanh 25W
https://www.lazada.vn/products/pdp-i2924107514.html,"Điện thoại Samsung Galaxy A16 LTE - Hàng chính hãng - Màn hình Super AMOLED 6.7 inch, FHD+, chip MediaTek Helio G99 mạnh mẽ, Kháng nước và bụi IP54, Pin 5000mAh, sạc nhanh 25W",27,3699000,Bến Tre,https://img.lazcdn.com/g/p/6cb4601eb6cf63c7f48fd77930b0f148.jpg_200x200q80.avif,i n tho i Samsung Galaxy A16 LTE - H ng ch nh h ng - M n h nh Super AMOLED 6 7 inch FHD+ chip MediaTek Helio G99 m nh m Kh ng n c v b i IP54 Pin 5000mAh s c nhanh 25W
https://www.lazada.vn/products/pdp-i2923984785.html,"Điện thoại Samsung Galaxy A16 LTE (8GB/128GB) - Hàng chính hãng - Màn hình Super AMOLED 6.7 inch, FHD+, chip MediaTek Helio G99 mạnh mẽ, Kháng nước và bụi IP54, Pin 5000mAh, sạc nhanh 25W",6,5539000,Bến Tre,https://img.lazcdn.com/g/p/fb7bef34d90e9c2ab3e9d7af30856410.jpg_200x200q80.avif,i n tho i Samsung Galaxy A16 LTE 8GB/128GB - H ng ch nh h ng - M n h nh Super AMOLED 6 7 inch FHD+ chip MediaTek Helio G99 m nh m Kh ng n c v b i IP54 Pin 5000mAh s c nhanh 25W
https://www.lazada.vn/products/pdp-i2919131399.html,"Điện thoại Samsung Galaxy A16 5G (8GB/256GB) - Hàng chính hãng - Màn hình: Super AMOLED 6.7 inch, FHD+, 90Hz, Chip MediaTek Dimensity 6300 mạnh mẽ, Kháng nước và bụi IP54, Dung lượng pin 5000mAh, sạc nhanh 25W",0,6990000,Bến Tre,https://img.lazcdn.com/g/p/ecaf743b39d6d141b31177d082f4faa6.jpg_200x200q80.avif,i n tho i Samsung Galaxy A16 5G 8GB/256GB - H ng ch nh h ng - M n h nh Super AMOLED 6 7 inch FHD+ 90Hz Chip MediaTek Dimensity 6300 m nh m Kh ng n c v b i IP54 Dung l ng pin 5000mAh s c nhanh 25W
https://www.lazada.vn/products/pdp-i2911210584.html,điện thoại cũ chính hãng neo 9.a37.a71 2018.2 sim 4G.tặng dây sạc.ốp.cường lực,0,475000,Tuyên Quang,https://img.lazcdn.com/g/ff/kf/S9c6d94a298aa4ac9a618dc627c2c8a5aT.jpg_200x200q80.avif,i n tho i c ch nh h ng neo 9 a37 a71 2018 2 sim 4G t ng d y s c p c ng l c
https://www.lazada.vn/products/pdp-i2901196018.html,Xác điện thoại cũ iP7 plu bị vô hiệu hóa.,0,350000,Điện Biên,https://img.lazcdn.com/g/ff/kf/S5ee8706bec1b47ef97d1ace954f7590dk.jpg_200x200q80.avif,X c i n tho i c iP7 plu b v hi u h a
https://www.lazada.vn/products/pdp-i2901147177.html,Xác điện thoại oppo a5s.,0,175000,Điện Biên,https://img.lazcdn.com/g/ff/kf/Sa06c823ad6444b0dbb9e9c7cc26a1617R.jpg_200x200q80.avif,X c i n tho i OPPO a5s
https://www.lazada.vn/products/pdp-i2901041610.html,Xác điện thoại samsung M21 hỏng màn.,0,420000,Điện Biên,https://img.lazcdn.com/g/ff/kf/S72efd788983741988f9b7e0a7a9ee43dI.jpg_200x200q80.avif,X c i n tho i Samsung M21 h ng m n
https://www.lazada.vn/products/pdp-i2885628676.html,Điện thoại SAMSUNG J7 Prime 3G/32G có hỗ trợ 4G giao màu ngẫu nhiên,0,765000,Bình Định,https://img.lazcdn.com/g/p/db9205dbc740f20d8e2f543788c3fdd5.jpg_200x200q80.avif,i n tho i Samsung J7 Prime 3G/32G c h tr 4G giao m u ng u nhi n
https://www.lazada.vn/products/pdp-i2877779518.html,"Điện thoại Samsung Galaxy S24 FE (8GB/256GB) - Hàng chính hãng - Màn hình Dynamic AMOLED 2X 6.7 inch, Full HD+, tần số quét 120Hz, Chipset Exynos 2400e mạnh mẽ, Dung lượng pin: 4700 mAh, sạc nhanh 25W",0,18490000,Bến Tre,https://img.lazcdn.com/g/p/6e356e185e05e5a5afabdc5be855d62f.jpg_200x200q80.avif,i n tho i Samsung Galaxy S24 FE 8GB/256GB - H ng ch nh h ng - M n h nh Dynamic AMOLED 2X 6 7 inch Full HD+ t n s qu t 120Hz Chipset Exynos 2400e m nh m Dung l ng pin 4700 mAh s c nhanh 25W
https://www.lazada.vn/products/pdp-i2865841577.html,Điện thoại SAMSUNG J7 Pro 3/32GB giao màu ngẫu nhiên,0,790000,Bình Định,https://img.lazcdn.com/g/p/7c29afcc24438119b0aca44ae9d176b1.jpg_200x200q80.avif,i n tho i Samsung J7 Pro 3/32GB giao m u ng u nhi n
https://www.lazada.vn/products/pdp-i2864275511.html,"Điện thoại Samsung Galaxy S24 FE - Hàng chính hãng - Màn hình Dynamic AMOLED 2X 6.7 inch, Full HD+, tần số quét 120Hz, Chipset Exynos 2400e mạnh mẽ, Dung lượng pin: 4700 mAh, sạc nhanh 25W",6,15990000,Bến Tre,https://img.lazcdn.com/g/p/f44de28efb65932a89a9b79289dab6c4.jpg_200x200q80.avif,i n tho i Samsung Galaxy S24 FE - H ng ch nh h ng - M n h nh Dynamic AMOLED 2X 6 7 inch Full HD+ t n s qu t 120Hz Chipset Exynos 2400e m nh m Dung l ng pin 4700 mAh s c nhanh 25W
https://www.lazada.vn/products/pdp-i2845516007.html,Điện thoại tàu samsung galaxy a72.,0,255000,Điện Biên,https://img.lazcdn.com/g/ff/kf/S57e66267f0a4416da305d82ca3fad613w.jpg_200x200q80.avif,i n tho i t u Samsung galaxy a72
https://www.lazada.vn/products/pdp-i2831522148.html,SAMSUNG S10PLUS MÁY LƯỚT WEB SIÊU MẠNH SIÊU BỀN SIÊU MƯỢT 8G/128G,11,2500000,Bạc Liêu,https://img.lazcdn.com/g/p/afc90236d9185e9a3a9f765cc361081a.jpg_200x200q80.avif,Samsung S10PLUS M Y L T WEB SI U M NH SI U B N SI U M T 8G/128G
https://www.lazada.vn/products/pdp-i2830022727.html,Điện Thoại Redmi 13C (6+128GB) Màn Hình 6.74'' 90Hz Media Tek Helio G85 5000mAh,6,3290000,Hồ Chí Minh,https://img.lazcdn.com/g/p/9ef8f584dbcdb75601012eac492ec324.jpg_200x200q80.avif,i n Tho i Redmi 13C 6+128GB M n H nh 6 74 90Hz Media Tek Helio G85 5000mAh
https://www.lazada.vn/products/pdp-i2830002755.html,"Điện Thoại Redmi Note 13 (6+128GB) Chip Snapdragon Màn Hình 6.67""  FHD 120Hz",6,4590000,Hồ Chí Minh,https://img.lazcdn.com/g/p/39097668e210ae46b1444758a40270b2.jpg_200x200q80.avif,i n Tho i Redmi Note 13 6+128GB Chip Snapdragon M n H nh 6 67 FHD 120Hz
https://www.lazada.vn/products/pdp-i2828552819.html,Điện thoại SAMSUNG J8 3G/32G 2018 thanh lí giá rẻ giao màu ngẫu nhiên.,0,839000,Bình Định,https://img.lazcdn.com/g/p/830dcf7d394253208f21c8ac434b330a.jpg_200x200q80.avif,i n tho i Samsung J8 3G/32G 2018 thanh l gi r giao m u ng u nhi n
https://www.lazada.vn/products/pdp-i2826080373.html,điện thoại samsung cũ A03 ram 3G bộ nhớ 32G máy qua sử dụng 97% tặng kèm sạc.ốp cường lực,0,1250000,Tuyên Quang,https://img.lazcdn.com/g/ff/kf/S97900d4a0a6e46a4829b2b9d74ef0d63B.jpg_200x200q80.avif,i n tho i Samsung c A03 ram 3G b nh 32G m y qua s d ng 97 t ng k m s c p c ng l c
https://www.lazada.vn/products/pdp-i2825987491.html,điện thoại samsung A10 cũ qua sử dụng 95% 2 sim 4G tặng sạc.ốp cường lực,0,735000,Tuyên Quang,https://img.lazcdn.com/g/ff/kf/Sda50ad9b621d4ccc9a0e4f6463ec34c8n.jpg_200x200q80.avif,i n tho i Samsung A10 c qua s d ng 95 2 sim 4G t ng s c p c ng l c
https://www.lazada.vn/products/pdp-i2823444645.html,"Điện thoại Sony XZ3 - Sony Xperia XZ3 Chip Snapdragon 845 Ram 4/64G, Màn: P-OLED, 6.0"", Quad HD+ 2K+",0,1590000,Hưng Yên,https://img.lazcdn.com/g/p/7228d9b4244770c9af94206a1971284d.jpg_200x200q80.avif,i n tho i Sony XZ3 - Sony Xperia XZ3 Chip Snapdragon 845 Ram 4/64G M n P-OLED 6 0 Quad HD+ 2K+
https://www.lazada.vn/products/pdp-i2819543571.html,[ SALE CUỐI NĂM ] điện thoại VlV0 Y20s ram 8G rom 256GB 2sim full zin hàng có sẵn ship siêu nhanh,0,3595000,Hồ Chí Minh,https://img.lazcdn.com/g/p/00105040d169207fae00125f496427be.jpg_200x200q80.avif,SALE CU I N M i n tho i VlV0 Y20s ram 8G rom 256GB 2sim full zin h ng c s n ship si u nhanh
https://www.lazada.vn/products/pdp-i2811755135.html,điện thoại samsung a10 cũ 97%,0,745000,Tuyên Quang,https://img.lazcdn.com/g/ff/kf/S6071bbfdae3141ebb592957b9d65c8138.jpg_200x200q80.avif,i n tho i Samsung a10 c 97
https://www.lazada.vn/products/pdp-i2795880250.html,Điện thoại Samsung Galaxy S24 Ultra 5G - Hàng chính hãng,22,26490000,Hà Nội,https://img.lazcdn.com/g/p/dfc7863adbbcb5ad341aa2ce929ef618.jpg_200x200q80.avif,i n tho i Samsung Galaxy S24 Ultra 5G - H ng ch nh h ng
https://www.lazada.vn/products/pdp-i2795736472.html,Điện thoại Samsung Galaxy S24 5G - Hàng chính hãng,19,18590000,Hà Nội,https://img.lazcdn.com/g/p/d660f1de3f33d1a0db1ed591d84a6106.jpg_200x200q80.avif,i n tho i Samsung Galaxy S24 5G - H ng ch nh h ng
https://www.lazada.vn/products/pdp-i2787524288.html,Điện thoại samsung galaxy j7 prime.,0,400000,Điện Biên,https://img.lazcdn.com/g/ff/kf/Sf061087e54764972b481b4370a89366bP.jpg_200x200q80.avif,i n tho i Samsung galaxy j7 prime
https://www.lazada.vn/products/pdp-i2773580725.html,Điện thoại Samsung Galaxy Z Flip 6 - Hàng chính hãng,14,24990000,Hà Nội,https://img.lazcdn.com/g/p/cd3a35f73a2ff85b6911d0f6a34622c0.png_200x200q80.avif,i n tho i Samsung Galaxy Z Flip 6 - H ng ch nh h ng
https://www.lazada.vn/products/pdp-i2773534878.html,"Điện thoại Samsung Galaxy A15 5G (8GB/256GB) - Hàng chính hãng - Màn hình Super AMOLED 6.5” FHD+ 90Hz, Chip MediaTek Dimensity 6100+ mạnh mẽ, Camera sau 50 MP sắc nét",14,5439000,Bến Tre,https://img.lazcdn.com/g/p/a9b534b36f156760c31f93f702a5bc34.jpg_200x200q80.avif,i n tho i Samsung Galaxy A15 5G 8GB/256GB - H ng ch nh h ng - M n h nh Super AMOLED 6 5 FHD+ 90Hz Chip MediaTek Dimensity 6100+ m nh m Camera sau 50 MP s c n t
https://www.lazada.vn/products/pdp-i2746508815.html,Điện Thoại Samsung Galaxy S24+ 5G - Hàng Chính Hãng,30,15990000,Hà Nội,https://img.lazcdn.com/g/p/dd5ca94b4cef9deb3ee956c83a37502d.png_200x200q80.avif,i n Tho i Samsung Galaxy S24+ 5G - H ng Ch nh H ng
https://www.lazada.vn/products/pdp-i2739924001.html,"Điện thoại Samsung Galaxy A55 5G Ram 8GB | 128GB, Màn hình 6.6"" 120Hz | Chip Exynos 1480 - Bảo hành độc quyền 2 năm",22,7690000,Hồ Chí Minh,https://img.lazcdn.com/g/p/91e329573a626cad65c69e7b910b18fe.png_200x200q80.avif,i n tho i Samsung Galaxy A55 5G Ram 8GB 128GB M n h nh 6 6 120Hz Chip Exynos 1480 - B o h nh c quy n 2 n m
https://www.lazada.vn/products/pdp-i2739712610.html,"Điện thoai Samsung Galaxy A35 5G Ram 8GB | 128GB Chính Hãng - Màn hình 6.6"" 120Hz | Chịp Exynos 1380 - Bảo hành 2 năm",13,7199000,Hồ Chí Minh,https://img.lazcdn.com/g/p/d373a02389d0c9327f111c1d00f530a4.png_200x200q80.avif,i n thoai Samsung Galaxy A35 5G Ram 8GB 128GB Ch nh H ng - M n h nh 6 6 120Hz Ch p Exynos 1380 - B o h nh 2 n m
https://www.lazada.vn/products/pdp-i2737878902.html,"Điện thoại Samsung Galaxy M35 5G (8GB/128GB) - Hàng chính hãng - Cấu hình mạnh mẽ, Pin lớn 6000 mAh , Bộ 3 camera chụp ảnh sắc nét",14,6899000,Bến Tre,https://img.lazcdn.com/g/p/468b1794897e609bdc39619752997fe1.jpg_200x200q80.avif,i n tho i Samsung Galaxy M35 5G 8GB/128GB - H ng ch nh h ng - C u h nh m nh m Pin l n 6000 mAh B 3 camera ch p nh s c n t
https://www.lazada.vn/products/pdp-i2732576552.html,"Samsung Galaxy Y S5360/Hỗ Trợ 3G,Wifi-Tặng Kèm Thẻ Nhớ",0,200000,Hà Nội,https://img.lazcdn.com/g/p/44e1fe0ab9cc4996aaec62ceced44491.jpg_200x200q80.avif,Samsung Galaxy Y S5360/H Tr 3G Wifi-T ng K m Th Nh
https://www.lazada.vn/products/pdp-i2724288484.html,Điện thoại chính hãng Samsung J6+ (J6 Plus) J6 prime,0,219000,Đăk Lăk,https://img.lazcdn.com/g/ff/kf/S9f225ffd5aa04312a0129bc01b95e849a.jpg_200x200q80.avif,i n tho i ch nh h ng Samsung J6+ J6 Plus J6 prime
https://www.lazada.vn/products/pdp-i2724249641.html,Điện thoại chính hãng SamSung Galaxy J2 Prime (G532),0,85000,Đăk Lăk,https://img.lazcdn.com/g/ff/kf/Sdf7fe5129a374231bcff540831692d7as.jpg_200x200q80.avif,i n tho i ch nh h ng Samsung Galaxy J2 Prime G532
https://www.lazada.vn/products/pdp-i2724016484.html,"Điện thoại Samsung Galaxy Z Flip6 (12GB/256GB) - Hàng chính hãng - Thiết kế gập thời thượng, camera vượt trội, tích hợp AI đỉnh cao, hiệu năng mạnh mẽ Snapdragon 8 Gen 3 for Galaxy",28,20990000,Bến Tre,https://img.lazcdn.com/g/p/9294f99476aad26be74183e96bb66a23.jpg_200x200q80.avif,i n tho i Samsung Galaxy Z Flip6 12GB/256GB - H ng ch nh h ng - Thi t k g p th i th ng camera v t tr i t ch h p AI nh cao hi u n ng m nh m Snapdragon 8 Gen 3 for Galaxy
https://www.lazada.vn/products/pdp-i2722415414.html,Điện thoại chính hãng Samsung Galaxy A750 A7 có NFC,0,299000,Đăk Lăk,https://img.lazcdn.com/g/ff/kf/S9b2b06e9cd6c4873999ffe550d9e026d6.jpg_200x200q80.avif,i n tho i ch nh h ng Samsung Galaxy A750 A7 c NFC
https://www.lazada.vn/products/pdp-i2720775270.html,"Điện thoại Samsung Galaxy A15 LTE (8GB/128GB) - Hàng chính hãng - Màn hình Super AMOLED 6.5"", độ phân giải cao, hiệu năng ổn định",18,4109000,Bến Tre,https://img.lazcdn.com/g/p/4b7fd29c61fb51ac148903d947bfa336.jpg_200x200q80.avif,i n tho i Samsung Galaxy A15 LTE 8GB/128GB - H ng ch nh h ng - M n h nh Super AMOLED 6 5 ph n gi i cao hi u n ng n nh
https://www.lazada.vn/products/pdp-i2714084532.html,Điện thoại Samsung Galaxy A15 5G 8GB/256GB - Hàng chính hãng,15,5340000,Hà Nội,https://img.lazcdn.com/g/p/b419ac71517307a945ba8924abf17eb5.jpg_200x200q80.avif,i n tho i Samsung Galaxy A15 5G 8GB/256GB - H ng ch nh h ng
https://www.lazada.vn/products/pdp-i2695527007.html,Điện thoại Samsung Galaxy Z Fold6 12GB/1TB - Độc quyền online,15,46990000,Hồ Chí Minh,https://img.lazcdn.com/g/ff/kf/S31cbc95332334bc190273cbeadd50138j.jpg_200x200q80.avif,i n tho i Samsung Galaxy Z Fold6 12GB/1TB - c quy n online
https://www.lazada.vn/products/pdp-i2695430032.html,"Điện thoại Samsung Galaxy A15 LTE (8GB/256GB) - Hàng chính hãng - Màn hình: Super AMOLED 6.5"", Full HD+, RAM: 8 GB, hiệu năng ổn định",15,4739000,Bến Tre,https://img.lazcdn.com/g/p/5556734e2c77abd1bb5981e99907a014.jpg_200x200q80.avif,i n tho i Samsung Galaxy A15 LTE 8GB/256GB - H ng ch nh h ng - M n h nh Super AMOLED 6 5 Full HD+ RAM 8 GB hi u n ng n nh
https://www.lazada.vn/products/pdp-i2695180997.html,Điện thoại Samsung Galaxy Z Fold6 12GB/512GB - Độc quyền online,19,38990000,Hồ Chí Minh,https://img.lazcdn.com/g/ff/kf/S5ba7c46aafb74bc0b4103c1eed62c653c.jpg_200x200q80.avif,i n tho i Samsung Galaxy Z Fold6 12GB/512GB - c quy n online
https://www.lazada.vn/products/pdp-i2683969140.html,Điện thoại di động Samsung Galaxy A25 5G - 6GB/128GB - Chính hãng,9,5990000,Hà Nội,https://img.lazcdn.com/g/p/c9992a8ff5413f976a9268637ec4b90b.png_200x200q80.avif,i n tho i di ng Samsung Galaxy A25 5G - 6GB/128GB - Ch nh h ng
https://www.lazada.vn/products/pdp-i2683909129.html,Điện thoại Samsung Galaxy A54 5G 8GB/128GB - Chính hãng,15,8930000,Hà Nội,https://img.lazcdn.com/g/p/618ca76e70d99675521f6414d9c6bc15.png_200x200q80.avif,i n tho i Samsung Galaxy A54 5G 8GB/128GB - Ch nh h ng
https://www.lazada.vn/products/pdp-i2674681530.html,Xác điện thoại samsung galaxy a20,0,205000,Điện Biên,https://img.lazcdn.com/g/ff/kf/S3f5d03eba5da408b9729c08d3c0b5ee1K.jpg_200x200q80.avif,X c i n tho i Samsung galaxy a20
https://www.lazada.vn/products/pdp-i2674635716.html,Xác điện thoại samsung j7 prime.,0,152000,Điện Biên,https://img.lazcdn.com/g/ff/kf/S42386bac639a451d94995c72d13feca0s.jpg_200x200q80.avif,X c i n tho i Samsung j7 prime
https://www.lazada.vn/products/pdp-i2667104388.html,Samsung Galaxy A55 5G 8GB/128GB Chính Hãng,19,8100000,Hà Nội,https://img.lazcdn.com/g/p/0f2a3b9af0308a5cc26c11fc758903f5.png_200x200q80.avif,Samsung Galaxy A55 5G 8GB/128GB Ch nh H ng
https://www.lazada.vn/products/pdp-i2664034820.html,"Điện thoại Samsung Galaxy M15 5G - Hàng chính hãng - Màn hình: Super AMOLED 6.5"", Full HD+, RAM: 6 GB, Camera sau: 50 MP + 5 MP + 2 MP",12,4139000,Bến Tre,https://img.lazcdn.com/g/p/2c2bc382372a2bd9edd877e1b9d99447.jpg_200x200q80.avif,i n tho i Samsung Galaxy M15 5G - H ng ch nh h ng - M n h nh Super AMOLED 6 5 Full HD+ RAM 6 GB Camera sau 50 MP + 5 MP + 2 MP
https://www.lazada.vn/products/pdp-i2663778320.html,Sở hữu điện thoại chính hãng Samsung Galaxy S22 5G miễn phí chọn màu ngẫu nhiên ( Đọc kỹ mô tả),0,67999,Hồ Chí Minh,https://img.lazcdn.com/g/p/885e476d23373be33c22a9c6671fcece.jpg_200x200q80.avif,S h u i n tho i ch nh h ng Samsung Galaxy S22 5G mi n ph ch n m u ng u nhi n c k m t
https://www.lazada.vn/products/pdp-i2657813963.html,Samsung D500,0,450000,Hồ Chí Minh,https://img.lazcdn.com/g/p/d4261b5bda5b59489cb8872eac3e9942.jpg_200x200q80.avif,Samsung D500
https://www.lazada.vn/products/pdp-i2651865476.html,"Samsung Galaxy S23 5G Ram 8GB | 128GB - Màn hình Full HD 6,1"" 120Hz | Chip Snapdragon 8 Gen 2 - Bảo hành 2 năm",44,12790000,Hồ Chí Minh,https://img.lazcdn.com/g/p/c53fda9dc5ec104481b4248b627837d1.png_200x200q80.avif,Samsung Galaxy S23 5G Ram 8GB 128GB - M n h nh Full HD 6 1 120Hz Chip Snapdragon 8 Gen 2 - B o h nh 2 n m
https://www.lazada.vn/products/pdp-i2647470196.html,Samsung Galaxy J7 pro full zin,0,1600000,Đồng Nai,https://img.lazcdn.com/g/ff/kf/S118fdef899cd4573a477f036c84abd7cw.jpg_200x200q80.avif,Samsung Galaxy J7 Pro full zin
https://www.lazada.vn/products/pdp-i2641624638.html,Điện Thoại Samsung A55 5G 8GB/128GB - Hàng Chính Hãng,15,8534000,Bến Tre,https://img.lazcdn.com/g/p/108f5c4043463ba3a066e4315bac6405.jpg_200x200q80.avif,i n Tho i Samsung A55 5G 8GB/128GB - H ng Ch nh H ng
https://www.lazada.vn/products/pdp-i2637041284.html,Samsung Galaxy S23 FE 5G 256GB,0,16890000,Hồ Chí Minh,https://img.lazcdn.com/g/p/db5f8832f2b91e5ef0e0cd6dbc47ef3e.jpg_200x200q80.avif,Samsung Galaxy S23 FE 5G 256GB
https://www.lazada.vn/products/pdp-i2636817003.html,"Điện thoại Samsung Galaxy A01 Giá rẻ ,Game,Giải Trí Ngon",49,650000,Bình Định,https://img.lazcdn.com/g/p/3025251322a6355276c06b0584c48201.jpg_200x200q80.avif,i n tho i Samsung Galaxy A01 Gi r Game Gi i Tr Ngon
https://www.lazada.vn/products/pdp-i2636753382.html,"Điện thoại Samsung Galaxy A01 thay vỏ mới đẹp chơi game,giải trí ngon",49,650000,Bình Định,https://img.lazcdn.com/g/p/23e40cde0505e8e2b45814b30d877817.jpg_200x200q80.avif,i n tho i Samsung Galaxy A01 thay v m i p ch i game gi i tr ngon
https://www.lazada.vn/products/pdp-i2636738479.html,Điện thoại Samsung Galaxy A01 thay vỏ mới đẹp,49,650000,Bình Định,https://img.lazcdn.com/g/p/100ed3b6de251548be34375f939567de.jpg_200x200q80.avif,i n tho i Samsung Galaxy A01 thay v m i p
https://www.lazada.vn/products/pdp-i2636644515.html,Samsung Galaxy A01 Core 2GB | 32GB mới 90-95%,47,450000,Bình Định,https://img.lazcdn.com/g/p/55831942036438e2de54c62a891e2f85.jpg_200x200q80.avif,Samsung Galaxy A01 Core 2GB 32GB m i 90-95
https://www.lazada.vn/products/pdp-i2636611550.html,Samsung Galaxy A01 Core 2GB/32GB mới 90-95%,47,450000,Bình Định,https://img.lazcdn.com/g/p/eafaa3396c95c04dfcc210da6c83c7a8.jpg_200x200q80.avif,Samsung Galaxy A01 Core 2GB/32GB m i 90-95
https://www.lazada.vn/products/pdp-i2636584685.html,Điện thoại Samsung A01 Core Ram 2/32Gb thay vỏ mới,50,500000,Bình Định,https://img.lazcdn.com/g/p/c74982f95a57b490e2ae0e2aa57c4127.jpg_200x200q80.avif,i n tho i Samsung A01 Core Ram 2/32Gb thay v m i
https://www.lazada.vn/products/pdp-i2631842456.html,Điện thoại Samsung Galaxy A15 8GB | 128GB - Chip Mediatek Helio G99 | Màn hình 6.5'' 90Hz - BH 18 tháng Di Động Việt,19,4050000,Hồ Chí Minh,https://img.lazcdn.com/g/p/acf976565677d046d9e5c41223b5af69.png_200x200q80.avif,i n tho i Samsung Galaxy A15 8GB 128GB - Chip Mediatek Helio G99 M n h nh 6 5 90Hz - BH 18 th ng Di ng Vi t
https://www.lazada.vn/products/pdp-i2631833573.html,"Điện thoại Samsung Galaxy A54 5G 8GB/128GB - Màn hình Super AMOLED 120Hz, Chipet  Exynos 1380, Bảo hành độc quyền 2 năm",31,7200000,Hồ Chí Minh,https://img.lazcdn.com/g/p/dd846b15741b1acd1ad744c73e1e0290.png_200x200q80.avif,i n tho i Samsung Galaxy A54 5G 8GB/128GB - M n h nh Super AMOLED 120Hz Chipet Exynos 1380 B o h nh c quy n 2 n m
https://www.lazada.vn/products/pdp-i2631216600.html,Điện Thoại Samsung Galaxy A14 5G 64GB Bản Lock - BH 1 Năm,13,2590000,Hồ Chí Minh,https://img.lazcdn.com/g/p/8f37be21f6b94de8306267349a2316e1.jpg_200x200q80.avif,i n Tho i Samsung Galaxy A14 5G 64GB B n Lock - BH 1 N m
https://www.lazada.vn/products/pdp-i2631138852.html,samsung note 20ultra 5g,0,1200000,Đồng Nai,https://img.lazcdn.com/g/ff/kf/S56c0e6ac3ab546c09b68a2f4a6508377n.jpg_200x200q80.avif,Samsung note 20ultra 5g
https://www.lazada.vn/products/pdp-i2626825998.html,"Điện thoại Samsung Galaxy A05 4GB/128GB Chính Hãng - Màn hình  6.7"", Mediatek Helio G85, Bảo hành độc quyền 02 năm",16,2675000,Hồ Chí Minh,https://img.lazcdn.com/g/p/36906714a43629285f3a28fce388d9ef.png_200x200q80.avif,i n tho i Samsung Galaxy A05 4GB/128GB Ch nh H ng - M n h nh 6 7 Mediatek Helio G85 B o h nh c quy n 02 n m
https://www.lazada.vn/products/pdp-i2623398119.html,"Điện thoại Samsung Galaxy A05S 4G 4GB/128GB - màn hình 6.7 inch, pin 5000mAh",15,3390000,Hà Nội,https://img.lazcdn.com/g/p/b5c4841ffbddeb819b883cee71acefb8.png_200x200q80.avif,i n tho i Samsung Galaxy A05S 4G 4GB/128GB - m n h nh 6 7 inch pin 5000mAh
https://www.lazada.vn/products/pdp-i2623361479.html,"Điện thoại Samsung Galaxy A05s 128GB Chính Hãng -  Màn hình 6.7"" 90Hz, Chipset Snapdragon 680, Bảo hành độc quyền 02 năm",24,3040000,Hồ Chí Minh,https://img.lazcdn.com/g/p/76cffdc8f7a43976b6ba06d048777f78.png_200x200q80.avif,i n tho i Samsung Galaxy A05s 128GB Ch nh H ng - M n h nh 6 7 90Hz Chipset Snapdragon 680 B o h nh c quy n 02 n m
https://www.lazada.vn/products/pdp-i2623338718.html,Điện thoại Samsung Galaxy S24 Ultra 5G 12GB/256GB Chính Hãng - Bảo hành độc quyền tại Di Động Việt 02 năm,27,24690000,Hồ Chí Minh,https://img.lazcdn.com/g/p/42dbc2164e9dd25fda07073a95992e40.png_200x200q80.avif,i n tho i Samsung Galaxy S24 Ultra 5G 12GB/256GB Ch nh H ng - B o h nh c quy n t i Di ng Vi t 02 n m
https://www.lazada.vn/products/pdp-i2612955458.html,Điện thoại Samsung Galaxy A01 thay vỏ mới đẹp,49,650000,Bình Định,https://img.lazcdn.com/g/p/1a2711d689e34aaa2d37024c6255a41e.jpg_200x200q80.avif,i n tho i Samsung Galaxy A01 thay v m i p
https://www.lazada.vn/products/pdp-i2612000066.html,"Điện thoại Redmi 13R 5G 6GB/128GB Dimensity 6100+ , Màn 90Hz , Rom quốc tế có sẳn Tiếng việt - Hàng nhập khẩu",29,2699000,Nghệ An,https://img.lazcdn.com/g/p/0959060c96aca6c8eb5e6e90552ae6eb.jpg_200x200q80.avif,i n tho i Redmi 13R 5G 6GB/128GB Dimensity 6100+ M n 90Hz Rom qu c t c s n Ti ng vi t - H ng nh p kh u
https://www.lazada.vn/products/pdp-i2609446698.html,Điện thoại Sony Xperia 5 III (X5 Mark 3) màn OLED 120Hz - Snaρdragon 888 ram 8G 128G,0,3298000,Nghệ An,https://img.lazcdn.com/g/p/6c9e48d55fcee5d0e548e3ce6c2c5caa.jpg_200x200q80.avif,i n tho i Sony Xperia 5 III X5 Mark 3 m n OLED 120Hz - Sna dragon 888 ram 8G 128G
https://www.lazada.vn/products/pdp-i2606618444.html,Samsung Galaxy A35 5G 128GB,0,8290000,Hồ Chí Minh,https://img.lazcdn.com/g/p/472d9f3a0844f683e68bd8fa431190ed.jpg_200x200q80.avif,Samsung Galaxy A35 5G 128GB
https://www.lazada.vn/products/pdp-i2606548530.html,Samsung Galaxy S23 FE 5G 128GB,0,14890000,Hồ Chí Minh,https://img.lazcdn.com/g/p/0d3ea5d52851a61a9b2b70da84280639.jpg_200x200q80.avif,Samsung Galaxy S23 FE 5G 128GB
https://www.lazada.vn/products/pdp-i2604024068.html,"Điện thoại Samsung Galaxy A55 5G  - Hàng Chính Hãng, Mới 100%, Nguyên seal, Bảo Hành 12 Tháng",10,8900000,Hồ Chí Minh,https://img.lazcdn.com/g/p/5c6c284705d141d904059932d989e1ef.png_200x200q80.avif,i n tho i Samsung Galaxy A55 5G - H ng Ch nh H ng M i 100 Nguy n seal B o H nh 12 Th ng
https://www.lazada.vn/products/pdp-i2602412538.html,Điện Thoại Samsung A55 5G 8GB/128GB - Hàng Chính Hãng,19,8100000,Bến Tre,https://img.lazcdn.com/g/p/108f5c4043463ba3a066e4315bac6405.jpg_200x200q80.avif,i n Tho i Samsung A55 5G 8GB/128GB - H ng Ch nh H ng
https://www.lazada.vn/products/pdp-i2602273678.html,"Samsung Galaxy S10 ( G973F ), ram 8/128g, 2 sim",0,1100000,Hà Nội,https://img.lazcdn.com/g/ff/kf/S179f06467c544e93b7894e30ad81479bs.jpg_200x200q80.avif,Samsung Galaxy S10 G973F ram 8/128g 2 sim
https://www.lazada.vn/products/pdp-i2602257685.html,Samsung Galaxy A35 5G 128GB,0,8290000,Hồ Chí Minh,https://img.lazcdn.com/g/p/472d9f3a0844f683e68bd8fa431190ed.jpg_200x200q80.avif,Samsung Galaxy A35 5G 128GB
https://www.lazada.vn/products/pdp-i2601055623.html,Samsung Galaxy A55 5G 128GB,0,9990000,Hồ Chí Minh,https://img.lazcdn.com/g/p/644faf59f63ed9d9e57ab22e5594a2d4.jpg_200x200q80.avif,Samsung Galaxy A55 5G 128GB
https://www.lazada.vn/products/pdp-i2601018803.html,Samsung Galaxy A35 5G 128GB,0,8290000,Hồ Chí Minh,https://img.lazcdn.com/g/p/472d9f3a0844f683e68bd8fa431190ed.jpg_200x200q80.avif,Samsung Galaxy A35 5G 128GB
https://www.lazada.vn/products/pdp-i2595117065.html,"Điện thoại Samsung Galaxy A01,Liên quân,Freefire Ok",45,650000,Bình Định,https://img.lazcdn.com/g/p/e6e6ea745bb5ab5a6da940c0cce19a19.jpg_200x200q80.avif,i n tho i Samsung Galaxy A01 Li n qu n Freefire Ok
https://www.lazada.vn/products/pdp-i2595112114.html,Điện thoại Samsung Galaxy A10,41,820000,Bình Định,https://img.lazcdn.com/g/p/00a952327df70e114cfe1e26753563a2.jpg_200x200q80.avif,i n tho i Samsung Galaxy A10
https://www.lazada.vn/products/pdp-i2595048845.html,Điện thoại Samsung Galaxy A01,45,650000,Bình Định,https://img.lazcdn.com/g/p/e6e6ea745bb5ab5a6da940c0cce19a19.jpg_200x200q80.avif,i n tho i Samsung Galaxy A01
https://www.lazada.vn/products/pdp-i2595010644.html,Điện thoại Samsung Galaxy A10,41,820000,Bình Định,https://img.lazcdn.com/g/p/f48c65375ea548bda6bc9b802b22f787.jpg_200x200q80.avif,i n tho i Samsung Galaxy A10
https://www.lazada.vn/products/pdp-i2593372021.html,Điện thoại Samsung Galaxy M14 4GB+64GB 5G,0,3450000,Đà Nẵng,https://img.lazcdn.com/g/p/cc20c6b93ba25d6fbc9f9f2a8afd975d.png_200x200q80.avif,i n tho i Samsung Galaxy M14 4GB+64GB 5G
https://www.lazada.vn/products/pdp-i2593261872.html,Điện thoại HONOR X7b - 8GB/256GB - Chính hãng,13,4760000,Hà Nội,https://img.lazcdn.com/g/p/e4ff688f232ee116053515f6be29210f.png_200x200q80.avif,i n tho i HONOR X7b - 8GB/256GB - Ch nh h ng
https://www.lazada.vn/products/pdp-i2592544229.html,"Điện thoại Xiaomi Poco C65 - Hàng chính hãng - Màn hình IPS LCD 6.74 inch, Camera sau 50MP, Pin 5000 mAh",13,2689000,Bến Tre,https://img.lazcdn.com/g/p/18bcb5f4563dba22dcb5f9b25c93e87d.jpg_200x200q80.avif,i n tho i Xiaomi Poco C65 - H ng ch nh h ng - M n h nh IPS LCD 6 74 inch Camera sau 50MP Pin 5000 mAh
https://www.lazada.vn/products/pdp-i2592495737.html,"Điện thoại Xiaomi Poco C65 - Hàng chính hãng - Màn hình IPS LCD 6.74 inch, Camera sau 50MP, Pin 5000 mAh",13,2689000,Bến Tre,https://img.lazcdn.com/g/p/a5d6c96194eea53d50ddfe6a4709e128.jpg_200x200q80.avif,i n tho i Xiaomi Poco C65 - H ng ch nh h ng - M n h nh IPS LCD 6 74 inch Camera sau 50MP Pin 5000 mAh
https://www.lazada.vn/products/pdp-i2586751499.html,"Điện Thoại Samsung Galaxy M34 5G (8G/128GB) - Hàng Chính Hãng, Bảo Hành 12 Tháng",26,5749000,Hồ Chí Minh,https://img.lazcdn.com/g/p/69adc27e96fd104c79721c85744f8764.jpg_200x200q80.avif,i n Tho i Samsung Galaxy M34 5G 8G/128GB - H ng Ch nh H ng B o H nh 12 Th ng
https://www.lazada.vn/products/pdp-i2586497969.html,"Điện Thoại Samsung Galaxy A15 LTE (8GB/128GB) - Hàng Chính Hãng, Bảo Hành 12 Tháng",7,4989000,Hồ Chí Minh,https://img.lazcdn.com/g/p/46aa461a356747decec1d7e4c5b52fdf.jpg_200x200q80.avif,i n Tho i Samsung Galaxy A15 LTE 8GB/128GB - H ng Ch nh H ng B o H nh 12 Th ng
https://www.lazada.vn/products/pdp-i2584383548.html,Điện thoại Samsung Galaxy M14 5G (4GB/64GB) - Đã kích hoạt - Mới nguyên seal -  Hàng chính hãng,22,2799000,Nghệ An,https://img.lazcdn.com/g/p/09c6dde2624991cc641674faf0438f13.jpg_200x200q80.avif,i n tho i Samsung Galaxy M14 5G 4GB/64GB - k ch ho t - M i nguy n seal - H ng ch nh h ng
https://www.lazada.vn/products/pdp-i2582526436.html,Điện thoại Samsung A01 Core Ram 2/32Gb được thay vỏ mới,50,500000,Bình Định,https://img.lazcdn.com/g/p/c74982f95a57b490e2ae0e2aa57c4127.jpg_200x200q80.avif,i n tho i Samsung A01 Core Ram 2/32Gb c thay v m i
https://www.lazada.vn/products/pdp-i2582464737.html,Samsung Galaxy A01 Core (2GB | 32GB) mới 95% .,47,450000,Bình Định,https://img.lazcdn.com/g/p/68e1cab9a4738e976850729c242348cf.jpg_200x200q80.avif,Samsung Galaxy A01 Core 2GB 32GB m i 95
https://www.lazada.vn/products/pdp-i2582455711.html,Samsung Galaxy A01 Core (2GB | 32GB) mới 95%,47,450000,Bình Định,https://img.lazcdn.com/g/p/68e1cab9a4738e976850729c242348cf.jpg_200x200q80.avif,Samsung Galaxy A01 Core 2GB 32GB m i 95
https://www.lazada.vn/products/pdp-i2579727000.html,"Điện thoại Samsung Galaxy A05 (4GB/64GB) - Hàng chính hãng - Dung lượng lưu trữ lớn, hiệu năng ổn định, pin 5000mAh",9,2729000,Bến Tre,https://img.lazcdn.com/g/p/ed11a5e38de7a01de5b9b581f2c3401d.jpg_200x200q80.avif,i n tho i Samsung Galaxy A05 4GB/64GB - H ng ch nh h ng - Dung l ng l u tr l n hi u n ng n nh pin 5000mAh
https://www.lazada.vn/products/pdp-i2579015545.html,"Điện thoại Samsung Galaxy S23 FE - Hàng chính hãng - Thiết kế vuông vắn đặc trưng, camera 50 MP hỗ trợ khả năng quay video 8K, hiệu năng ổn định",35,10990000,Bến Tre,https://img.lazcdn.com/g/p/6d850b18afb92f8dc41d2ba0a12dc334.jpg_200x200q80.avif,i n tho i Samsung Galaxy S23 FE - H ng ch nh h ng - Thi t k vu ng v n c tr ng camera 50 MP h tr kh n ng quay video 8K hi u n ng n nh
https://www.lazada.vn/products/pdp-i2578991404.html,"Điện thoại Samsung Galaxy S23 FE - Hàng chính hãng - Thiết kế vuông vắn đặc trưng, camera 50 MP hỗ trợ khả năng quay video 8K, hiệu năng ổn định",35,10990000,Bến Tre,https://img.lazcdn.com/g/p/22c109ed993d2fcd8cccbad3e26d931e.jpg_200x200q80.avif,i n tho i Samsung Galaxy S23 FE - H ng ch nh h ng - Thi t k vu ng v n c tr ng camera 50 MP h tr kh n ng quay video 8K hi u n ng n nh
https://www.lazada.vn/products/pdp-i2569700902.html,Điện thoại Samsung A15 4G 8Gb/128Gb Chính hãng Samsung Việt Nam Mới 100% Nguyên Seal,14,4290000,Hà Nội,https://img.lazcdn.com/g/p/b499073fe8e1f7dcfd9f424b5b70f192.jpg_200x200q80.avif,i n tho i Samsung A15 4G 8Gb/128Gb Ch nh h ng Samsung Vi t Nam M i 100 Nguy n Seal
https://www.lazada.vn/products/pdp-i2564983227.html,Samsung Galaxy A15 128GB,0,4990000,Hồ Chí Minh,https://img.lazcdn.com/g/p/4e0112cfedcd1b4f3150eed6d0109c75.jpg_200x200q80.avif,Samsung Galaxy A15 128GB
https://www.lazada.vn/products/pdp-i2564892865.html,"Điện thoại Samsung Galaxy A51 màn 6.5"" Super Amoled 128GB/6GB ram, máy Mỹ 01 sim, đẹp long lanh, lướt Wed Tiktok Facebook Youtube chất",0,2700000,Hồ Chí Minh,https://img.lazcdn.com/g/p/0ec5057eab30ec3270acced870128a3e.jpg_200x200q80.avif,i n tho i Samsung Galaxy A51 m n 6 5 Super Amoled 128GB/6GB ram m y M 01 sim p long lanh l t Wed Tiktok Facebook Youtube ch t
https://www.lazada.vn/products/pdp-i2564869504.html,Xiaomi Redmi Note 13 6GB 128GB,0,4890000,Hồ Chí Minh,https://img.lazcdn.com/g/p/7ffe1773a9b2ff5798adbe48b3f18f1e.jpg_200x200q80.avif,Xiaomi Redmi Note 13 6GB 128GB
https://www.lazada.vn/products/pdp-i2564814592.html,Samsung Galaxy S24 Plus 5G 512GB,0,30490000,Hồ Chí Minh,https://img.lazcdn.com/g/p/b51547b8f670850bac13d9866330056d.jpg_200x200q80.avif,Samsung Galaxy S24 Plus 5G 512GB
https://www.lazada.vn/products/pdp-i2561159457.html,Điện thoại Samsung Galaxy A05S - 4GB/128GB - Chính hãng,0,3350000,Hà Nội,https://img.lazcdn.com/g/p/a97239a6a9f1a0b4f8ef7ff277ba8ef5.jpg_200x200q80.avif,i n tho i Samsung Galaxy A05S - 4GB/128GB - Ch nh h ng
https://www.lazada.vn/products/pdp-i2560676917.html,Samsung Galaxy S24 Ultra 5G 256GB,27,24725000,Bình Dương,https://img.lazcdn.com/g/p/cbb4d9b000a825884d4da46d39aa3111.jpg_200x200q80.avif,Samsung Galaxy S24 Ultra 5G 256GB
https://www.lazada.vn/products/pdp-i2560001941.html,"Điện thoại Samsung Galaxy S24 Ultra - Hàng chính hãng - Khả năng hiển thị sắc nét, chip mạnh mẽ, dung lượng pin 5000mAh",25,25490000,Bến Tre,https://img.lazcdn.com/g/p/b9498fa864a23ec168e256ca07380e6a.jpg_200x200q80.avif,i n tho i Samsung Galaxy S24 Ultra - H ng ch nh h ng - Kh n ng hi n th s c n t chip m nh m dung l ng pin 5000mAh
https://www.lazada.vn/products/pdp-i2557591141.html,Điện thoại Samsung Galaxy S23 Ultra 5G 512GB,0,29969000,Hồ Chí Minh,https://img.lazcdn.com/g/p/4454e3c10d99c25068daf5f9584ab50b.jpg_200x200q80.avif,i n tho i Samsung Galaxy S23 Ultra 5G 512GB
https://www.lazada.vn/products/pdp-i2557552150.html,Điện thoại Samsung Galaxy A04s,0,3099000,Hồ Chí Minh,https://img.lazcdn.com/g/p/6abd269b04b9c250e93bc1708f938cc8.jpg_200x200q80.avif,i n tho i Samsung Galaxy A04s
https://www.lazada.vn/products/pdp-i2552143861.html,"Điện thoại Xiaomi Redmi Note 13 (6GB/128GB) - Hàng chính hãng - 3 camera sắc nét, hiệu năng mạnh mẽ, sạc nhanh 33W",19,3949000,Bến Tre,https://img.lazcdn.com/g/p/34f7c71efb6de058fd0ce5c5dbdea240.jpg_200x200q80.avif,i n tho i Xiaomi Redmi Note 13 6GB/128GB - H ng ch nh h ng - 3 camera s c n t hi u n ng m nh m s c nhanh 33W
https://www.lazada.vn/products/pdp-i2550599626.html,Điện thoại Samsung A01 Core Ram 2/32Gb thay vỏ mới,50,500000,Bình Định,https://img.lazcdn.com/g/p/9906939c2cb3078d000d44e11e286d33.jpg_200x200q80.avif,i n tho i Samsung A01 Core Ram 2/32Gb thay v m i
https://www.lazada.vn/products/pdp-i2546079063.html,Samsung Galaxy A01 Core (2GB | 32GB) mới  95%. .,47,450000,Bình Định,https://img.lazcdn.com/g/p/68e1cab9a4738e976850729c242348cf.jpg_200x200q80.avif,Samsung Galaxy A01 Core 2GB 32GB m i 95
https://www.lazada.vn/products/pdp-i2545931680.html,Samsung Galaxy A01 Core (2GB | 32GB) còn mới 95%,47,450000,Bình Định,https://img.lazcdn.com/g/p/037ed24ff8de9ac611817cdea74bbdc7.jpg_200x200q80.avif,Samsung Galaxy A01 Core 2GB 32GB c n m i 95
https://www.lazada.vn/products/pdp-i2539891940.html,Điện thoại Xiaomi Black Shark Helo màn AMOLED 6 inch - Snaρdragon 845 ram 8G 128G,20,1828000,Nghệ An,https://img.lazcdn.com/g/p/1ae1381f24e6356b14609e735e91a930.jpg_200x200q80.avif,i n tho i Xiaomi Black Shark Helo m n AMOLED 6 inch - Sna dragon 845 ram 8G 128G
https://www.lazada.vn/products/pdp-i2539046029.html,Điện thoại samsung galaxy s7 edge thanh lý,0,500000,Hồ Chí Minh,https://img.lazcdn.com/g/ff/kf/Sef028257ebee4aefb21b785bec3451bfa.jpg_200x200q80.avif,i n tho i Samsung galaxy s7 edge thanh l
https://www.lazada.vn/products/pdp-i2534021578.html,"(Điện thoại giấy ) đồ vàng mã,cúng rồi đốt k có sim sóng nhé các anh chị",0,40000,Hà Nội,https://img.lazcdn.com/g/p/e39ed0acfea5bbd23c3b1738490318fb.jpg_200x200q80.avif,i n tho i gi y v ng m c ng r i t k c sim s ng nh c c anh ch
https://www.lazada.vn/products/pdp-i2530777047.html,Điện Thoại mini i15 mini 2 sim siêu nhỏ Siêu Dễ Thương có màn hình tròn đẹp lạ mới nhất 2024 (chính),0,370000,Hưng Yên,https://img.lazcdn.com/g/p/324cfe4097019478b022b15003fc3fba.jpg_200x200q80.avif,i n Tho i mini i15 mini 2 sim si u nh Si u D Th ng c m n h nh tr n p l m i nh t 2024 ch nh
https://www.lazada.vn/products/pdp-i2530640460.html,Điện thoại thông minh Redmi Note 13 (6+128GB) | Màn hình 120Hz AMOLED | Bộ 3 Camera 108MP | Pin 5000mAh,0,4890000,Hồ Chí Minh,https://img.lazcdn.com/g/p/da894537b86e3919c8a5974845166d19.png_200x200q80.avif,i n tho i th ng minh Redmi Note 13 6+128GB M n h nh 120Hz AMOLED B 3 Camera 108MP Pin 5000mAh
https://www.lazada.vn/products/pdp-i2522293459.html,Điện thoại Samsung Galaxy A04e Full box nguyên seal (Chính hãng),0,2490000,Long An,https://img.lazcdn.com/g/ff/kf/Sffacee858f9b4013af3cd20f3ea4fc36i.jpg_200x200q80.avif,i n tho i Samsung Galaxy A04e Full box nguy n seal Ch nh h ng
https://www.lazada.vn/products/pdp-i2520583733.html,Redmi Note 11 5G 8/256GB Nguyên Seal Xịn,32,3390000,Hà Nội,https://img.lazcdn.com/g/p/8ea2fd4b858376cba3b832821baf5f76.png_200x200q80.avif,Redmi Note 11 5G 8/256GB Nguy n Seal X n
https://www.lazada.vn/products/pdp-i2520471709.html,"Điện thoại Samsung Galaxy A25 5G (6GB/128GB) - Hàng chính hãng - Thiết kế đẹp mắt, hiệu năng ổn định, dung lượng pin 5000mAh",15,5569000,Bến Tre,https://img.lazcdn.com/g/p/ca25d9cbc2b92fb90f3ca989465849dd.jpg_200x200q80.avif,i n tho i Samsung Galaxy A25 5G 6GB/128GB - H ng ch nh h ng - Thi t k p m t hi u n ng n nh dung l ng pin 5000mAh
https://www.lazada.vn/products/pdp-i2520185262.html,"Điện thoại Samsung Galaxy A15 LTE - Hàng chính hãng - Màn hình: Super AMOLED 6.5"", độ phân giải cao, hiệu năng ổn định",18,4109000,Bến Tre,https://img.lazcdn.com/g/p/18a9dc9a7bb7db6107c265eff5ba2018.jpg_200x200q80.avif,i n tho i Samsung Galaxy A15 LTE - H ng ch nh h ng - M n h nh Super AMOLED 6 5 ph n gi i cao hi u n ng n nh
https://www.lazada.vn/products/pdp-i2520119740.html,"Điện thoại Samsung Galaxy A15 LTE - Hàng chính hãng - Màn hình: Super AMOLED 6.5"", độ phân giải cao, hiệu năng ổn định",18,4109000,Bến Tre,https://img.lazcdn.com/g/p/8f0077ee98974b4822698e902f6bf5ae.jpg_200x200q80.avif,i n tho i Samsung Galaxy A15 LTE - H ng ch nh h ng - M n h nh Super AMOLED 6 5 ph n gi i cao hi u n ng n nh
https://www.lazada.vn/products/pdp-i2515300405.html,Điện thoại Oppo A72 5G chip Dimesity 720 - Màn 6.5 FHD+ 90Hz ram 6G 128G,30,1448000,Nghệ An,https://img.lazcdn.com/g/p/1e9610b74b8b64eb684121ee9a2bc0e4.jpg_200x200q80.avif,i n tho i OPPO A72 5G chip Dimesity 720 - M n 6 5 FHD+ 90Hz ram 6G 128G
https://www.lazada.vn/products/pdp-i2514628391.html,Điện thoại Sony Xperia 1 III (X1 Mark 3) bản 2 Sim Màn OLED 4K 120Hz - Snaρ888 Ram 12G 256G,16,4698000,Nghệ An,https://img.lazcdn.com/g/p/826acafb2d382be1a82fc2e261c1a64a.jpg_200x200q80.avif,i n tho i Sony Xperia 1 III X1 Mark 3 b n 2 Sim M n OLED 4K 120Hz - Sna 888 Ram 12G 256G
https://www.lazada.vn/products/pdp-i2513941525.html,"Điện thoại Samsung Galaxy A05s: Smartphone Giá Rẻ, Hiệu Năng Vượt Trội - Lỗi 1 Đổi 1",17,3500000,Hồ Chí Minh,https://img.lazcdn.com/g/p/2f1441dbca803515ede6dd0a777ee826.png_200x200q80.avif,i n tho i Samsung Galaxy A05s Smartphone Gi R Hi u N ng V t Tr i - L i 1 i 1
https://www.lazada.vn/products/pdp-i2513713817.html,Samsung Galaxy A15 LTE 8GB 128GB,19,4040000,Bình Dương,https://img.lazcdn.com/g/p/dcd49146bc2f32ed1ffa7d0f5faa818a.png_200x200q80.avif,Samsung Galaxy A15 LTE 8GB 128GB
https://www.lazada.vn/products/pdp-i2509473842.html,Điện thoại samsung note 4 sọc mép và nứt kính xíu cảm ứng mượt,0,600000,Bến Tre,https://img.lazcdn.com/g/ff/kf/S6aa7ea194c554dbe855759cbdc50385cI.jpg_200x200q80.avif,i n tho i Samsung note 4 s c m p v n t k nh x u c m ng m t
https://www.lazada.vn/products/pdp-i2501293501.html,Điện thoại OPPO Reno 8T Chính Hãng ( like new),44,4800000,Hồ Chí Minh,https://img.lazcdn.com/g/ff/kf/S41a2648ca97e442db168202c27962bacC.jpg_200x200q80.avif,i n tho i OPPO Reno 8T Ch nh H ng like new
https://www.lazada.vn/products/pdp-i2498063764.html,Điện thoại HONOR X5 Plus 4GB/64GB- Chính hãng,22,2180000,Hà Nội,https://img.lazcdn.com/g/p/ce5f2f4d2ede4b5f097dd02df75db6c4.jpg_200x200q80.avif,i n tho i HONOR X5 Plus 4GB/64GB- Ch nh h ng
https://www.lazada.vn/products/pdp-i2498019949.html,Điện thoại Samsung Galaxy M34 5G - Hàng chính hãng,26,5880000,Hà Nội,https://img.lazcdn.com/g/p/5076d6c4d77d8bb593be5234ba81c0bc.jpg_200x200q80.avif,i n tho i Samsung Galaxy M34 5G - H ng ch nh h ng
https://www.lazada.vn/products/pdp-i2497548990.html,Điện thoại Samsung Galaxy A05s 4/128GB,14,3417555,Hà Nội,https://img.lazcdn.com/g/p/80b98df563d98de5fbd5c58c1f237219.jpg_200x200q80.avif,i n tho i Samsung Galaxy A05s 4/128GB
https://www.lazada.vn/products/pdp-i2492364856.html,Điện Thoại Samsung Galaxy A05s (4GB/128GB,28,2890000,Bình Dương,https://img.lazcdn.com/g/p/5bc1e35707eec48a4d65861e2c65ba7e.png_200x200q80.avif,i n Tho i Samsung Galaxy A05s 4GB/128GB
https://www.lazada.vn/products/pdp-i2490131268.html,"Điện thoại Redmi 13C (6GB+128GB) | 6.74"" 90Hz| Media Tek Helio G85| 5000mAh| Hỗ trợ sạc PD 18W",13,3039000,Hồ Chí Minh,https://img.lazcdn.com/g/p/5203cbf7e0eec5491d7ed45693ae0c89.png_200x200q80.avif,i n tho i Redmi 13C 6GB+128GB 6 74 90Hz Media Tek Helio G85 5000mAh H tr s c PD 18W
https://www.lazada.vn/products/pdp-i2487117989.html,"Điện thoại Xiaomi Redmi 13C - Hàng chính hãng - Màn hình hiển thị 6.74"", dung lượng pin lớn 5000mAh, hỗ trợ sạc nhanh 18W",13,3049000,Bến Tre,https://img.lazcdn.com/g/p/9eab11d23406fa6de9f2750f77338fee.jpg_200x200q80.avif,i n tho i Xiaomi Redmi 13C - H ng ch nh h ng - M n h nh hi n th 6 74 dung l ng pin l n 5000mAh h tr s c nhanh 18W
https://www.lazada.vn/products/pdp-i2482826650.html,Xiaomi Redmi 13C 6GB-128GB,0,3490000,Hồ Chí Minh,https://img.lazcdn.com/g/p/fef47370a61fa99706fd2170d5e6603e.jpg_200x200q80.avif,Xiaomi Redmi 13C 6GB-128GB
https://www.lazada.vn/products/pdp-i2482745852.html,Điện thoại siêu mỏng nhẹ Xiaomi Mi 5- RAM 3GB- 2 SIM,0,745000,Nghệ An,https://img.lazcdn.com/g/ff/kf/Sde5a718bd36d4442af104307f764722eK.jpg_200x200q80.avif,i n tho i si u m ng nh XiaoXiaomi 5- RAM 3GB- 2 SIM
https://www.lazada.vn/products/pdp-i2480466225.html,Samsung Galaxy Note 8,0,18000,Hưng Yên,https://img.lazcdn.com/g/ff/kf/Sdd85d7bd2b734c04b57e195f7b8efcf6Q.jpg_200x200q80.avif,Samsung Galaxy Note 8
https://www.lazada.vn/products/pdp-i2476609087.html,Điện thoại Samsung Galaxy S23 FE 5G 128GB | 256GB - Hàng Chính Hãng,17,12490000,Hà Nội,https://img.lazcdn.com/g/ff/kf/Se113da8905d44876bd12d40da243de7ag.jpg_200x200q80.avif,i n tho i Samsung Galaxy S23 FE 5G 128GB 256GB - H ng Ch nh H ng
https://www.lazada.vn/products/pdp-i2473598472.html,Samsung Galaxy A54 5G 256GB,0,11490000,Hồ Chí Minh,https://img.lazcdn.com/g/p/de53426420223c491b567eb1667c8875.jpg_200x200q80.avif,Samsung Galaxy A54 5G 256GB
https://www.lazada.vn/products/pdp-i2473570999.html,Samsung Galaxy A05 128GB,0,3090000,Hồ Chí Minh,https://img.lazcdn.com/g/p/17bd110e6827a9bf52ece8335785ef83.jpg_200x200q80.avif,Samsung Galaxy A05 128GB
https://www.lazada.vn/products/pdp-i2473501795.html,Samsung Galaxy A05s 128GB,0,3990000,Hồ Chí Minh,https://img.lazcdn.com/g/p/cd2f5046d01d2eeba9dedd9c70e47166.jpg_200x200q80.avif,Samsung Galaxy A05s 128GB
https://www.lazada.vn/products/pdp-i2473434202.html,Điện thoại Samsung A05s 4/128 - Hàng chính hãng - Hàng đã kích hoạt BH,23,3090000,Tiền Giang,https://img.lazcdn.com/g/p/b9d9d78c050546c42bd9cffe8b027e42.jpg_200x200q80.avif,i n tho i Samsung A05s 4/128 - H ng ch nh h ng - H ng k ch ho t BH
https://www.lazada.vn/products/pdp-i2471721428.html,"Samsung Y S5360 Hỗ trợ 3G,Wifi( Tặng kèm thẻ nhớ)",17,189000,Hà Nội,https://img.lazcdn.com/g/ff/kf/S666b833e872d4c9890e43f9b36b89952Z.jpg_200x200q80.avif,Samsung Y S5360 H tr 3G Wifi T ng k m th nh
https://www.lazada.vn/products/pdp-i2468286862.html,Điện Thoại Samsung Galaxy S7 Active - máy thiết kế chuẩn kiểu quân đội với Chip Snap 820 Ram 4GB/Rom 32GB,0,1350000,Hồ Chí Minh,https://img.lazcdn.com/g/p/7e0304de1bf90a8412ef3dff3e8527b2.jpg_200x200q80.avif,i n Tho i Samsung Galaxy S7 Active - m y thi t k chu n ki u qu n i v i Chip Snap 820 Ram 4GB/Rom 32GB
https://www.lazada.vn/products/pdp-i2461683530.html,Điện thoại xiaomi Mix Fold 2 fullbox,1,18500000,Nam Định,https://img.lazcdn.com/g/ff/kf/S2d2e7d9b97b1431b99bcde1df95e7b62G.jpg_200x200q80.avif,i n tho i xiaoXiaomi x Fold 2 fullbox
https://www.lazada.vn/products/pdp-i2457917942.html,Điện thoại Samsung Galaxy A34 5G 128GB Chính Hãng,31,5200000,Hồ Chí Minh,https://img.lazcdn.com/g/ff/kf/Sac0f8774aa704be68e6e90ba52696750t.jpg_200x200q80.avif,i n tho i Samsung Galaxy A34 5G 128GB Ch nh H ng
https://www.lazada.vn/products/pdp-i2456810349.html,Điện Thoại Samsung Galaxy S23 FE 5G 128GB | 256GB - Hàng Chính Hãng,22,11690000,Đà Nẵng,https://img.lazcdn.com/g/p/041838d9d9887219f6bd325c2cea1008.png_200x200q80.avif,i n Tho i Samsung Galaxy S23 FE 5G 128GB 256GB - H ng Ch nh H ng
https://www.lazada.vn/products/pdp-i2437163079.html,Điện thoại nội địa Nhật Fujitsu F08E- điện thoại phụ nghe gọi 3G+ wifi - vàng nhạt,0,270000,Nghệ An,https://img.lazcdn.com/g/p/d0635894088a08e1594da5825cc64e92.jpg_200x200q80.avif,i n tho i n i a Nh t Fujitsu F08E- i n tho i ph nghe g i 3G+ wifi - v ng nh t
https://www.lazada.vn/products/pdp-i2434072065.html,Điện thoại Xiaomi 13T 5G 12GB/256GB - Hàng Chính Hãng,17,9990000,Đà Nẵng,https://img.lazcdn.com/g/p/1c7d317584677826e119469bdcde31b8.jpg_200x200q80.avif,i n tho i Xiaomi 13T 5G 12GB/256GB - H ng Ch nh H ng
https://www.lazada.vn/products/pdp-i2427917018.html,Điện thoại di động Xiaomi 13T (12GB/256GB) - Chính hãng,1,12870000,Hà Nội,https://img.lazcdn.com/g/p/9f3f99f076451122169714a90a5cd9dd.png_200x200q80.avif,i n tho i di ng Xiaomi 13T 12GB/256GB - Ch nh h ng
https://www.lazada.vn/products/pdp-i2427036201.html,Galaxy Note 10 Plus 12Gb/256Gb likenew.,0,6500000,Nam Định,https://img.lazcdn.com/g/p/7adca2bc23b178252ccdc66f17271259.jpg_200x200q80.avif,Galaxy Note 10 Plus 12Gb/256Gb likenew
https://www.lazada.vn/products/pdp-i2426940899.html,Điện thoại Samsung Galaxy A05 4GB-128GB - Hàng Chính Hãng Mới 100% Nguyên Seal,17,2390000,Đà Nẵng,https://img.lazcdn.com/g/p/f9392132f4b8f8da4ab9213f5816f968.jpg_200x200q80.avif,i n tho i Samsung Galaxy A05 4GB-128GB - H ng Ch nh H ng M i 100 Nguy n Seal
https://www.lazada.vn/products/pdp-i2426509829.html,Galaxy S21 Ultra 5G Mỹ 2 Sim.,17,9000000,Nam Định,https://img.lazcdn.com/g/p/c633868af1bdfd34de5a086f0daba83e.jpg_200x200q80.avif,Galaxy S21 Ultra 5G M 2 Sim
https://www.lazada.vn/products/pdp-i2426383625.html,Điện thoại Nokia 6.1 Plus (Nokia X6) ram 6G 64G - Snaρ 636 màn 5.8 inch,9,1228000,Nghệ An,https://img.lazcdn.com/g/p/2589ced3e354888b2c2509420cfa9a93.jpg_200x200q80.avif,i n tho i Nokia 6 1 Plus Nokia X6 ram 6G 64G - Sna 636 m n 5 8 inch
https://www.lazada.vn/products/pdp-i2424625326.html,Điện Thoại Samsung A05s 4GB/128GB - Hàng Chính Hãng,18,3256000,Bến Tre,https://img.lazcdn.com/g/p/f0769c81b3709e088e22250086b1a489.jpg_200x200q80.avif,i n Tho i Samsung A05s 4GB/128GB - H ng Ch nh H ng
https://www.lazada.vn/products/pdp-i2424552872.html,Điện Thoại Samsung A05s 4GB/128GB - Hàng Chính Hãng,14,3430000,Bến Tre,https://img.lazcdn.com/g/p/ab8fdb2570df3eb3c3b38572fa307ddf.jpg_200x200q80.avif,i n Tho i Samsung A05s 4GB/128GB - H ng Ch nh H ng
https://www.lazada.vn/products/pdp-i2423998002.html,Điện thoại Xiaomi Mi 4- 4G LTE hàng đẹp,0,550000,Nghệ An,https://img.lazcdn.com/g/ff/kf/S4a40852cb173488a90844d6d24d683bcD.jpg_200x200q80.avif,i n tho i XiaoXiaomi 4- 4G LTE h ng p
https://www.lazada.vn/products/pdp-i2423850122.html,Điện thoại Samsung Galaxy A05s 4GB-128GB - Hàng Chính Hãng Mới 100% Nguyên Seal,20,3190000,Đà Nẵng,https://img.lazcdn.com/g/p/4e488f5e9ffbcec2a80f232f7ac185ec.jpg_200x200q80.avif,i n tho i Samsung Galaxy A05s 4GB-128GB - H ng Ch nh H ng M i 100 Nguy n Seal
https://www.lazada.vn/products/pdp-i2421696623.html,"Điện thoại Samsung Galaxy A05s (4GB/128GB) - Hàng chính hãng - Cụm 3 camera sắc nét, hiệu năng ổn định, dung lượng pin 5000mAh",28,2879000,Bến Tre,https://img.lazcdn.com/g/p/285f782e701e961a7dd292f273aa8e29.jpg_200x200q80.avif,i n tho i Samsung Galaxy A05s 4GB/128GB - H ng ch nh h ng - C m 3 camera s c n t hi u n ng n nh dung l ng pin 5000mAh
https://www.lazada.vn/products/pdp-i2421631827.html,"Điện thoại Samsung Galaxy A05s (4GB/128GB) - Hàng chính hãng - Cụm 3 camera sắc nét, hiệu năng ổn định, dung lượng pin 5000mAh",28,2879000,Bến Tre,https://img.lazcdn.com/g/p/c7d0fa2665fe036ecaa3cae72da5e53a.jpg_200x200q80.avif,i n tho i Samsung Galaxy A05s 4GB/128GB - H ng ch nh h ng - C m 3 camera s c n t hi u n ng n nh dung l ng pin 5000mAh
https://www.lazada.vn/products/pdp-i2421602366.html,"Điện thoại Samsung Galaxy A05 (4GB/128GB) - Hàng chính hãng - Dung lượng lưu trữ lớn, hiệu năng ổn định, pin 5000mAh",5,2929000,Bến Tre,https://img.lazcdn.com/g/p/242239e5d1c38a301a0403be5c68d031.jpg_200x200q80.avif,i n tho i Samsung Galaxy A05 4GB/128GB - H ng ch nh h ng - Dung l ng l u tr l n hi u n ng n nh pin 5000mAh
https://www.lazada.vn/products/pdp-i2421551366.html,"Điện thoại Samsung Galaxy M34 5G (8GB/128GB) - Hàng chính hãng - Thiết kế sang trọng, màn hình sắc nét, dung lượng 6000mAh",31,5539000,Bến Tre,https://img.lazcdn.com/g/p/ab2ca1fd8f9bdec43b71e847c631a48f.jpg_200x200q80.avif,i n tho i Samsung Galaxy M34 5G 8GB/128GB - H ng ch nh h ng - Thi t k sang tr ng m n h nh s c n t dung l ng 6000mAh
https://www.lazada.vn/products/pdp-i2421410857.html,"Điện thoại Samsung Galaxy A05 (4GB/128GB) - Hàng chính hãng - Dung lượng lưu trữ lớn, hiệu năng ổn định, pin 5000mAh",5,2929000,Bến Tre,https://img.lazcdn.com/g/p/243bb5ae1724c03fa88abb768da99d72.jpg_200x200q80.avif,i n tho i Samsung Galaxy A05 4GB/128GB - H ng ch nh h ng - Dung l ng l u tr l n hi u n ng n nh pin 5000mAh
https://www.lazada.vn/products/pdp-i2421265758.html,"Điện thoại Samsung Galaxy M34 5G (8GB/128GB) - Hàng chính hãng - Thiết kế sang trọng, màn hình sắc nét, dung lượng 6000mAh",29,5689000,Bến Tre,https://img.lazcdn.com/g/p/252151de9736d0bc8f00e79688ff6a09.jpg_200x200q80.avif,i n tho i Samsung Galaxy M34 5G 8GB/128GB - H ng ch nh h ng - Thi t k sang tr ng m n h nh s c n t dung l ng 6000mAh
https://www.lazada.vn/products/pdp-i2420889576.html,Điện thoại Xiaomi Redmi Note 12s 8GB+256GB| MediaTek Helio G96| 5000mAh| Sạc nhanh 33W,18,5490000,Hồ Chí Minh,https://img.lazcdn.com/g/p/79704f6cc9187ae49d2dcc37c86db0a6.png_200x200q80.avif,i n tho i Xiaomi Redmi Note 12s 8GB+256GB MediaTek Helio G96 5000mAh S c nhanh 33W
https://www.lazada.vn/products/pdp-i2420835688.html,Điện thoại Xiaomi Redmi Note 12 Pro 5G| 8GB+256GB| MediaTek Dimensity 1080| Màn hình 120Hz| 5000mAh| Sạc nhanh 67W,10,8499000,Hồ Chí Minh,https://img.lazcdn.com/g/p/43ff6fe72824dff5c796bdca6dfa2308.png_200x200q80.avif,i n tho i Xiaomi Redmi Note 12 Pro 5G 8GB+256GB MediaTek Dimensity 1080 M n h nh 120Hz 5000mAh S c nhanh 67W
https://www.lazada.vn/products/pdp-i2420764980.html,Điện thoại Xiaomi Redmi Note 12 Pro 4G 8GB+256GB| Snapdragon® 732G| 5000mAh| Sạc nhanh 67W,16,6739000,Hồ Chí Minh,https://img.lazcdn.com/g/p/90e9f8aa5bf80ee45957469dfb4f7e00.png_200x200q80.avif,i n tho i Xiaomi Redmi Note 12 Pro 4G 8GB+256GB Snapdragon 732G 5000mAh S c nhanh 67W
https://www.lazada.vn/products/pdp-i2418880281.html,J7prime hàng qua tay zin chất giá cực rẻ,22,699000,Bạc Liêu,https://img.lazcdn.com/g/ff/kf/S2a88fbddb6124780a8e1771201f420427.jpg_200x200q80.avif,J7prime h ng qua tay zin ch t gi c c r
https://www.lazada.vn/products/pdp-i2418692154.html,Điện thoại giá rẻ A10 hàng zin chính hãng tặng kèm ốp chống sốc,21,999000,Bạc Liêu,https://img.lazcdn.com/g/p/3235e7832b27e37b1609ba5638f8eb8c.jpg_200x200q80.avif,i n tho i gi r A10 h ng zin ch nh h ng t ng k m p ch ng s c
https://www.lazada.vn/products/pdp-i2418666470.html,Điện thoại A10 hàng zin chính hãng tặng ốp chống sốc,14,859000,Bạc Liêu,https://img.lazcdn.com/g/p/428ffd26e5f2152ca18aaddfb72fbb49.jpg_200x200q80.avif,i n tho i A10 h ng zin ch nh h ng t ng p ch ng s c
https://www.lazada.vn/products/pdp-i2418600820.html,Điện thoại A10 giá rẻ tặng kèm ốp chống sốc,13,859000,Bạc Liêu,https://img.lazcdn.com/g/p/428ffd26e5f2152ca18aaddfb72fbb49.jpg_200x200q80.avif,i n tho i A10 gi r t ng k m p ch ng s c
https://www.lazada.vn/products/pdp-i2418596100.html,Điện Thoại Xiaomi Redmi Note 12 8GB/128GB - Hàng Chính Hãng,27,4204000,Bến Tre,https://img.lazcdn.com/g/p/85221be62de1f75eb2537d43935fe8b8.jpg_200x200q80.avif,i n Tho i Xiaomi Redmi Note 12 8GB/128GB - H ng Ch nh H ng
https://www.lazada.vn/products/pdp-i2418529638.html,Điện thoại A10 2/32GB bảo hành 3 tháng,16,999000,Bạc Liêu,https://img.lazcdn.com/g/p/3235e7832b27e37b1609ba5638f8eb8c.jpg_200x200q80.avif,i n tho i A10 2/32GB b o h nh 3 th ng
https://www.lazada.vn/products/pdp-i2417249565.html,iPhone 15 Pro - Hàng Chính Hãng VN/A,9,28990000,Hồ Chí Minh,https://img.lazcdn.com/g/ff/kf/Sd7f82a7470bc469790882dcd49a6c2bcq.png_200x200q80.avif,iPhone 15 Pro - H ng Ch nh H ng VN/A
https://www.lazada.vn/products/pdp-i2414921567.html,Điện thoại Samsung S23 PLUS 8GB | 256GB Hàng Chính Hãng,0,26989000,Hồ Chí Minh,https://img.lazcdn.com/g/p/4245f5bc3e56c3a041bd6225c450c194.png_200x200q80.avif,i n tho i Samsung S23 PLUS 8GB 256GB H ng Ch nh H ng
https://www.lazada.vn/products/pdp-i2414730290.html,Điện Thoại Samsung S21 Fe / s21fe Ram 6 128Gb Snap 888 Bản 2 Sim Đẹp,0,6448000,Hồ Chí Minh,https://img.lazcdn.com/g/p/55f7d112120870260d7355af1dc911e0.png_200x200q80.avif,i n Tho i Samsung S21 Fe / s21fe Ram 6 128Gb Snap 888 B n 2 Sim p
https://www.lazada.vn/products/pdp-i2414228885.html,điện thoại samsung j7 plus Ram4G,0,1350000,Bến Tre,https://img.lazcdn.com/g/ff/kf/S177e3968272d4ffe8481a24eefc3a5416.jpg_200x200q80.avif,i n tho i Samsung j7 plus Ram4G
https://www.lazada.vn/products/pdp-i2412638374.html,"Điện Thoại Xiaomi Redmi Note 12 4+128GB|8+128GB AMOLED 6.67"" FHD+| Snapdragon® 685| 5000mAh",22,3899000,Hồ Chí Minh,https://img.lazcdn.com/g/p/694b68f69ea381a16f55139171465427.png_200x200q80.avif,i n Tho i Xiaomi Redmi Note 12 4+128GB 8+128GB AMOLED 6 67 FHD+ Snapdragon 685 5000mAh
https://www.lazada.vn/products/pdp-i2408671426.html,Điện thoại Tecno POVA 5 (8GB+8GB/128GB) RAM mở rộng 16GB | Pin 6000 mAh | Màn 120Hz - Sạc nhanh 45W - Hàng Chính Hãng,16,3759000,Nghệ An,https://img.lazcdn.com/g/p/7f757fd8d88cccc6d2e8aba1617902f1.jpg_200x200q80.avif,i n tho i Tecno POVA 5 8GB+8GB/128GB RAM m r ng 16GB Pin 6000 mAh M n 120Hz - S c nhanh 45W - H ng Ch nh H ng
https://www.lazada.vn/products/pdp-i2404237138.html,Điện thoại Xiaomi Redmi 12C |Hàng Chính Hãng| Bảo Hành 18 Tháng| MediaTek Helio G85| Camera kép AI 50MP| Pin 5000mAh,43,1850000,Đà Nẵng,https://img.lazcdn.com/g/p/b72c606485fee6616cf537e7ecee1bfe.png_200x200q80.avif,i n tho i Xiaomi Redmi 12C H ng Ch nh H ng B o H nh 18 Th ng MediaTek Helio G85 Camera k p AI 50MP Pin 5000mAh
https://www.lazada.vn/products/pdp-i2397140162.html,"Điện thoại Samsung Galaxy Z Flip5 - Hàng chính hãng - Màn hình sống động, hiệu năng mạnh mẽ, 2 màn hình tiện lợi, sạc nhanh 25W",43,17149000,Bến Tre,https://img.lazcdn.com/g/p/fc9b19f1b3ef823777a08e354b024fd8.jpg_200x200q80.avif,i n tho i Samsung Galaxy Z Flip5 - H ng ch nh h ng - M n h nh s ng ng hi u n ng m nh m 2 m n h nh ti n l i s c nhanh 25W
https://www.lazada.vn/products/pdp-i2396784363.html,Samsung Galaxy Z Flip5 5G 512GB,0,29990000,Hồ Chí Minh,https://img.lazcdn.com/g/p/280f4281071da5ab8df8239320d6f8c6.png_200x200q80.avif,Samsung Galaxy Z Flip5 5G 512GB
https://www.lazada.vn/products/pdp-i2396749742.html,"Điện thoại Samsung Galaxy Z Flip5 - Hàng chính hãng - Màn hình sống động, hiệu năng mạnh mẽ, 2 màn hình tiện lợi, sạc nhanh 25W",44,16749000,Bến Tre,https://img.lazcdn.com/g/p/f216f1bc7c3e03d990c2709c22bcaaba.jpg_200x200q80.avif,i n tho i Samsung Galaxy Z Flip5 - H ng ch nh h ng - M n h nh s ng ng hi u n ng m nh m 2 m n h nh ti n l i s c nhanh 25W
https://www.lazada.vn/products/pdp-i2395322903.html,[Sale 10h 05.05] Điện Thoại OPPO A58 (6GB/128GB) - Hàng Chính Hãng,0,4990000,Hà Nội,https://img.lazcdn.com/g/p/bd3a8315c441cad9bd1fdd903585c503.jpg_200x200q80.avif,Sale 10h 05 05 i n Tho i OPPO A58 6GB/128GB - H ng Ch nh H ng
https://www.lazada.vn/products/pdp-i2393750527.html,Điện thoại Sharp Aquos Sense 5G màn 5.8 inch HDR10 - Snaρ 690 5G,12,1668000,Nghệ An,https://img.lazcdn.com/g/p/ed9e1b2ba55af43356c23a49566cec0f.jpg_200x200q80.avif,i n tho i Sharp Aquos Sense 5G m n 5 8 inch HDR10 - Sna 690 5G
https://www.lazada.vn/products/pdp-i2393497117.html,Nokia 3310 (fullbox),0,385000,Đà Nẵng,https://img.lazcdn.com/g/ff/kf/S94be2be9ced3434abfca4e55321c06c8n.jpg_200x200q80.avif,Nokia 3310 fullbox
https://www.lazada.vn/products/pdp-i2393027364.html,"ĐIỆN THOẠI ITEL 1508 PLUS, 2SIM ,HỌC ONLINE, CHƠI GAME LIÊN QUÂN.",0,395000,Hà Nội,https://img.lazcdn.com/g/ff/kf/Sf7de79f14a5a44a4823836500174981b8.jpg_200x200q80.avif,I N THO I ITEL 1508 PLUS 2SIM H C ONLINE CH I GAME LI N QU N
https://www.lazada.vn/products/pdp-i2393010321.html,"ĐIỆN THOẠI SAMSUNG G532G RAM 2GB, 4G, CHƠI LIÊN QUÂN",0,595000,Hà Nội,https://img.lazcdn.com/g/ff/kf/S2dd674453a2248ceb4b3dce6140e8e05j.jpg_200x200q80.avif,I N THO I Samsung G532G RAM 2GB 4G CH I LI N QU N
https://www.lazada.vn/products/pdp-i2393001378.html,"ĐIỆN THOẠI SIÊU BỀN , 2SIM ,HỌC ONLINE, CHƠI GAME LIÊN QUÂN.",0,345000,Hà Nội,https://img.lazcdn.com/g/ff/kf/S1b6302050cb74c8593f79fc82988cc5e5.jpg_200x200q80.avif,I N THO I SI U B N 2SIM H C ONLINE CH I GAME LI N QU N
https://www.lazada.vn/products/pdp-i2392908418.html,"ĐIỆN THOẠI SAMSUNG GALAXY J5  SIÊU BỀN RAM 2GB, 2SIM ,HỌC ONLINE, CHƠI GAME LIÊN QUÂN.",0,485000,Hà Nội,https://img.lazcdn.com/g/ff/kf/S98baf7ae3c8a436d989eee1a9d6d32ccL.jpg_200x200q80.avif,I N THO I Samsung GALAXY J5 SI U B N RAM 2GB 2SIM H C ONLINE CH I GAME LI N QU N
https://www.lazada.vn/products/pdp-i2392894448.html,"ĐIỆN THOẠI SAMSUNG GALAXY NOTE 3 ANDROID 7.1,  SIÊU BỀN RAM 3GB, 1SIM ,HỌC ONLINE, CHƠI GAME LIÊN QUÂN.",0,755000,Hà Nội,https://img.lazcdn.com/g/ff/kf/Sed32b7cbff94408895408bfeeed3a1e3Y.jpg_200x200q80.avif,I N THO I Samsung GALAXY NOTE 3 ANDROID 7 1 SI U B N RAM 3GB 1SIM H C ONLINE CH I GAME LI N QU N
https://www.lazada.vn/products/pdp-i2392671767.html,"ĐIỆN THOẠI SAMSUNG S5,CẢM BIẾN NHỊP TIM, VÂN TAY, RAM 2GB, 4G, chơi PUPG, LIÊN QUÂN, HỌC ONLINE",0,598000,Hà Nội,https://img.lazcdn.com/g/ff/kf/Sf711bdaf53b343f692d4a826bd57671eu.jpg_200x200q80.avif,I N THO I Samsung S5 C M BI N NH P TIM V N TAY RAM 2GB 4G ch i PUPG LI N QU N H C ONLINE
https://www.lazada.vn/products/pdp-i2385626375.html,Điện thoại Xiaomi Qin F22 (No Camera) - Cài sẵn ROM quốc tế và CH PLAY,9,1798000,Nghệ An,https://img.lazcdn.com/g/p/e68d207e13f375b8c5832cb6d5972856.jpg_200x200q80.avif,i n tho i Xiaomi Qin F22 No Camera - C i s n ROM qu c t v CH PLAY
https://www.lazada.vn/products/pdp-i2385527871.html,Điện thoại Tecno POVA 5 (8+8)/128GB - MediaTek G99 - Sạc nhanh 45W - 6.8'' FHD+ Tần số quét 120HHZ - Hàng Chính Hãng -  Bảo hành 13 Tháng,11,3990000,Hồ Chí Minh,https://img.lazcdn.com/g/p/d1f242e629196c6a4cc381dad631e143.jpg_200x200q80.avif,i n tho i Tecno POVA 5 8+8 /128GB - MediaTek G99 - S c nhanh 45W - 6 8 FHD+ T n s qu t 120HHZ - H ng Ch nh H ng - B o h nh 13 Th ng
https://www.lazada.vn/products/pdp-i2377100460.html,Điện thoại samsung j7 prime,0,950000,Bến Tre,https://img.lazcdn.com/g/ff/kf/Sbfc325404b7f49d4b85297a34ead8bba2.jpg_200x200q80.avif,i n tho i Samsung j7 prime
https://www.lazada.vn/products/pdp-i2374304735.html,điện thoại samsung note 10 lite -Ram 8G,0,3400000,Bến Tre,https://img.lazcdn.com/g/ff/kf/S360c1f5e133d41ffa3648a2cc0bba1aei.jpg_200x200q80.avif,i n tho i Samsung note 10 lite -Ram 8G
https://www.lazada.vn/products/pdp-i2374028195.html,"Điện thoại Xiaomi Redmi Note 12 (8GB/128GB) - Hàng chính hãng - 3 camera sắc nét, hiệu năng mạnh mẽ, sạc nhanh 33W",31,3990000,Bến Tre,https://img.lazcdn.com/g/p/afa54f27e013d8dd8b5b6983973c11e9.jpg_200x200q80.avif,i n tho i Xiaomi Redmi Note 12 8GB/128GB - H ng ch nh h ng - 3 camera s c n t hi u n ng m nh m s c nhanh 33W
https://www.lazada.vn/products/pdp-i2369323140.html,Điện thoại samsung grand prime,47,199000,Hà Nội,https://img.lazcdn.com/g/ff/kf/Sb1e587efd4a24a85a1d3040df7423445v.jpg_200x200q80.avif,i n tho i Samsung grand prime
https://www.lazada.vn/products/pdp-i2369313877.html,Điện thoại di động Samsung Galaxy S20 FE 256GB - Chính hãng,3,7350000,Hà Nội,https://img.lazcdn.com/g/p/06af2508c532d4780ea1018e7abd2d33.jpg_200x200q80.avif,i n tho i di ng Samsung Galaxy S20 FE 256GB - Ch nh h ng
https://www.lazada.vn/products/pdp-i2369293939.html,Điện thoại Samsung Galaxy S21 FE 5G (8GB/128GB) new seal-Chính hãng,3,9250000,Hà Nội,https://img.lazcdn.com/g/p/ce7291b519e7c30fddb70f557a3bc445.jpg_200x200q80.avif,i n tho i Samsung Galaxy S21 FE 5G 8GB/128GB new seal-Ch nh h ng
https://www.lazada.vn/products/pdp-i2364977689.html,Điện thoại samsung j7 prim Ram 3G,0,1150000,Bến Tre,https://img.lazcdn.com/g/ff/kf/Sb1eb5f09654c496f8f915faae3b376aeF.jpg_200x200q80.avif,i n tho i Samsung j7 prim Ram 3G
https://www.lazada.vn/products/pdp-i2351036328.html,"Điện thoại Samsung Galaxy A24 - Hàng chính hãng - Bộ 3 camera sắc nét, đa nhiệm mượt mà, dung lượng 5000mAh",20,5189000,Bến Tre,https://img.lazcdn.com/g/p/fc142fb98716002559f4586b3c4fe180.jpg_200x200q80.avif,i n tho i Samsung Galaxy A24 - H ng ch nh h ng - B 3 camera s c n t a nhi m m t m dung l ng 5000mAh
https://www.lazada.vn/products/pdp-i2350054745.html,Điện thoại Xiaomi Mi 10S Rom quốc tế Màn AMOLED 90Hz - Snaρ 870 Ram 12G 256G,15,3998000,Nghệ An,https://img.lazcdn.com/g/p/0739baaafbe0671d1b5b62cc5d2e74b8.jpg_200x200q80.avif,i n tho i XiaoXiaomi 10S Rom qu c t M n AMOLED 90Hz - Sna 870 Ram 12G 256G
https://www.lazada.vn/products/pdp-i2348826040.html,Điện thoại Samsung Galaxy S23 Ultra Exclusixe,38,20490000,Hà Nội,https://img.lazcdn.com/g/p/0649f37e5b704b715455a77e2ed92570.jpg_200x200q80.avif,i n tho i Samsung Galaxy S23 Ultra Exclusixe
https://www.lazada.vn/products/pdp-i2348654718.html,"Điện Thoại Người Già Mobile X8. Full Hộp + Phụ Kiện Tên sản phẩm: Mobile X8 Điện thoại dành cho người lớn tuổi Hỗ trợ 2 khe sim, 1 khe thẻ nhớ Danh bạ lưu được 100 số",0,450000,Hồ Chí Minh,https://img.lazcdn.com/g/ff/kf/S0cf985e686b44d5d8b62e3ac6ecb6fe4Q.jpg_200x200q80.avif,i n Tho i Ng i Gi Mobile X8 Full H p + Ph Ki n T n s n ph m Mobile X8 i n tho i d nh cho ng i l n tu i H tr 2 khe sim 1 khe th nh Danh b l u c 100 s
https://www.lazada.vn/products/pdp-i2347763266.html,Điện thoại Samsung Galaxy S23 Ultra 5G - Chính hãng - Nguyên Seal - BH 12 Tháng,34,20990000,Đà Nẵng,https://img.lazcdn.com/g/p/747b24746dd9e66fb0c4a89ee44638f9.jpg_200x200q80.avif,i n tho i Samsung Galaxy S23 Ultra 5G - Ch nh h ng - Nguy n Seal - BH 12 Th ng
https://www.lazada.vn/products/pdp-i2344355786.html,Điện thoại Samsung Galaxy Note 9 bản 2 sim Rom 128GB / Ram 6GB pin 4000 cũ like new 97%,0,3600000,Hồ Chí Minh,https://img.lazcdn.com/g/p/90a7d3944108c87ef2d42e5067435862.jpg_200x200q80.avif,i n tho i Samsung Galaxy Note 9 b n 2 sim Rom 128GB / Ram 6GB pin 4000 c like new 97
https://www.lazada.vn/products/pdp-i2333339560.html,Điện Thoại Infinix Hot 20 Play 4GB/128GB - Hàng Chính Hãng,9,2890000,Hồ Chí Minh,https://img.lazcdn.com/g/p/70b18fde8a6e755673ffb16f291ea987.jpg_200x200q80.avif,i n Tho i Infinix Hot 20 Play 4GB/128GB - H ng Ch nh H ng
https://www.lazada.vn/products/pdp-i2332768026.html,Điện thoại POCO M5 6GB+128GB | Pin 5000mAh | MediaTek Helio G99 | Sạc nhanh 18W | Hàng Chính Hãng,33,2650000,Đà Nẵng,https://img.lazcdn.com/g/p/a8221f9bbc430be2a45d8a33ff240728.png_200x200q80.avif,i n tho i POCO M5 6GB+128GB Pin 5000mAh MediaTek Helio G99 S c nhanh 18W H ng Ch nh H ng
https://www.lazada.vn/products/pdp-i2332608517.html,Điện thoại Samsung Galaxy A14 5G Ram 4GB Rom 128GB - Hàng Chính Hãng,31,3850000,Đà Nẵng,https://img.lazcdn.com/g/p/86a397a1dc9729e22eba48bbdef90396.png_200x200q80.avif,i n tho i Samsung Galaxy A14 5G Ram 4GB Rom 128GB - H ng Ch nh H ng
https://www.lazada.vn/products/pdp-i2332342031.html,Điện thoại Samsung Galaxy Xcover Pro ( Bản 2 Sim ),0,3900000,Hồ Chí Minh,https://img.lazcdn.com/g/p/15aa50f5a2d03520480b24ce17485239.jpg_200x200q80.avif,i n tho i Samsung Galaxy Xcover Pro B n 2 Sim
https://www.lazada.vn/products/pdp-i2331807272.html,"Điện thoại Samsung Galaxy A24 - Nguyên seal, Chính hãng Samsung Việt Nam",20,5190000,Đà Nẵng,https://img.lazcdn.com/g/p/3fda58940948454fa60a59ad5f11565b.jpg_200x200q80.avif,i n tho i Samsung Galaxy A24 - Nguy n seal Ch nh h ng Samsung Vi t Nam
https://www.lazada.vn/products/pdp-i2323616162.html,Điện thoại Samsung Galaxy A14 5G Ram 4GB Rom 128GB - Hàng Chính Hãng,19,3750000,Đà Nẵng,https://img.lazcdn.com/g/p/72d3bf0e040c1f66a0406e66e2b77073.png_200x200q80.avif,i n tho i Samsung Galaxy A14 5G Ram 4GB Rom 128GB - H ng Ch nh H ng
https://www.lazada.vn/products/pdp-i2323574422.html,Điện thoại Samsung Galaxy A14 5G Ram 4GB Rom 128GB - Hàng Chính Hãng,23,3850000,Đà Nẵng,https://img.lazcdn.com/g/p/4f1231982b08c14fab2ce71237934027.png_200x200q80.avif,i n tho i Samsung Galaxy A14 5G Ram 4GB Rom 128GB - H ng Ch nh H ng
https://www.lazada.vn/products/pdp-i2323061960.html,điện thoại grand prime,47,199000,Hà Nội,https://img.lazcdn.com/g/ff/kf/Sacec44dba637477591cb5912198d3b3eu.jpg_200x200q80.avif,i n tho i grand prime
https://www.lazada.vn/products/pdp-i2307877496.html,SAMSUNG A21S MÁY ĐẸP BỀN XEM YOUTUBE LƯỚT FACEBOOK ZALO SIÊU MƯỢT.3G/32G,0,1600000,Bạc Liêu,https://img.lazcdn.com/g/p/67fba91c2424581c690b297547f11ee2.jpg_200x200q80.avif,Samsung A21S M Y P B N XEM YOUTUBE L T FACEBOOK ZALO SI U M T 3G/32G
https://www.lazada.vn/products/pdp-i2306941216.html,Điện thoại Samsung Galaxy A24-Hàng chính hãng,0,5990000,Hà Nội,https://img.lazcdn.com/g/p/d717f0ee4ec129118c175447a183e42d.jpg_200x200q80.avif,i n tho i Samsung Galaxy A24-H ng ch nh h ng
https://www.lazada.vn/products/pdp-i2306213802.html,Thanh lý điện thoại samsung galaxy note 8 chính hãng mỹ cũ rẻ bản mỹ chip rồng 835 rom 64 ram 6GB,0,1790000,Hồ Chí Minh,https://img.lazcdn.com/g/p/fa7f9c98bd87e813f9e7ae060f6854c4.jpg_200x200q80.avif,Thanh l i n tho i Samsung galaxy note 8 ch nh h ng m c r b n m chip r ng 835 rom 64 ram 6GB
https://www.lazada.vn/products/pdp-i2300070627.html,điện thoại samsung A7 - 1 sim,0,1550000,Bến Tre,https://img.lazcdn.com/g/ff/kf/S29f9f7c332c446269ecab7fb21576efb8.jpg_200x200q80.avif,i n tho i Samsung A7 - 1 sim
https://www.lazada.vn/products/pdp-i2300032802.html,điện thoại samsung A710 Bản 2sim,0,1600000,Bến Tre,https://img.lazcdn.com/g/ff/kf/S7e91ef1308654ec8ab5f9c38450b7375D.jpg_200x200q80.avif,i n tho i Samsung A710 B n 2sim
https://www.lazada.vn/products/pdp-i2299886089.html,"Điện thoại Samsung Galaxy A14 5G 4GB - 128GB - Hàng chính hãng, Mới 100%, Bảo hành 12 tháng",25,3990000,Đà Nẵng,https://img.lazcdn.com/g/p/96fb77af60265c007f3b7425d21240c4.png_200x200q80.avif,i n tho i Samsung Galaxy A14 5G 4GB - 128GB - H ng ch nh h ng M i 100 B o h nh 12 th ng
https://www.lazada.vn/products/pdp-i2299093854.html,Điện thoại giá rẻ Samsung A10 ram2/32Gb Bảo hành 3 tháng,9,999000,Bạc Liêu,https://img.lazcdn.com/g/p/3235e7832b27e37b1609ba5638f8eb8c.jpg_200x200q80.avif,i n tho i gi r Samsung A10 ram2/32Gb B o h nh 3 th ng
https://www.lazada.vn/products/pdp-i2293160766.html,Điện Thoại Redmi Note 12S 8GB/256GB - Chính hãng,21,5290000,Hà Nội,https://img.lazcdn.com/g/p/ceb99aab3048937cdb23bd1d45593d72.jpg_200x200q80.avif,i n Tho i Redmi Note 12S 8GB/256GB - Ch nh h ng
https://www.lazada.vn/products/pdp-i2291489765.html,điện thoại samsunh s6 như ảnh ram3/32Gb,0,645000,Bạc Liêu,https://img.lazcdn.com/g/ff/kf/S2b770075c4494416afca35a94522cd92R.jpg_200x200q80.avif,i n tho i samsunh s6 nh nh ram3/32Gb
https://www.lazada.vn/products/pdp-i2289958593.html,"Điện thoại Xiaomi POCO X5 5G 8+256GB | 6+128GB | 6.67 ""120Hz AMOLED DotDisplay",29,4590000,Hồ Chí Minh,https://img.lazcdn.com/g/p/90463559b719d7fdd15db6b26f4f19f4.jpg_200x200q80.avif,i n tho i Xiaomi POCO X5 5G 8+256GB 6+128GB 6 67 120Hz AMOLED DotDisplay
https://www.lazada.vn/products/pdp-i2288961613.html,"Điện thoại SAMSUNG GALAXY S7 1Sim Ram 4G rom 32G Cũ Zin, chơi Game mươt, Cày Zalo Tiktok Youtube chất SHOP 19955",40,1199000,Hồ Chí Minh,https://img.lazcdn.com/g/p/3343b3b477121335858c25b92ea942ba.jpg_200x200q80.avif,i n tho i Samsung GALAXY S7 1Sim Ram 4G rom 32G C Zin ch i Game m t C y Zalo Tiktok Youtube ch t SHOP 19955
https://www.lazada.vn/products/pdp-i2284577875.html,điện thoại samsung A30,0,1700000,Bến Tre,https://img.lazcdn.com/g/ff/kf/S9a7f088675ee4696977ff683030733f1E.jpg_200x200q80.avif,i n tho i Samsung A30
https://www.lazada.vn/products/pdp-i2280400376.html,Điện thoại samsung A6 plus,0,1700000,Bến Tre,https://img.lazcdn.com/g/ff/kf/Scdce5df110264ce9a05cd63b195dfd3fl.jpg_200x200q80.avif,i n tho i Samsung A6 plus
https://www.lazada.vn/products/pdp-i2279159759.html,Điện thoại POCO M5 4GB+64GB/6GB+128GB | Pin 5000mAh | MediaTek Helio G99 | Sạc nhanh 18W |Hàng Chính Hãng Digiworld,30,2750000,Đà Nẵng,https://img.lazcdn.com/g/p/b52208c7d6561c2037a927c701f9407f.png_200x200q80.avif,i n tho i POCO M5 4GB+64GB/6GB+128GB Pin 5000mAh MediaTek Helio G99 S c nhanh 18W H ng Ch nh H ng Digiworld
https://www.lazada.vn/products/pdp-i2277922312.html,Điện thoại samsung A20 như mới,0,1450000,Bến Tre,https://img.lazcdn.com/g/ff/kf/Sae851aa230c94d11b05f6489b5468077U.jpg_200x200q80.avif,i n tho i Samsung A20 nh m i
https://www.lazada.vn/products/pdp-i2275440833.html,Điện thoại Honor 9X camera thò thụt - Kirin 810 ram 6G 64G,10,2048000,Nghệ An,https://img.lazcdn.com/g/p/cb1fd807b9606f19e3b6c10fb1ff6958.jpg_200x200q80.avif,i n tho i Honor 9X camera th th t - Kirin 810 ram 6G 64G
https://www.lazada.vn/products/pdp-i2275085444.html,điện thoại samsung j7 pro,0,1550000,Bến Tre,https://img.lazcdn.com/g/ff/kf/See51490b320b47c8be385f10dbab11bdm.jpg_200x200q80.avif,i n tho i Samsung j7 Pro
https://www.lazada.vn/products/pdp-i2275030891.html,điện thoại samsung j7 pro,0,1600000,Bến Tre,https://img.lazcdn.com/g/ff/kf/S266a5a5ae2c443508925ff09058676b0b.jpg_200x200q80.avif,i n tho i Samsung j7 Pro
https://www.lazada.vn/products/pdp-i2274576443.html,Điện thoại 6G màu trắng bạc rất đẹp,0,1300000,Bến Tre,https://img.lazcdn.com/g/ff/kf/S4fbe1dfb8e8e4e1699561d6627fe1e95p.jpg_200x200q80.avif,i n tho i 6G m u tr ng b c r t p
https://www.lazada.vn/products/pdp-i2273368298.html,ĐIỆN THOẠI SAMSUNG - J2PRIME ( G532 )HÀNG CHÍNH HÃNG,0,335000,Nam Định,https://img.lazcdn.com/g/ff/kf/S8a7428e2c8b643b598ce1fd45dc60122s.jpg_200x200q80.avif,I N THO I Samsung - J2PRIME G532 H NG CH NH H NG
https://www.lazada.vn/products/pdp-i2270946123.html,Điện thoại POCO M4 Pro AMOLED 90Hz 5000mah|Hàng Chính Hãng Bảo Hành 18 Tháng,33,3950000,Đà Nẵng,https://img.lazcdn.com/g/p/8ba1ea8258934aa71f6b8cfde982868a.png_200x200q80.avif,i n tho i POCO M4 Pro AMOLED 90Hz 5000mah H ng Ch nh H ng B o H nh 18 Th ng
https://www.lazada.vn/products/pdp-i2269869099.html,Samsung Galaxy A33 Black 5G 128GB 6GB SM-A336EZKGXXV,0,6835780,Hải Phòng,https://img.lazcdn.com/g/p/36e79bb43c790836c167a4e538f62749.jpg_200x200q80.avif,Samsung Galaxy A33 Black 5G 128GB 6GB SM-A336EZKGXXV
https://www.lazada.vn/products/pdp-i2269851164.html,Samsung Galaxy A33 Blue 5G 128GB 6GB,0,6561400,Hải Phòng,https://img.lazcdn.com/g/p/619465b916f1de58302ee7eb8f4f4b33.jpg_200x200q80.avif,Samsung Galaxy A33 Blue 5G 128GB 6GB
https://www.lazada.vn/products/pdp-i2269834385.html,Samsung Galaxy Tab A8 10.5 2022 Dark Gray 64GB/4GB 4G LTE,0,6402980,Hải Phòng,https://img.lazcdn.com/g/p/112125bad51b0ace874b351a7a253583.jpg_200x200q80.avif,Samsung Galaxy Tab A8 10 5 2022 Dark Gray 64GB/4GB 4G LTE
https://www.lazada.vn/products/pdp-i2269817297.html,Điện Thoại Samsung A04 3GB/32GB - Hàng Chính Hãng,27,2190000,Hà Nội,https://img.lazcdn.com/g/p/2d57f1c0da7141ec49b5221b431d8df1.jpg_200x200q80.avif,i n Tho i Samsung A04 3GB/32GB - H ng Ch nh H ng
https://www.lazada.vn/products/pdp-i2269815331.html,Samsung Galaxy A54 5G 8GB;128GB Black (SM-A546EZKCXXV),0,9757180,Hải Phòng,https://img.lazcdn.com/g/p/74251a980e39b6e8097c92bbc94c3de2.png_200x200q80.avif,Samsung Galaxy A54 5G 8GB 128GB Black SM-A546EZKCXXV
https://www.lazada.vn/products/pdp-i2269815330.html,Samsung Galaxy A34 5G 8GB;128GB Xanh (SM-A346ELGCXXV),0,7549900,Hải Phòng,https://img.lazcdn.com/g/p/a1ede3172715485bbb7f7e72b1a5b041.png_200x200q80.avif,Samsung Galaxy A34 5G 8GB 128GB Xanh SM-A346ELGCXXV
https://www.lazada.vn/products/pdp-i2269810566.html,"Samsung Galaxy Tab A7 Lite Gray 8.7"" (2021) 3GB/32GB/8MP&2MP/4G LTE/Phone/mSD/1x nano SIM/5100 mAh",0,3817000,Hải Phòng,https://img.lazcdn.com/g/p/1fcedc6c327dd4401642107abcb9baa3.jpg_200x200q80.avif,Samsung Galaxy Tab A7 Lite Gray 8 7 2021 3GB/32GB/8MP 2MP/4G LTE/Phone/mSD/1x nano SIM/5100 mAh
https://www.lazada.vn/products/pdp-i2269810560.html,Điện thoại Samsung Galaxy A13 Black 4GB 128,0,6390000,Hải Phòng,https://img.lazcdn.com/g/p/65fdee3050495973fd597dd9b113a0d7.jpg_200x200q80.avif,i n tho i Samsung Galaxy A13 Black 4GB 128
https://www.lazada.vn/products/pdp-i2269802393.html,"Samsung Galaxy Tab A7 Lite Silver 8.7"" (2021) 3GB/32GB/8MP&2MP/4G LTE/Phone/mSD/1x nano SIM/5100 mAh",0,3871100,Hải Phòng,https://img.lazcdn.com/g/p/4a8cbac1c4967aab06c00f2ac81d1dba.jpg_200x200q80.avif,Samsung Galaxy Tab A7 Lite Silver 8 7 2021 3GB/32GB/8MP 2MP/4G LTE/Phone/mSD/1x nano SIM/5100 mAh
https://www.lazada.vn/products/pdp-i2268974321.html,Điện thoại samsung A750,0,1400000,Bến Tre,https://img.lazcdn.com/g/ff/kf/S6bbb10f2ae6a4878aa6ed83fbd2d22f6l.jpg_200x200q80.avif,i n tho i Samsung A750
https://www.lazada.vn/products/pdp-i2268166561.html,điện thoại samsung j7 plus Ram4G,0,1400000,Bến Tre,https://img.lazcdn.com/g/ff/kf/S82a947f2a1da4f37b9943aa911df912fv.jpg_200x200q80.avif,i n tho i Samsung j7 plus Ram4G
https://www.lazada.vn/products/pdp-i2267062034.html,Dien thoại samsung j7 pro Ram 3G,0,1350000,Bến Tre,https://img.lazcdn.com/g/ff/kf/S96946bdfb5334fb4ba94f0649b1f344ay.jpg_200x200q80.avif,Dien tho i Samsung j7 Pro Ram 3G
https://www.lazada.vn/products/pdp-i2266498702.html,Điện thoại Xiaomi Redmi K30 Pro màn Super AMOLED - Snaρdragon 865,24,2898000,Nghệ An,https://img.lazcdn.com/g/p/5805ff5a11fe8be3dc1a859ee0b01f49.jpg_200x200q80.avif,i n tho i Xiaomi Redmi K30 Pro m n Super AMOLED - Sna dragon 865
https://www.lazada.vn/products/pdp-i2265787472.html,Điện thoại Sony XZ2 Premium màn 5.8 inch 4K - Snaρ 845 ram 6G 64G,25,1798000,Nghệ An,https://img.lazcdn.com/g/p/26b538ea1af652006477270dd0cc29cb.jpg_200x200q80.avif,i n tho i Sony XZ2 Premium m n 5 8 inch 4K - Sna 845 ram 6G 64G
https://www.lazada.vn/products/pdp-i2264801985.html,Điện thoại Xiaomi Redmi 12C | MediaTek Helio G85| Camera kép AI 50MP| Pin 5000mAh,35,2050000,Đà Nẵng,https://img.lazcdn.com/g/p/c8ce70f0af1cc5ccaeb38d548a8f2a36.png_200x200q80.avif,i n tho i Xiaomi Redmi 12C MediaTek Helio G85 Camera k p AI 50MP Pin 5000mAh
https://www.lazada.vn/products/pdp-i2264427953.html,điện thoại samsung s4,0,870000,Bến Tre,https://img.lazcdn.com/g/ff/kf/S720ce185bb234d9ca3ac5bebc37b560c9.jpg_200x200q80.avif,i n tho i Samsung s4
https://www.lazada.vn/products/pdp-i2262014222.html,Điện thoại samsung A750 Ram6/128G,0,2000000,Bến Tre,https://img.lazcdn.com/g/ff/kf/Sf902a878cdf34790bcacdc0957c1a760g.jpg_200x200q80.avif,i n tho i Samsung A750 Ram6/128G
https://www.lazada.vn/products/pdp-i2261035266.html,"Điện thoại Ctyon 4G có wifi xem youtube , lướt web , màn 2.4 ,Phím to - Mới nguyên seal",26,369000,Nghệ An,https://img.lazcdn.com/g/p/273f4008b75a3139dcd8ec89d0e54ccb.jpg_200x200q80.avif,i n tho i Ctyon 4G c wifi xem youtube l t web m n 2 4 Ph m to - M i nguy n seal
https://www.lazada.vn/products/pdp-i2260924289.html,Samsung Galaxy A04,0,2990000,Hồ Chí Minh,https://img.lazcdn.com/g/p/15bbc840476719edb7dde962cf6176fa.jpg_200x200q80.avif,Samsung Galaxy A04
https://www.lazada.vn/products/pdp-i2259360764.html,Điện thoại Samsung Galaxy A71 5G Bản Mỹ 1 sim ngoại hình đẹp 98% 128GB/8GB,0,3790000,Hồ Chí Minh,https://img.lazcdn.com/g/p/71e8439998fa489c8eee68f2be9a90ee.jpg_200x200q80.avif,i n tho i Samsung Galaxy A71 5G B n M 1 sim ngo i h nh p 98 128GB/8GB
https://www.lazada.vn/products/pdp-i2248703086.html,Kính ép Redmi K30 5G / K20 liền keo,0,25000,Hà Tĩnh,https://img.lazcdn.com/g/p/4ff20adb25a20459ae25349722731814.jpg_200x200q80.avif,K nh p Redmi K30 5G / K20 li n keo
https://www.lazada.vn/products/pdp-i2248679220.html,Kính ép redmi 10 4G / redmi 10 5G / Redmi 10C liền keo,0,25000,Hà Tĩnh,https://img.lazcdn.com/g/p/585a7ad0a23056b5b22f40c2c1923b37.jpg_200x200q80.avif,K nh p redmi 10 4G / redmi 10 5G / Redmi 10C li n keo
https://www.lazada.vn/products/pdp-i2248544737.html,Kính ép xiaomi redmi Note 10S / Note 10 4G liền keo,0,25000,Hà Tĩnh,https://img.lazcdn.com/g/p/b8c5f3d1c9544223146248c78a642af2.jpg_200x200q80.avif,K nh p xiaomi redmi Note 10S / Note 10 4G li n keo
https://www.lazada.vn/products/pdp-i2248216129.html,Xiaomi Redmi Note 12 4GB-128GB,0,4990000,Hồ Chí Minh,https://img.lazcdn.com/g/p/8a36619a0b4b92e48009fe893f63cd37.jpg_200x200q80.avif,Xiaomi Redmi Note 12 4GB-128GB
https://www.lazada.vn/products/pdp-i2247957467.html,ĐIỆN THOẠI XIAOMI MI 10T LITE 5G 6/128Gb,0,1299000,Hà Tĩnh,https://img.lazcdn.com/g/ff/kf/S393faad5bd634d73b5a197c8ddcfa0d8y.jpg_200x200q80.avif,I N THO I XIAOXiaomi 10T LITE 5G 6/128Gb
https://www.lazada.vn/products/pdp-i2246975690.html,Điện thoại Meizu M8 (Meizu V8) ram 4G 64G - Helio P22 Màn 5.7 inch,0,688000,Nghệ An,https://img.lazcdn.com/g/p/8ce9ebc052cb6960ddb14b182a2f8814.jpg_200x200q80.avif,i n tho i Meizu M8 Meizu V8 ram 4G 64G - Helio P22 M n 5 7 inch
https://www.lazada.vn/products/pdp-i2243992873.html,Điện Thoại Xiaomi 13 5G 8GB/256GB - Hàng Chính Hãng - Bảo Hành 2 Năm,26,16900000,Đà Nẵng,https://img.lazcdn.com/g/p/98b846ad4efbe431ef0d57beb0602e3b.jpg_200x200q80.avif,i n Tho i Xiaomi 13 5G 8GB/256GB - H ng Ch nh H ng - B o H nh 2 N m
https://www.lazada.vn/products/pdp-i2243941999.html,Điện Thoại Xiaomi 13T Pro 5G 12GB/256GB - Hàng Chính Hãng,7,14900000,Đà Nẵng,https://img.lazcdn.com/g/p/0d23cc3ed6b34eca2422876fbf4b1652.jpg_200x200q80.avif,i n Tho i Xiaomi 13T Pro 5G 12GB/256GB - H ng Ch nh H ng
https://www.lazada.vn/products/pdp-i2239608323.html,Màn hình xiaomi Note 10 4G Oled,0,1150000,Hà Tĩnh,https://img.lazcdn.com/g/p/e3a09e115c7c7e62a2cfc69b37242d3c.jpg_200x200q80.avif,M n h nh xiaomi Note 10 4G Oled
https://www.lazada.vn/products/pdp-i2239108709.html,"Điện thoại Xiaomi Redmi Note 12 (4GB/128GB) - Hàng chính hãng - 3 camera sắc nét, hiệu năng mạnh mẽ, sạc nhanh 33W",23,3819000,Bến Tre,https://img.lazcdn.com/g/p/60b1117cd7353fe7799bca642aad4ad4.jpg_200x200q80.avif,i n tho i Xiaomi Redmi Note 12 4GB/128GB - H ng ch nh h ng - 3 camera s c n t hi u n ng m nh m s c nhanh 33W
https://www.lazada.vn/products/pdp-i2237685401.html,Điện thoại POCO X5 5G 8+256GB Snapdragon® 695 120Hz FHD+ AMOLED DotDisplay 48MP Triple Camera,33,4990000,Hồ Chí Minh,https://img.lazcdn.com/g/p/2281fda0dcdf570c1df8f218505628aa.jpg_200x200q80.avif,i n tho i POCO X5 5G 8+256GB Snapdragon 695 120Hz FHD+ AMOLED DotDisplay 48MP Triple Camera
https://www.lazada.vn/products/pdp-i2237653452.html,Điện thoại Xiaomi Redmi 12C 4+64GB | MediaTek Helio G85 | Camera kép AI 50MP | Pin 5000mAh,30,2519000,Hồ Chí Minh,https://img.lazcdn.com/g/p/e4262e7eea22116e8f564112364aa64f.png_200x200q80.avif,i n tho i Xiaomi Redmi 12C 4+64GB MediaTek Helio G85 Camera k p AI 50MP Pin 5000mAh
https://www.lazada.vn/products/pdp-i2237620672.html,Điện thoại POCO X5 5G 6+128GB Snapdragon® 695 120Hz FHD+ AMOLED DotDisplay 48MP Triple Camera,20,5199000,Hồ Chí Minh,https://img.lazcdn.com/g/p/a4b5369a6b2ddd452ce5dab597af6fa8.png_200x200q80.avif,i n tho i POCO X5 5G 6+128GB Snapdragon 695 120Hz FHD+ AMOLED DotDisplay 48MP Triple Camera
https://www.lazada.vn/products/pdp-i2237601523.html,Điện thoại Xiaomi Redmi 12C 3+32GB | 4+64 GB | MediaTek Helio G85 | Camera kép AI 50MP | Pin 5000mAh,31,2190000,Hồ Chí Minh,https://img.lazcdn.com/g/p/e07ef701262ac32447383053ff86a5dc.png_200x200q80.avif,i n tho i Xiaomi Redmi 12C 3+32GB 4+64 GB MediaTek Helio G85 Camera k p AI 50MP Pin 5000mAh
https://www.lazada.vn/products/pdp-i2237412576.html,Điện thoại POCO M5 6+128GB | Pin 5000mAh | MediaTek Helio G99 | Chính 50 MP,28,3390000,Hồ Chí Minh,https://img.lazcdn.com/g/p/a8986cd421608b2e144a347e8585f511.png_200x200q80.avif,i n tho i POCO M5 6+128GB Pin 5000mAh MediaTek Helio G99 Ch nh 50 MP
https://www.lazada.vn/products/pdp-i2231942975.html,Điện thoại Samsung Galaxy S23 Ultra - Hàng chính hãng,35,21490000,Hà Nội,https://img.lazcdn.com/g/p/fb9399ae5ff8491460484757aaa4f885.jpg_200x200q80.avif,i n tho i Samsung Galaxy S23 Ultra - H ng ch nh h ng
https://www.lazada.vn/products/pdp-i2231536575.html,Điện thoại Redmi Note 12 Pro 5G 8GB/256GB - Chính hãng,20,8360000,Hà Nội,https://img.lazcdn.com/g/p/55d62f834f63dbf25bb89d2a9accc3a2.jpg_200x200q80.avif,i n tho i Redmi Note 12 Pro 5G 8GB/256GB - Ch nh h ng
https://www.lazada.vn/products/pdp-i2230290740.html,Điện thoại Samsung Galaxy S23 5G (8GB/128GB) - Hàng chính hãng,39,13990000,Đà Nẵng,https://img.lazcdn.com/g/p/6699989ba50d0980e10a6fdc7f63e38c.jpg_200x200q80.avif,i n tho i Samsung Galaxy S23 5G 8GB/128GB - H ng ch nh h ng
https://www.lazada.vn/products/pdp-i2230242114.html,"Điện Thoại Google Pixel 6 Pro Quốc Tế, Ram 12/128/256/512GB. Sonpixel",49,6970000,Hà Nội,https://img.lazcdn.com/g/p/163086074adcbdc03fb4a1b560d427db.png_200x200q80.avif,i n Tho i Google Pixel 6 Pro Qu c T Ram 12/128/256/512GB Sonpixel
https://www.lazada.vn/products/pdp-i2226388176.html,Samsung Galaxy A34 5G 128GB,0,8490000,Hồ Chí Minh,https://img.lazcdn.com/g/p/6423a2a77739f36617e20713a8b5baa5.jpg_200x200q80.avif,Samsung Galaxy A34 5G 128GB
https://www.lazada.vn/products/pdp-i2225817603.html,[TL] Điện thoại Samsung Galaxy S9 bản Mỹ 1 sim cũ (64GB/4GB) Snapdragon 845 nhanh mượt mà,0,2250000,Hồ Chí Minh,https://img.lazcdn.com/g/p/b961828e94a66b803ae3686e02b55736.jpg_200x200q80.avif,TL i n tho i Samsung Galaxy S9 b n M 1 sim c 64GB/4GB Snapdragon 845 nhanh m t m
https://www.lazada.vn/products/pdp-i2224191782.html,Điện thoại Sharp Aquos R5G màn 120Hz 2K - Snaρdragon 865 ram 12G 256G,34,2698000,Nghệ An,https://img.lazcdn.com/g/p/a0268da29597cbee71c550ca208da9c9.jpg_200x200q80.avif,i n tho i Sharp Aquos R5G m n 120Hz 2K - Sna dragon 865 ram 12G 256G
https://www.lazada.vn/products/pdp-i2223610862.html,"Điện thoại Samsung Galaxy A34 5G (8GB/128GB) - Hàng chính hãng - Màn hình sống động, sắc nét, camera đỉnh cao",29,6059000,Bến Tre,https://img.lazcdn.com/g/p/71dbba488dd9fa01af4f65dd5b88945d.jpg_200x200q80.avif,i n tho i Samsung Galaxy A34 5G 8GB/128GB - H ng ch nh h ng - M n h nh s ng ng s c n t camera nh cao
https://www.lazada.vn/products/pdp-i2223392091.html,"Điện thoại Samsung Galaxy A34 5G (8GB/128GB) - Hàng chính hãng - Màn hình sống động, sắc nét, camera đỉnh cao",29,6059000,Bến Tre,https://img.lazcdn.com/g/p/8cc495075937a4e3244a97ffe8cda05a.jpg_200x200q80.avif,i n tho i Samsung Galaxy A34 5G 8GB/128GB - H ng ch nh h ng - M n h nh s ng ng s c n t camera nh cao
https://www.lazada.vn/products/pdp-i2223391004.html,Điện Thoại Samsung Galaxy A34 5G 8GB/128GB - Hàng Chính Hãng - BH 12 Tháng,31,5890000,Đà Nẵng,https://img.lazcdn.com/g/p/ebd163d933720a4a6a1be4021315f3eb.jpg_200x200q80.avif,i n Tho i Samsung Galaxy A34 5G 8GB/128GB - H ng Ch nh H ng - BH 12 Th ng
https://www.lazada.vn/products/pdp-i2223347157.html,Điện Thoại Samsung Galaxy A54 5G - Hàng Chính Hãng - Bảo Hành 12 Tháng,24,8690000,Đà Nẵng,https://img.lazcdn.com/g/p/c0c68aa61b580286363c899c81019bcd.jpg_200x200q80.avif,i n Tho i Samsung Galaxy A54 5G - H ng Ch nh H ng - B o H nh 12 Th ng
https://www.lazada.vn/products/pdp-i2223343983.html,"Điện thoại Samsung Galaxy A54 5G (8GB/128GB) - Hàng chính hãng - 3 camera chính sắc nét, pin lớn 5000 mAh",30,7299000,Bến Tre,https://img.lazcdn.com/g/p/19e8f19b25aea9e317af7441da26123c.jpg_200x200q80.avif,i n tho i Samsung Galaxy A54 5G 8GB/128GB - H ng ch nh h ng - 3 camera ch nh s c n t pin l n 5000 mAh
https://www.lazada.vn/products/pdp-i2223175955.html,"Điện thoại Samsung Galaxy A54 5G (8GB/128GB) - Hàng chính hãng - 3 camera chính sắc nét, pin lớn 5000 mAh",32,7149000,Bến Tre,https://img.lazcdn.com/g/p/25c52a95ce0a581a3f8c737453407196.jpg_200x200q80.avif,i n tho i Samsung Galaxy A54 5G 8GB/128GB - H ng ch nh h ng - 3 camera ch nh s c n t pin l n 5000 mAh
https://www.lazada.vn/products/pdp-i2221985144.html,Điện thoại Samsung Galaxy S10e cũ (128GB|6GB) bản mỹ 1 sim nhỏ gọn mượt nhanh like new 98%,0,3200000,Hồ Chí Minh,https://img.lazcdn.com/g/p/f26459c1c4bd2a67c6c1a68b72b6290d.jpg_200x200q80.avif,i n tho i Samsung Galaxy S10e c 128GB 6GB b n m 1 sim nh g n m t nhanh like new 98
https://www.lazada.vn/products/pdp-i2213236024.html,Samsung Galaxy A14 4G 128GB - 00862842,0,4490000,Hồ Chí Minh,https://img.lazcdn.com/g/p/c514a36ecc905df54daa7201560b1a70.jpg_200x200q80.avif,Samsung Galaxy A14 4G 128GB - 00862842
https://www.lazada.vn/products/pdp-i2211005316.html,Điện thoại Samsung Galaxy S10e cũ bản 1 sim nhỏ gọn tinh tế đẹp 98% - chip Snapdragon 855 | 128GB | 6GB,0,3450000,Hồ Chí Minh,https://img.lazcdn.com/g/p/a9a7a498c1be32c05c66e5d735a9b36d.jpg_200x200q80.avif,i n tho i Samsung Galaxy S10e c b n 1 sim nh g n tinh t p 98 - chip Snapdragon 855 128GB 6GB
https://www.lazada.vn/products/pdp-i2208783097.html,Điện thoại POCO M5 (4GB/64GB) - Hàng chính hãng,35,2599000,Nghệ An,https://img.lazcdn.com/g/p/576af0cd78a17226e1b038f4b090c0f8.jpg_200x200q80.avif,i n tho i POCO M5 4GB/64GB - H ng ch nh h ng
https://www.lazada.vn/products/pdp-i2208355304.html,"ĐIỆN THOẠI SAMSUNG NOTE 4 ANDROID 116INCH 2K, RAM 3GB, ROM 32GB, 4G, CHƠI LIÊN QUÂN, PUPG",0,795000,Hà Nội,https://img.lazcdn.com/g/ff/kf/S29c3bd14aaee4f6bb0c7f88e7852e2bbx.jpg_200x200q80.avif,I N THO I Samsung NOTE 4 ANDROID 116INCH 2K RAM 3GB ROM 32GB 4G CH I LI N QU N PUPG
https://www.lazada.vn/products/pdp-i2205540485.html,Điện thoai Sony Xperia 1 II (Sony X1 Mark 2) màn OLED 4K - Snaρ 865 ram 8G,0,2598000,Nghệ An,https://img.lazcdn.com/g/p/f646273efb133fee0934aa49bf03a5d2.jpg_200x200q80.avif,i n thoai Sony Xperia 1 II Sony X1 Mark 2 m n OLED 4K - Sna 865 ram 8G
https://www.lazada.vn/products/pdp-i2205090912.html,[ giảm thêm 350k phí sàn] điện thoại Xiaomi Redme 13C Ram 8GB /  256GB mới Fullbox 2 sim pin khủng 50000mah Liên Quân-PUBG-Free Fire mướt,42,2899000,Hà Nội,https://img.lazcdn.com/g/p/0324b727f1d1e1bd0bc3d442f7025345.jpg_200x200q80.avif,gi m th m 350k ph s n i n tho i Xiaomi Redme 13C Ram 8GB / 256GB m i Fullbox 2 sim pin kh ng 50000mah Li n Qu n-PUBG-Free Fire m t
https://www.lazada.vn/products/pdp-i2204331074.html,Điện thoại POCO M4 Pro AMOLED 90Hz 5000mah|Hàng Chính Hãng Bảo Hành 18 Tháng,42,3750000,Đà Nẵng,https://img.lazcdn.com/g/p/5f6666b1306857989842478b4c464bba.png_200x200q80.avif,i n tho i POCO M4 Pro AMOLED 90Hz 5000mah H ng Ch nh H ng B o H nh 18 Th ng
https://www.lazada.vn/products/pdp-i2204328383.html,"Điện thoại Xiaomi 13 Pro 12+256GB | Màn hình LTPO AMOLED 2K 6.73"" | Bộ xử lý Snapdragon 8 Gen 2 - Hàng chính hãng phân phối bởi Digiworld",33,19990000,Đà Nẵng,https://img.lazcdn.com/g/p/a658a4c14d932e031c64af420ac13f82.jpg_200x200q80.avif,i n tho i Xiaomi 13 Pro 12+256GB M n h nh LTPO AMOLED 2K 6 73 B x l Snapdragon 8 Gen 2 - H ng ch nh h ng ph n ph i b i Digiworld
https://www.lazada.vn/products/pdp-i2204253411.html,Điện Thoại realme 10 (8GB/256GB) - Hàng Chính Hãng Trả Góp 0% Miễn Phí Vận Chuyển,7,6690000,Hồ Chí Minh,https://img.lazcdn.com/g/p/1399088d6aba1ed725cb7fbd9ecfd988.png_200x200q80.avif,i n Tho i realme 10 8GB/256GB - H ng Ch nh H ng Tr G p 0 Mi n Ph V n Chuy n
https://www.lazada.vn/products/pdp-i2203812025.html,"Điện thoại Samsung Galaxy A14 LTE (4GB/128GB) - Hàng chính hãng - Bộ 3 camera sắc nét, đa nhiệm mượt mà",0,4490000,Bến Tre,https://img.lazcdn.com/g/p/73907dc06c5ebcc987d14732bdbd8b8f.jpg_200x200q80.avif,i n tho i Samsung Galaxy A14 LTE 4GB/128GB - H ng ch nh h ng - B 3 camera s c n t a nhi m m t m
https://www.lazada.vn/products/pdp-i2203798310.html,"Điện thoại Samsung Galaxy A04e (3GB/32GB) - Hàng chính hãng - Hiển thị rõ ràng, hiệu năng ổn định",24,2259000,Bến Tre,https://img.lazcdn.com/g/p/b496192947127756f48e20291bc051ec.jpg_200x200q80.avif,i n tho i Samsung Galaxy A04e 3GB/32GB - H ng ch nh h ng - Hi n th r r ng hi u n ng n nh
https://www.lazada.vn/products/pdp-i2203773470.html,"Điện thoại Xiaomi Redmi 12C (4GB/64GB) - Hàng chính hãng - Hiển thị rộng rãi 6.71"", pin lớn 5000 mAh",41,2119000,Bến Tre,https://img.lazcdn.com/g/p/7e8acf3dbaddd2c355a12685744a1d0e.jpg_200x200q80.avif,i n tho i Xiaomi Redmi 12C 4GB/64GB - H ng ch nh h ng - Hi n th r ng r i 6 71 pin l n 5000 mAh
https://www.lazada.vn/products/pdp-i2203748952.html,"Điện thoại Samsung Galaxy A14 LTE (4GB/128GB) - Hàng chính hãng - Bộ 3 camera sắc nét, đa nhiệm mượt mà",21,3549000,Bến Tre,https://img.lazcdn.com/g/p/9c0b2c13657b3e91918874ddd1b04a1b.jpg_200x200q80.avif,i n tho i Samsung Galaxy A14 LTE 4GB/128GB - H ng ch nh h ng - B 3 camera s c n t a nhi m m t m
https://www.lazada.vn/products/pdp-i2203731675.html,"Điện thoại Samsung Galaxy A04e (3GB/32GB) - Hàng chính hãng - Hiển thị rõ ràng, hiệu năng ổn định",24,2259000,Bến Tre,https://img.lazcdn.com/g/p/12fec40a179ee1532a526e472c4cc28c.jpg_200x200q80.avif,i n tho i Samsung Galaxy A04e 3GB/32GB - H ng ch nh h ng - Hi n th r r ng hi u n ng n nh
https://www.lazada.vn/products/pdp-i2203534934.html,Xiaomi Redmi 12C 4GB - 64GB,0,3590000,Hồ Chí Minh,https://img.lazcdn.com/g/p/ff1508f132f1ecc30e196caef5ff0dfd.jpg_200x200q80.avif,Xiaomi Redmi 12C 4GB - 64GB
https://www.lazada.vn/products/pdp-i2201252987.html,Điện Thoại realme C55 (8GB/256GB) - Hàng Chính Hãng Trả Góp 0% Miễn Phí Vận Chuyển,14,4290000,Hồ Chí Minh,https://img.lazcdn.com/g/p/fa06f0bd5409bcb709597d3ec0c917d9.png_200x200q80.avif,i n Tho i realme C55 8GB/256GB - H ng Ch nh H ng Tr G p 0 Mi n Ph V n Chuy n
https://www.lazada.vn/products/pdp-i2198317172.html,Samsung note 9 vỡ màn,0,600000,Đăk Lăk,https://img.lazcdn.com/g/ff/kf/S8e0876000f3348a193dbc72a0400b065O.jpg_200x200q80.avif,Samsung note 9 v m n
https://www.lazada.vn/products/pdp-i2198309343.html,Samsung note 9 vỡ màn,0,600000,Đăk Lăk,https://img.lazcdn.com/g/ff/kf/S2d9529bfe3d144b0aba4bdeb5c86aa988.jpg_200x200q80.avif,Samsung note 9 v m n
https://www.lazada.vn/products/pdp-i2197970922.html,ĐIỆN THOẠI OPPO NEO 9 RAM 2G BỘ NHỚ 16G SIM 4G KÈM SẠC ĐÈN MÀU,0,425000,Tuyên Quang,https://img.lazcdn.com/g/ff/kf/Sdd623100b98642e88127b7ec701798ade.jpg_200x200q80.avif,I N THO I OPPO NEO 9 RAM 2G B NH 16G SIM 4G K M S C N M U
https://www.lazada.vn/products/pdp-i2192870160.html,Điện thoại Xiaomi Mi 11 màn cong AMOLED 6.81inch 120Hz - Snaρ 888 ram 8G 128G,11,5046000,Nghệ An,https://img.lazcdn.com/g/p/35c10c1448daa890364a58a1397eb92e.jpg_200x200q80.avif,i n tho i XiaoXiaomi 11 m n cong AMOLED 6 81inch 120Hz - Sna 888 ram 8G 128G
https://www.lazada.vn/products/pdp-i2188666374.html,SAMSUNG A600 3G/32G CHÍNH HÃNG ĐẸP KEENG .,0,900000,Bạc Liêu,https://img.lazcdn.com/g/p/1568d64e405ba07f18180089ce2ee241.jpg_200x200q80.avif,Samsung A600 3G/32G CH NH H NG P KEENG
https://www.lazada.vn/products/pdp-i2188030107.html,Samsung Galaxy A53 5G 256GB,0,10990000,Hồ Chí Minh,https://img.lazcdn.com/g/p/6f3e675b3429b17459aec3a1e220024e.jpg_200x200q80.avif,Samsung Galaxy A53 5G 256GB
https://www.lazada.vn/products/pdp-i2187973464.html,Samsung Galaxy A14 5G 128GB - 00856004,0,5190000,Hồ Chí Minh,https://img.lazcdn.com/g/p/5dbbd8e3d731d81c571c16d002f80a88.jpg_200x200q80.avif,Samsung Galaxy A14 5G 128GB - 00856004
https://www.lazada.vn/products/pdp-i2187967659.html,Xiaomi Redmi 10 2022 4GB-128GB,0,4290000,Hồ Chí Minh,https://img.lazcdn.com/g/p/560ac348b8206e0e6efe032fc0fa4817.jpg_200x200q80.avif,Xiaomi Redmi 10 2022 4GB-128GB
https://www.lazada.vn/products/pdp-i2187955716.html,Samsung Galaxy S22 Bora Purple 5G,0,21990000,Hồ Chí Minh,https://img.lazcdn.com/g/p/73ea16b388beeb439d18f15121cfeacf.jpg_200x200q80.avif,Samsung Galaxy S22 Bora Purple 5G
https://www.lazada.vn/products/pdp-i2187890801.html,Samsung Galaxy A23 5G 128GB - RAM 4GB,0,5990000,Hồ Chí Minh,https://img.lazcdn.com/g/p/80d7b5c947932f25b55ad336366e17e4.png_200x200q80.avif,Samsung Galaxy A23 5G 128GB - RAM 4GB
https://www.lazada.vn/products/pdp-i2187625021.html,Điện thoại giá rẻ J7rime màn hình to pin trâu,25,845000,Bạc Liêu,https://img.lazcdn.com/g/ff/kf/S28e00bc895484ea693a8c190cb7f08052.jpg_200x200q80.avif,i n tho i gi r J7rime m n h nh to pin tr u
https://www.lazada.vn/products/pdp-i2187605251.html,Điện thoại giá rẻ J7rime màn hình to pin trâu,0,1250000,Bạc Liêu,https://img.lazcdn.com/g/ff/kf/Sf6ef46a25270425b88281cbd6633b484G.jpg_200x200q80.avif,i n tho i gi r J7rime m n h nh to pin tr u
https://www.lazada.vn/products/pdp-i2187585386.html,Điện thoại giá rẻ J7rime màn hình to pin trâu,0,1250000,Bạc Liêu,https://img.lazcdn.com/g/ff/kf/Sbfc816de5d064aeb9fc8f01e6227c0b7C.jpg_200x200q80.avif,i n tho i gi r J7rime m n h nh to pin tr u
https://www.lazada.vn/products/pdp-i2187054154.html,Điện thoại giá rẻ J5prime mới 90%,0,790000,Bạc Liêu,https://img.lazcdn.com/g/ff/kf/Sac2e6067ab8e44cb95e07e6739b15250p.jpg_200x200q80.avif,i n tho i gi r J5prime m i 90
https://www.lazada.vn/products/pdp-i2186980739.html,Điện thoại giá rẻ J5prime mới 90%,0,750000,Bạc Liêu,https://img.lazcdn.com/g/ff/kf/Sd39a4d326787480d88406fa7ed685bcfR.jpg_200x200q80.avif,i n tho i gi r J5prime m i 90
https://www.lazada.vn/products/pdp-i2186974712.html,Điện thoại giá rẻ J5prime mới 90%,0,790000,Bạc Liêu,https://img.lazcdn.com/g/ff/kf/S36982c240e4347449a41ea872e2ffc3d2.jpg_200x200q80.avif,i n tho i gi r J5prime m i 90
https://www.lazada.vn/products/pdp-i2186969789.html,Điện thoại giá rẻ J5prime mới 90%,0,750000,Bạc Liêu,https://img.lazcdn.com/g/ff/kf/S2180bb4530e848cf8326ac339a1e0ed4u.jpg_200x200q80.avif,i n tho i gi r J5prime m i 90
https://www.lazada.vn/products/pdp-i2184940051.html,"Điện thoại Samsung Galaxy S23 Ultra - Hàng Chính Hãng, Mới 100%, Nguyên seal",34,20990000,Đà Nẵng,https://img.lazcdn.com/g/p/98a689371eeb222f5959e4432de9e130.jpg_200x200q80.avif,i n tho i Samsung Galaxy S23 Ultra - H ng Ch nh H ng M i 100 Nguy n seal
https://www.lazada.vn/products/pdp-i2180849119.html,"Điện thoại Samsung Galaxy S23 Ultra (8GB/256GB) - Hàng chính hãng - Viên pin 5000mAh, sạc nhanh 45W",33,21490000,Bến Tre,https://img.lazcdn.com/g/p/a4b8df6d586843c2b73b367703e7389c.jpg_200x200q80.avif,i n tho i Samsung Galaxy S23 Ultra 8GB/256GB - H ng ch nh h ng - Vi n pin 5000mAh s c nhanh 45W
https://www.lazada.vn/products/pdp-i2180796396.html,"Điện thoại Samsung Galaxy S23+ (8GB/512GB) - Hàng chính hãng - Dung lượng lưu trữ lớn, hiệu năng mạnh mẽ",0,29990000,Bến Tre,https://img.lazcdn.com/g/p/12e1c053bcbafe3710f0b1eb7a6a3e26.jpg_200x200q80.avif,i n tho i Samsung Galaxy S23+ 8GB/512GB - H ng ch nh h ng - Dung l ng l u tr l n hi u n ng m nh m
https://www.lazada.vn/products/pdp-i2180720437.html,"Điện thoại Samsung Galaxy S23+ (8GB/256GB) - Hàng chính hãng - Tấm nền sắc nét, camera đỉnh cao, sạc nhanh 45W",15,22990000,Bến Tre,https://img.lazcdn.com/g/p/321573876b21959a784c4a2105af9e64.jpg_200x200q80.avif,i n tho i Samsung Galaxy S23+ 8GB/256GB - H ng ch nh h ng - T m n n s c n t camera nh cao s c nhanh 45W
https://www.lazada.vn/products/pdp-i2165608142.html,Xác sống samsung J5 prime,0,200000,Đồng Nai,https://img.lazcdn.com/g/p/073112b6c740a7d651e404c93dbab831.jpg_200x200q80.avif,X c s ng Samsung J5 prime
https://www.lazada.vn/products/pdp-i2155138390.html,[ giảm thêm 350k ] điện thoại Xiaomi Redme 13C Ram 8GB/ 256GB 2 Sim Fullbox,44,2899000,Hà Nội,https://img.lazcdn.com/g/p/f57c219f6b1390f32a6b4b90ea779f51.jpg_200x200q80.avif,gi m th m 350k i n tho i Xiaomi Redme 13C Ram 8GB/ 256GB 2 Sim Fullbox
https://www.lazada.vn/products/pdp-i2151783320.html,Điện thoại samsung A750-Ram6/128G,0,2000000,Bến Tre,https://img.lazcdn.com/g/ff/kf/S30757abe6a9a41c3bcab086643bf328dQ.jpg_200x200q80.avif,i n tho i Samsung A750-Ram6/128G
https://www.lazada.vn/products/pdp-i2145204376.html,"Điện thoại Samsung Galaxy A14 5G (4GB/128GB) - Hàng chính hãng - Độ phân giải FHD+, cổng sạc USB-C tiện lợi",20,4129000,Bến Tre,https://img.lazcdn.com/g/p/fb4508025f27b9853f2b92122e5f2447.jpg_200x200q80.avif,i n tho i Samsung Galaxy A14 5G 4GB/128GB - H ng ch nh h ng - ph n gi i FHD+ c ng s c USB-C ti n l i
https://www.lazada.vn/products/pdp-i2145158512.html,"Điện thoại Samsung Galaxy A14 5G (4GB/128GB) - Hàng chính hãng - Độ phân giải FHD+, cổng sạc USB-C tiện lợi",23,3999000,Bến Tre,https://img.lazcdn.com/g/p/d7ca3abc69e140f56e19df817d22b0e5.jpg_200x200q80.avif,i n tho i Samsung Galaxy A14 5G 4GB/128GB - H ng ch nh h ng - ph n gi i FHD+ c ng s c USB-C ti n l i
https://www.lazada.vn/products/pdp-i2137832315.html,"&lt; TRỢ GIÁ RẺ &gt; Điện thoại chính hãng Samsung galaxy A50S Ram 4/64Gb ,Máy mới leng keng ,Cấu hình mạnh cân mọi game nặng ,lướt wed xem fim tiktok zalo fb thoải mái ,máy được bảo hành 12 tháng",40,572000,Hồ Chí Minh,https://img.lazcdn.com/g/p/34fa091f7ab0d63f1529d3bfc4230865.jpg_200x200q80.avif,lt TR GI R gt i n tho i ch nh h ng Samsung galaxy A50S Ram 4/64Gb M y m i leng keng C u h nh m nh c n m i game n ng l t wed xem fim tiktok zalo fb tho i m i m y c b o h nh 12 th ng
https://www.lazada.vn/products/pdp-i2137814342.html,"điện thoại giá rẻSamsung Note 8 Màn hình:Super AMOLED, 6.3"", Quad HD+ (2K+)(CPU Snapdragon) Chính hãng Ram 6G/ 64G Màn hình: Super AMOLED, 6.3"", chơi LIÊN QUÂN mượt CÂN TẤT CẢ CÁC T",24,799000,Hồ Chí Minh,https://img.lazcdn.com/g/p/6e5eb3f282fce578aecd8a39571e15e6.jpg_200x200q80.avif,i n tho i gi r Samsung Note 8 M n h nh Super AMOLED 6 3 Quad HD+ 2K+ CPU Snapdragon Ch nh h ng Ram 6G/ 64G M n h nh Super AMOLED 6 3 ch i LI N QU N m t C N T T C C C T
https://www.lazada.vn/products/pdp-i2137787415.html,"&lt; giảm giá sốc ,,điện thoại giá rẻ Samsung Galaxy A71 2sim ram 8G/128G máy Chính Hãng, màn 6.7"", cấu hình Khủng, Cân mọi game Chất ,BẢO HÀNH 12 THÁNG",47,720000,Hồ Chí Minh,https://img.lazcdn.com/g/p/cde04bf1031edf6f09e03d81b7cd14d9.jpg_200x200q80.avif,lt gi m gi s c i n tho i gi r Samsung Galaxy A71 2sim ram 8G/128G m y Ch nh H ng m n 6 7 c u h nh Kh ng C n m i game Ch t B O H NH 12 TH NG
https://www.lazada.vn/products/pdp-i2137772565.html,"( GIẢM GIÁ SỐC ) điện thoại Samsung Galaxy A50s Chính Hãng 2sim ram 4G rom 64G, Màn hình: 6.4""Full HD+, Cày Game siêu mượt ,BH 12 THÁNG",49,589000,Hồ Chí Minh,https://img.lazcdn.com/g/p/20e630f13a55b56d1a8f4a8716226570.jpg_200x200q80.avif,GI M GI S C i n tho i Samsung Galaxy A50s Ch nh H ng 2sim ram 4G rom 64G M n h nh 6 4 Full HD+ C y Game si u m t BH 12 TH NG
https://www.lazada.vn/products/pdp-i2137772497.html,"&lt; GIẢM GIÁ SỐC &gt; điện thoại SAMSUNG GALAXY NOTE 8 bản Chính hãng - ram 6G bộ nhớ 64G , • Camera sau: 2 camera 12 MP • Camera trước: 8 MP • CPU: Exynos 8895 8 nhân 64-bit, Chiến PUBG/Liên Quân chất Màn hình: Super AMOLED, 6.3"", Quad HD (2K)",33,799000,Hồ Chí Minh,https://img.lazcdn.com/g/p/ddb1c2436e14282796fa2e774b87869e.jpg_200x200q80.avif,lt GI M GI S C gt i n tho i Samsung GALAXY NOTE 8 b n Ch nh h ng - ram 6G b nh 64G Camera sau 2 camera 12 MP Camera tr c 8 MP CPU Exynos 8895 8 nh n 64-bit Chi n PUBG/Li n Qu n ch t M n h nh Super AMOLED 6 3 Quad HD 2K
https://www.lazada.vn/products/pdp-i2137728699.html,"&lt; TRỢ GIÁ SỐC &gt;điện thoại SAMSUNG GALAXY NOTE 8 bản Chính hãng - ram 6G bộ nhớ 64G , • Camera sau: 2 camera 12 MP • Camera trước: 8 MP • CPU: Exynos 8895 8 nhân 64-bit, Chiến PUBG/Liên Quân chất Màn hình: Super AMOLED, 6.3"", Quad HD (2K)",36,1246000,Hồ Chí Minh,https://img.lazcdn.com/g/p/bcc75cf846521d85fe86b70f08b119d8.jpg_200x200q80.avif,lt TR GI S C gt i n tho i Samsung GALAXY NOTE 8 b n Ch nh h ng - ram 6G b nh 64G Camera sau 2 camera 12 MP Camera tr c 8 MP CPU Exynos 8895 8 nh n 64-bit Chi n PUBG/Li n Qu n ch t M n h nh Super AMOLED 6 3 Quad HD 2K
https://www.lazada.vn/products/pdp-i2137428124.html,"điện thoại Chính Hãng Samsung Galaxy A32 máy 2sim 6G/128G, màn hình 6.4inch, Camera siêu nét, Cân game mượt ,BẢO HÀNH 12 THÁNG",39,1196000,Hồ Chí Minh,https://img.lazcdn.com/g/p/315fdb3f6f4ec8e9e69f2fcb98693e1d.jpg_200x200q80.avif,i n tho i Ch nh H ng Samsung Galaxy A32 m y 2sim 6G/128G m n h nh 6 4inch Camera si u n t C n game m t B O H NH 12 TH NG
https://www.lazada.vn/products/pdp-i2113146397.html,Điện thoại Meizu Pro 6 màn Amoled 5.2 FullHD - Ram 4G 64G,0,580000,Nghệ An,https://img.lazcdn.com/g/p/a5cc0cc7ef458763e3a0d9d825866135.jpg_200x200q80.avif,i n tho i Meizu Pro 6 m n Amoled 5 2 FullHD - Ram 4G 64G
https://www.lazada.vn/products/pdp-i2111786692.html,Điện Thoại realme C33 (3GB/32GB) (4GB/64GB) - Hàng Chính Hãng Miễn Phí Vận Chuyển,6,3290000,Hồ Chí Minh,https://img.lazcdn.com/g/p/6d54beea4fac37c9bc24b3dac63e92fb.png_200x200q80.avif,i n Tho i realme C33 3GB/32GB 4GB/64GB - H ng Ch nh H ng Mi n Ph V n Chuy n
https://www.lazada.vn/products/pdp-i2109807115.html,"&lt; TRỢ GIÁ SỐC &gt; điện thoại Giá siêu rẻ Samsung Galaxy A30 2sim Ram 3/32Gb Chính Hãng  Cày Tiktok Zalo FB Youtube, chơi Liên Quân-Free Fire-PUBG mượt mà",44,586000,Hồ Chí Minh,https://img.lazcdn.com/g/p/84a16d09c274f3b978964ffe2f94bc0f.jpg_200x200q80.avif,lt TR GI S C gt i n tho i Gi si u r Samsung Galaxy A30 2sim Ram 3/32Gb Ch nh H ng C y Tiktok Zalo FB Youtube ch i Li n Qu n-Free Fire-PUBG m t m
https://www.lazada.vn/products/pdp-i2109791219.html,"""điện thoại chính hãng giá rẻ Samsung galaxy A30 2sim ram 3G/32G Chính Hãng, Máy mới nguyên sill , Cày Game nặng siêu mượt, full mọi chức năng ,tặng sạc cáp ốp lưng ,bảo hành 12 tháng",42,376000,Hồ Chí Minh,https://img.lazcdn.com/g/p/7b91b7ad15fb6399e6feb050fdfbe26a.jpg_200x200q80.avif,i n tho i ch nh h ng gi r Samsung galaxy A30 2sim ram 3G/32G Ch nh H ng M y m i nguy n sill C y Game n ng si u m t full m i ch c n ng t ng s c c p p l ng b o h nh 12 th ng
https://www.lazada.vn/products/pdp-i2109785107.html,"( GIẢM GIÁ SỐC ) Điện thoại Samsung Galaxy A20 2sim (3GB/32GB), Chiên Game PUBG/LIÊN QUÂN mượt, Cài Full Zalo TikTok FB Youtube chất đỉnh",42,378000,Hồ Chí Minh,https://img.lazcdn.com/g/p/f2ccf1f3b03cfad399b43fd6140cc296.jpg_200x200q80.avif,GI M GI S C i n tho i Samsung Galaxy A20 2sim 3GB/32GB Chi n Game PUBG/LI N QU N m t C i Full Zalo TikTok FB Youtube ch t nh
https://www.lazada.vn/products/pdp-i2109705833.html,"TRỢ GIÁ RẺ , điện thoại Samsung Galaxy A30 2sim ram 3G/32GB, máy Chính Hãng, Chiến Free/PUBG/Liên Quân Chất đỉnh ,BẢO HÀNH 12 THÁNG",42,378000,Hồ Chí Minh,https://img.lazcdn.com/g/p/11063e2cdcecf5d149cac8611408ff9a.jpg_200x200q80.avif,TR GI R i n tho i Samsung Galaxy A30 2sim ram 3G/32GB m y Ch nh H ng Chi n Free/PUBG/Li n Qu n Ch t nh B O H NH 12 TH NG
https://www.lazada.vn/products/pdp-i2109671911.html,"&lt; GIẢM SỐC &gt; điện thoại Samsung Galaxy A20 2sim bộ nhớ 32G ram 3G Chính Hãng, Chiến PUBG/Liên Quân/Free Fire chất ,BẢO HÀNH 12 THÁNG",45,582000,Hồ Chí Minh,https://img.lazcdn.com/g/p/be31e414a28c87ca4c566291828dd529.jpg_200x200q80.avif,lt GI M S C gt i n tho i Samsung Galaxy A20 2sim b nh 32G ram 3G Ch nh H ng Chi n PUBG/Li n Qu n/Free Fire ch t B O H NH 12 TH NG
https://www.lazada.vn/products/pdp-i2109427403.html,"Đện thoại Samsung Galaxy A50 Chính Hãng 2sim ram 4G/64G, Cày Tiktok Zalo FB Youtube, chơi Liên Quân-Free Fire-PUBG mượt mà",46,566000,Hồ Chí Minh,https://img.lazcdn.com/g/p/70ee241f822348024d11f61e16b4038e.jpg_200x200q80.avif,n tho i Samsung Galaxy A50 Ch nh H ng 2sim ram 4G/64G C y Tiktok Zalo FB Youtube ch i Li n Qu n-Free Fire-PUBG m t m
https://www.lazada.vn/products/pdp-i2098708139.html,"[Chính Hãng] điện thoại Giá rẻ Samsung Galaxy A70 2sim ram 6/128G, Cấu hình cao. Cày Game siêu mượt, Bảo hành 12 tháng",47,712000,Hồ Chí Minh,https://img.lazcdn.com/g/p/4a4f2c5238fc1e959455114ca609946d.jpg_200x200q80.avif,Ch nh H ng i n tho i Gi r Samsung Galaxy A70 2sim ram 6/128G C u h nh cao C y Game si u m t B o h nh 12 th ng
https://www.lazada.vn/products/pdp-i2098647470.html,"GIẢM GIÁ RẺ . điện thoại Chính Hãng Samsung Galaxy A50s Chính Hãng 2sim ram 4G/64G, màn hình 6.4inch, Cày Game siêu chất ,bảo hành 12 tháng",44,589000,Hồ Chí Minh,https://img.lazcdn.com/g/p/34fa091f7ab0d63f1529d3bfc4230865.jpg_200x200q80.avif,GI M GI R i n tho i Ch nh H ng Samsung Galaxy A50s Ch nh H ng 2sim ram 4G/64G m n h nh 6 4inch C y Game si u ch t b o h nh 12 th ng
https://www.lazada.vn/products/pdp-i2098645795.html,"( GIẢM GIÁ SỐC ) điện thoại Chính Hãng Samsung Galaxy A32 máy 2sim 6G/128G, màn hình 6.4inch, Camera siêu nét, Cân game mượt ,bảo hành 12 tháng",47,716000,Hồ Chí Minh,https://img.lazcdn.com/g/p/00bec375d33911cfc001d5caa57993df.jpg_200x200q80.avif,GI M GI S C i n tho i Ch nh H ng Samsung Galaxy A32 m y 2sim 6G/128G m n h nh 6 4inch Camera si u n t C n game m t b o h nh 12 th ng
https://www.lazada.vn/products/pdp-i2098583955.html,"điện thoại giá rẻ Samsung Galaxy A71 2sim ram 8G/128G Chính Hãng, Cày game siêu mượt, Bảo hành 12 tháng",36,1239000,Hồ Chí Minh,https://img.lazcdn.com/g/p/b9ae341f62d183796461ed31c0f79418.jpg_200x200q80.avif,i n tho i gi r Samsung Galaxy A71 2sim ram 8G/128G Ch nh H ng C y game si u m t B o h nh 12 th ng
https://www.lazada.vn/products/pdp-i2098367974.html,"( TRỢ GIÁ SIÊU RẺ &gt; điện thoại chính hãng giá rẻ Samsung galaxy j8 2sim ram 3G/32G Chính Hãng, Cày Game nặng siêu mượt, full mọi chức năng ,tặng sạc cáp ốp lưng ,bảo hành 12 tháng",42,378000,Hồ Chí Minh,https://img.lazcdn.com/g/p/cccbb170d2fb106af9601cf3786868dc.jpg_200x200q80.avif,TR GI SI U R gt i n tho i ch nh h ng gi r Samsung galaxy j8 2sim ram 3G/32G Ch nh H ng C y Game n ng si u m t full m i ch c n ng t ng s c c p p l ng b o h nh 12 th ng
https://www.lazada.vn/products/pdp-i2084769427.html,Điện thoại Samsung s5 tróc sơn góc trái,0,700000,Bến Tre,https://img.lazcdn.com/g/ff/kf/S1f7d549a12dc45f49b227d7afd39ea50h.jpg_200x200q80.avif,i n tho i Samsung s5 tr c s n g c tr i
https://www.lazada.vn/products/pdp-i2080489752.html,Điện thoại Oppo K5 màn 6.4 inch - Snap 730G ram 6G 128G,0,2588000,Nghệ An,https://img.lazcdn.com/g/p/e170429a78abbfb28ad2f1c5ab26c5fb.jpg_200x200q80.avif,i n tho i OPPO K5 m n 6 4 inch - Snap 730G ram 6G 128G
https://www.lazada.vn/products/pdp-i2079412960.html,Điện thoại Gaming Tecno POVA 4 PRO 8GB/128GB - Media Tek G99 | 6000 mAh | Sạc nhanh 45W - Hàng Chính Hãng - BH 13 Tháng,0,4990000,Hồ Chí Minh,https://img.lazcdn.com/g/p/d87ed505e2d9673e3e8b5672950622d1.png_200x200q80.avif,i n tho i Gaming Tecno POVA 4 Pro 8GB/128GB - Media Tek G99 6000 mAh S c nhanh 45W - H ng Ch nh H ng - BH 13 Th ng
https://www.lazada.vn/products/pdp-i2077655823.html,Điện thoại Samsung s5,0,850000,Bến Tre,https://img.lazcdn.com/g/ff/kf/Sf621e8c80b264abcb5bf02e150d246acm.jpg_200x200q80.avif,i n tho i Samsung s5
https://www.lazada.vn/products/pdp-i2076293165.html,[Tặng tai nghe ROBOT] Điện thoại Gaming Tecno POVA 4 PRO 8GB/256GB - Media Tek G99 | 6000 mAh | Sạc nhanh 45W - Hàng Chính Hãng - BH 13 Tháng Chưa Có Đánh Giá 0 Đã Bán,0,5990000,Hồ Chí Minh,https://img.lazcdn.com/g/p/72782201c48989e81e548c6bd363d53f.jpg_200x200q80.avif,T ng tai nghe ROBOT i n tho i Gaming Tecno POVA 4 Pro 8GB/256GB - Media Tek G99 6000 mAh S c nhanh 45W - H ng Ch nh H ng - BH 13 Th ng Ch a C nh Gi 0 B n
https://www.lazada.vn/products/pdp-i2076264157.html,(Tặng thêm Quà tai nghe) Điện thoại Tecno POVA 5 (8+8)/128GB - MediaTek G99 - Sạc nhanh 45W - 6.8'' FHD+ Tần số quét 120HHZ - Hàng Chính Hãng - Bảo hành 13 Tháng,22,3890000,Hồ Chí Minh,https://img.lazcdn.com/g/p/a55894da2870536bdb1828706f7bec99.jpg_200x200q80.avif,T ng th m Qu tai nghe i n tho i Tecno POVA 5 8+8 /128GB - MediaTek G99 - S c nhanh 45W - 6 8 FHD+ T n s qu t 120HHZ - H ng Ch nh H ng - B o h nh 13 Th ng
https://www.lazada.vn/products/pdp-i2074911589.html,Điện thoại 6G còn rất đẹp,0,1250000,Bến Tre,https://img.lazcdn.com/g/ff/kf/S943bbfe32eac4f98b85cf496cdc3eba0d.jpg_200x200q80.avif,i n tho i 6G c n r t p
https://www.lazada.vn/products/pdp-i2066385783.html,điện thoại Samsung j6 Ram3/32,0,1500000,Bến Tre,https://img.lazcdn.com/g/ff/kf/Sb241895e78344557a5370c26f3c932a8C.jpg_200x200q80.avif,i n tho i Samsung j6 Ram3/32
https://www.lazada.vn/products/pdp-i2066224697.html,Điện thoại Samsung Galaxy S22 5G 128GB,0,15990000,Hồ Chí Minh,https://img.lazcdn.com/g/p/91dc3c0d26110495e0995ee27b029dbe.jpg_200x200q80.avif,i n tho i Samsung Galaxy S22 5G 128GB
https://www.lazada.vn/products/pdp-i2066185735.html,Điện thoại Samsung Galaxy M53,0,12490000,Hồ Chí Minh,https://img.lazcdn.com/g/p/c25de55c5f04d303abe75ae0347f37cc.jpg_200x200q80.avif,i n tho i Samsung Galaxy M53
https://www.lazada.vn/products/pdp-i2066181194.html,Điện thoại Samsung Galaxy S21 FE 5G (8GB/128GB),0,12990000,Hồ Chí Minh,https://img.lazcdn.com/g/p/18b85f295338b06655f60dfb35a877f0.jpg_200x200q80.avif,i n tho i Samsung Galaxy S21 FE 5G 8GB/128GB
https://www.lazada.vn/products/pdp-i2066095622.html,Điện thoại Samsung Galaxy S22+ 5G 128GB,0,19900000,Hồ Chí Minh,https://img.lazcdn.com/g/p/91dc3c0d26110495e0995ee27b029dbe.jpg_200x200q80.avif,i n tho i Samsung Galaxy S22+ 5G 128GB
https://www.lazada.vn/products/pdp-i2065882817.html,Điện Thoại Galaxy S9 Mới,19,5250000,Đồng Nai,https://img.lazcdn.com/g/ff/kf/S088d15e1c9d64c2ca389662ebe17f4a5y.jpg_200x200q80.avif,i n Tho i Galaxy S9 M i
https://www.lazada.vn/products/pdp-i2065087020.html,"Điện thoại Samsung Galaxy A23 5G (4GB/128GB) - Hàng chính hãng - Độ phân giải Full HD+, cụm 4 camera sắc nét",16,5639000,Bến Tre,https://img.lazcdn.com/g/p/107b11cc3f720370a935a9ba7450bcd7.jpg_200x200q80.avif,i n tho i Samsung Galaxy A23 5G 4GB/128GB - H ng ch nh h ng - ph n gi i Full HD+ c m 4 camera s c n t
https://www.lazada.vn/products/pdp-i2060074278.html,Điện thoại Samsung Galaxy Z Fold 4 12/256GB Màu Độc Quyền Đỏ Burgundy - Hàng Chính Hãng - Bảo hành 12 Tháng,45,22490000,Hà Nội,https://img.lazcdn.com/g/ff/kf/Sfd71c4ec2f2c4e9f9e563940806190454.jpg_200x200q80.avif,i n tho i Samsung Galaxy Z Fold 4 12/256GB M u c Quy n Burgundy - H ng Ch nh H ng - B o h nh 12 Th ng
https://www.lazada.vn/products/pdp-i2058767640.html,"Điện Thoại Google Pixel 7 Pro Ram 8/128GB/256GB/512GB Chính Hãng, Sonpixel",41,8890000,Hà Nội,https://img.lazcdn.com/g/p/42e3dd528dc69818642b6328efedfe77.png_200x200q80.avif,i n Tho i Google Pixel 7 Pro Ram 8/128GB/256GB/512GB Ch nh H ng Sonpixel
https://www.lazada.vn/products/pdp-i2058382983.html,"Điện Thoại Google Pixel 7 Chính Hãng Google, SONPIXEL",44,6175000,Hà Nội,https://img.lazcdn.com/g/p/9b63201ce3ae41fa33912d5c44b03b46.png_200x200q80.avif,i n Tho i Google Pixel 7 Ch nh H ng Google SONPIXEL
https://www.lazada.vn/products/pdp-i2056087434.html,Điện thoại Xiaomi Redmi Note 7 Rom quốc tế - Snapdragon 660 Camera 48Mp,38,1298000,Nghệ An,https://img.lazcdn.com/g/p/d45a0849fbcee5db39575fd5520b04ef.jpg_200x200q80.avif,i n tho i Xiaomi Redmi Note 7 Rom qu c t - Snapdragon 660 Camera 48Mp
https://www.lazada.vn/products/pdp-i2055401034.html,Điện thoại Samsung Galaxy Z Flip 4 Bespoke Edition 256GB ( Flip4 ) - Hàng chính Hãng - Bảo Hành 12 Tháng,43,15480000,Hà Nội,https://img.lazcdn.com/g/p/d88c75c22ca92734c3944edcf30d2f09.jpg_200x200q80.avif,i n tho i Samsung Galaxy Z Flip 4 Bespoke Edition 256GB Flip4 - H ng ch nh H ng - B o H nh 12 Th ng
https://www.lazada.vn/products/pdp-i2054765041.html,"Điện thoại Samsung Galaxy A04 (3GB/32GB) - Hàng chính hãng - Hiệu năng ổn định, viên pin lớn, màn hình rộng rãi",23,2289000,Bến Tre,https://img.lazcdn.com/g/p/2aa62ae44f833e606346703fb62e8d54.jpg_200x200q80.avif,i n tho i Samsung Galaxy A04 3GB/32GB - H ng ch nh h ng - Hi u n ng n nh vi n pin l n m n h nh r ng r i
https://www.lazada.vn/products/pdp-i2054764112.html,"Điện thoại Samsung Galaxy A04 (3GB/32GB) - Hàng chính hãng - Hiệu năng ổn định, viên pin lớn, màn hình rộng rãi",25,2249000,Bến Tre,https://img.lazcdn.com/g/p/2fcdc923b75ee37dd8e87d9e95261d36.jpg_200x200q80.avif,i n tho i Samsung Galaxy A04 3GB/32GB - H ng ch nh h ng - Hi u n ng n nh vi n pin l n m n h nh r ng r i
https://www.lazada.vn/products/pdp-i2045968207.html,Điện thoại Meizu Note 9 màn 6.2 inch FullHD - Snap 675 ram 6G 64G,14,1468000,Nghệ An,https://img.lazcdn.com/g/p/985e19bf11c87eb38da882aa7fa1dafd.jpg_200x200q80.avif,i n tho i Meizu Note 9 m n 6 2 inch FullHD - Snap 675 ram 6G 64G
https://www.lazada.vn/products/pdp-i2040850707.html,Điện thoại Realme Narzo 50i Prime (4GB/64GB) - Hàng Chính Hãng,0,2990000,Nghệ An,https://img.lazcdn.com/g/p/16585d7c3c4f107a673452fe1d6cc885.jpg_200x200q80.avif,i n tho i Realme Narzo 50i Prime 4GB/64GB - H ng Ch nh H ng
https://www.lazada.vn/products/pdp-i2039844328.html,Điện thoại Realme Narzo 50i Prime (3GB/32GB) - Hàng Chính Hãng,0,2690000,Nghệ An,https://img.lazcdn.com/g/p/7c23817d8937808a1c2b2f12052905ca.jpg_200x200q80.avif,i n tho i Realme Narzo 50i Prime 3GB/32GB - H ng Ch nh H ng
https://www.lazada.vn/products/pdp-i2037655064.html,"Điện thoại Xiaomi Redmi A1 (2GB/32GB) - Hàng chính hãng - Viên pin dung lượng lớn 5000 mAh, màn hình rộng lớn 6.52""",18,1799000,Bến Tre,https://img.lazcdn.com/g/p/40804f8cfb4df68add279dc34c061f54.jpg_200x200q80.avif,i n tho i Xiaomi Redmi A1 2GB/32GB - H ng ch nh h ng - Vi n pin dung l ng l n 5000 mAh m n h nh r ng l n 6 52
https://www.lazada.vn/products/pdp-i2037541733.html,"Điện thoại Xiaomi Redmi A1 (2GB/32GB) - Hàng chính hãng - Viên pin dung lượng lớn 5000 mAh, màn hình rộng lớn 6.52""",16,1849000,Bến Tre,https://img.lazcdn.com/g/p/8d6413e937736101e3f2c9d0bc3168f6.jpg_200x200q80.avif,i n tho i Xiaomi Redmi A1 2GB/32GB - H ng ch nh h ng - Vi n pin dung l ng l n 5000 mAh m n h nh r ng l n 6 52
https://www.lazada.vn/products/pdp-i2037255981.html,Thoại realme C30s (3GB/64GB) - Hàng Chính Hãng Miễn Phí Vận Chuyển,28,1790000,Hồ Chí Minh,https://img.lazcdn.com/g/p/c0f09a9bfdbf598c04f12365ce68eb4f.png_200x200q80.avif,Tho i realme C30s 3GB/64GB - H ng Ch nh H ng Mi n Ph V n Chuy n
https://www.lazada.vn/products/pdp-i2026270152.html,"Điện thoại Samsung Galaxy A04s (4GB/64GB) - Hàng chính hãng - Camera chính lên đến 50MP, viên pin dung lượng lớn",50,1999000,Bến Tre,https://img.lazcdn.com/g/p/8f98ecb0b09781521ed140077ebef444.jpg_200x200q80.avif,i n tho i Samsung Galaxy A04s 4GB/64GB - H ng ch nh h ng - Camera ch nh l n n 50MP vi n pin dung l ng l n
https://www.lazada.vn/products/pdp-i2026095900.html,"Điện thoại Samsung Galaxy A04s (4GB/64GB) - Hàng chính hãng - Camera chính lên đến 50MP, viên pin dung lượng lớn",50,1999000,Bến Tre,https://img.lazcdn.com/g/p/ed64cf2fd97317337cd1cc9d38412f53.jpg_200x200q80.avif,i n tho i Samsung Galaxy A04s 4GB/64GB - H ng ch nh h ng - Camera ch nh l n n 50MP vi n pin dung l ng l n
https://www.lazada.vn/products/pdp-i2019115214.html,"&lt; GIẢM SỐC &gt;  điện thoại Giá siêu rẻ Chính Hãng Samsung Galaxy A32 5G ram 6G/128G, Màn hình: IPS LCD6.5"",Camera sau: Chính 48 MP &amp; Phụ 8 MP, 5 MP, 2 MP. BẢO HÀNH 12 THÁNG",30,869000,Hồ Chí Minh,https://img.lazcdn.com/g/p/63ec3f83482d43843960d113ed7d0846.jpg_200x200q80.avif,lt GI M S C gt i n tho i Gi si u r Ch nh H ng Samsung Galaxy A32 5G ram 6G/128G M n h nh IPS LCD6 5 Camera sau Ch nh 48 MP amp Ph 8 MP 5 MP 2 MP B O H NH 12 TH NG
https://www.lazada.vn/products/pdp-i2018095408.html,"&lt; TRỢ GIÁ SIÊU RẺ &gt; Điện thoại Samsung Galaxy A20 2sim (3GB/32GB), Chiên Game PUBG/LIÊN QUÂN mượt, Cài Full Zalo TikTok FB Youtube chất đỉnh ,BẢO HÀNH 12 THÁNG",43,372000,Hồ Chí Minh,https://img.lazcdn.com/g/p/921b45138aaf20202c2f922770246882.jpg_200x200q80.avif,lt TR GI SI U R gt i n tho i Samsung Galaxy A20 2sim 3GB/32GB Chi n Game PUBG/LI N QU N m t C i Full Zalo TikTok FB Youtube ch t nh B O H NH 12 TH NG
https://www.lazada.vn/products/pdp-i2001443873.html,Điện thoại Samsung Galaxy Z Flip 4 ( Flip4 ) - Hàng chính hãng - Bảo hành 12 Tháng,48,11990000,Hà Nội,https://img.lazcdn.com/g/ff/kf/Sdd88b9d9175940fb94553e661bb1e73c2.jpg_200x200q80.avif,i n tho i Samsung Galaxy Z Flip 4 Flip4 - H ng ch nh h ng - B o h nh 12 Th ng
https://www.lazada.vn/products/pdp-i2001310979.html,Điện thoại Samsung Galaxy Z Fold 4 ( Fold4 - F936B ) Hàng chính hãng - Mới 100% New Seal Bảo hành 12 Tháng có BH Care+,45,22490000,Hà Nội,https://img.lazcdn.com/g/ff/kf/S230f6bdfe66c4008b49c6eb73611bae4U.jpg_200x200q80.avif,i n tho i Samsung Galaxy Z Fold 4 Fold4 - F936B H ng ch nh h ng - M i 100 New Seal B o h nh 12 Th ng c BH Care+
https://www.lazada.vn/products/pdp-i2000259422.html,Pin dự phòng Xiaomi Redmi 10000mah | Hàng chính hãng,0,350000,Đà Nẵng,https://img.lazcdn.com/g/p/fd554e5a33b97d51003ca724f340cd70.png_200x200q80.avif,Pin d ph ng Xiaomi Redmi 10000mah H ng ch nh h ng
https://www.lazada.vn/products/pdp-i1997537338.html,"[ Giá Rẻ Mỗi Ngày] Điện thoại Samsung J2 Prime 2 SIM nghe gọi tốt , 4G/WIFI nhanh",0,319000,Hồ Chí Minh,https://img.lazcdn.com/g/p/b4bdf2ee52dca44cf4f2b0540b78e5d7.jpg_200x200q80.avif,Gi R M i Ng y i n tho i Samsung J2 Prime 2 SIM nghe g i t t 4G/WIFI nhanh
https://www.lazada.vn/products/pdp-i1996636175.html,Thanh lý Điện thoại A.37 giá cực rẻ,0,599000,Bạc Liêu,https://img.lazcdn.com/g/p/65b47ff16a11957cbb4b80128d1d4fb7.jpg_200x200q80.avif,Thanh l i n tho i A 37 gi c c r
https://www.lazada.vn/products/pdp-i1996615226.html,Điện thoại giá rẻ A37 tuyển sĩ ctv toàn quốc,0,599000,Bạc Liêu,https://img.lazcdn.com/g/p/65b47ff16a11957cbb4b80128d1d4fb7.jpg_200x200q80.avif,i n tho i gi r A37 tuy n s ctv to n qu c
https://www.lazada.vn/products/pdp-i1996434823.html,Điện thoại giá rẻ a37 qua tay,0,650000,Bạc Liêu,https://img.lazcdn.com/g/p/65b47ff16a11957cbb4b80128d1d4fb7.jpg_200x200q80.avif,i n tho i gi r a37 qua tay
https://www.lazada.vn/products/pdp-i1992154469.html,"Điện thoại Samsung Galaxy Z Flip4 5G (8GB/256GB) - Hàng chính hãng - Hiệu năng khủng, sạc nhanh 25W, 2 màn hình tiện lợi",6,24509000,Bến Tre,https://img.lazcdn.com/g/p/a41fc3ae3ac82957d068ab7e04862570.jpg_200x200q80.avif,i n tho i Samsung Galaxy Z Flip4 5G 8GB/256GB - H ng ch nh h ng - Hi u n ng kh ng s c nhanh 25W 2 m n h nh ti n l i
https://www.lazada.vn/products/pdp-i1992088499.html,"Điện thoại Samsung Galaxy Z Fold4 5G (12GB/512GB) - Hàng chính hãng - Thiết kế độc đáo, hiệu năng mạnh mẽ, pin 4400 mAh",8,40990000,Bến Tre,https://img.lazcdn.com/g/p/56d5ca61e4fcc26a6dacb80964fb3eaa.jpg_200x200q80.avif,i n tho i Samsung Galaxy Z Fold4 5G 12GB/512GB - H ng ch nh h ng - Thi t k c o hi u n ng m nh m pin 4400 mAh
https://www.lazada.vn/products/pdp-i1992076428.html,"Điện thoại Samsung Galaxy Z Flip4 5G (8GB/128GB) - Hàng chính hãng - Màn hình sống động, sắc nét, thiết kế mới mẻ",50,11999000,Bến Tre,https://img.lazcdn.com/g/p/0d4d7a1512ea639906c35a637a70dc42.jpg_200x200q80.avif,i n tho i Samsung Galaxy Z Flip4 5G 8GB/128GB - H ng ch nh h ng - M n h nh s ng ng s c n t thi t k m i m
https://www.lazada.vn/products/pdp-i1990952813.html,Điện thoại Vivo X9S ram 4G 64G - Snap 652 màn 5.5 Full HD,23,998000,Nghệ An,https://img.lazcdn.com/g/p/83464343fcb55197a835d543475e1f8a.png_200x200q80.avif,i n tho i Vivo X9S ram 4G 64G - Snap 652 m n 5 5 Full HD
https://www.lazada.vn/products/pdp-i1989425516.html,"Điện thoại Samsung Galaxy A03 Core (2GB/32GB) - Hàng chính hãng - Màn hình rộng lớn 6.5"", pin lớn 5000 mAh",31,1799000,Bến Tre,https://img.lazcdn.com/g/p/b7f672242dff69fac4c307dad4baae51.jpg_200x200q80.avif,i n tho i Samsung Galaxy A03 Core 2GB/32GB - H ng ch nh h ng - M n h nh r ng l n 6 5 pin l n 5000 mAh
https://www.lazada.vn/products/pdp-i1989266321.html,Điện thoại Xiaomi Redmi Note 5A màn 5.5 - Snap 435 ram 4G 64G,0,1028000,Nghệ An,https://img.lazcdn.com/g/p/8fbb8a15714d3921a842a739ca89d728.jpg_200x200q80.avif,i n tho i Xiaomi Redmi Note 5A m n 5 5 - Snap 435 ram 4G 64G
https://www.lazada.vn/products/pdp-i1988347696.html,"XIAOMI REDMI 9A Màn hình lớn, Pin trâu 2 sim 4G, chiến game ngon lành, Zalo, Tiktok(Like new)",0,2490000,Hồ Chí Minh,https://img.lazcdn.com/g/p/d296eb6cfebbd99bd8703c0da74b88d4.jpg_200x200q80.avif,XIAOMI REDMI 9A M n h nh l n Pin tr u 2 sim 4G chi n game ngon l nh Zalo Tiktok Like new
https://www.lazada.vn/products/pdp-i1974756871.html,Điện thoại Samsung j1 máy zin,0,500000,Bến Tre,https://img.lazcdn.com/g/ff/kf/Se58c3d2e169f475887f6dc1d06446016c.jpg_200x200q80.avif,i n tho i Samsung j1 m y zin
https://www.lazada.vn/products/pdp-i1969747498.html,điện thoại LG nexus 5 ram 2GB,18,505900,Nghệ An,https://img.lazcdn.com/g/p/d9b76dc5a9dfd0e8308cd4190c8ba034.jpg_200x200q80.avif,i n tho i LG nexus 5 ram 2GB
https://www.lazada.vn/products/pdp-i1964655138.html,Điện Thoại Google Pixel 4XL Lock Chip 855 6/64Gb/128GB Face ID Likenew Chính Hãng,45,3390000,Hà Nội,https://img.lazcdn.com/g/p/bb8313ba46d216491bea849fe64012c3.png_200x200q80.avif,i n Tho i Google Pixel 4XL Lock Chip 855 6/64Gb/128GB Face ID Likenew Ch nh H ng
https://www.lazada.vn/products/pdp-i1946813502.html,Điện thoại Xiaomi Redmi Note 11S - Điện thoại Redmi Note 11S 8GB/128GB Màn hình 90Hz Sạc nhanh 33W [ BH 12 tháng ],0,6690000,Hồ Chí Minh,https://img.lazcdn.com/g/p/d8d9034b92071c3830da976fb7ae968f.png_200x200q80.avif,i n tho i Xiaomi Redmi Note 11S - i n tho i Redmi Note 11S 8GB/128GB M n h nh 90Hz S c nhanh 33W BH 12 th ng
https://www.lazada.vn/products/pdp-i1945538601.html,"Điện Thoại Xiaomi Redmi Note 11 - Điện thoại Redmi Note 11 64GB/128GB - Hàng chính hãng - Pin 5000mAH màn hình FHD 6.43"" [ BH 12 tháng ]",0,4690000,Hồ Chí Minh,https://img.lazcdn.com/g/p/85bbe3818e6f77e2b252a882ae07d89c.png_200x200q80.avif,i n Tho i Xiaomi Redmi Note 11 - i n tho i Redmi Note 11 64GB/128GB - H ng ch nh h ng - Pin 5000mAH m n h nh FHD 6 43 BH 12 th ng
https://www.lazada.vn/products/pdp-i1930593970.html,Thanh Lý Điện thoại Samsung Galaxy S9 Cũ Máy Mỹ 1 sim ngoại hình còn đẹp - Chip Snapdragon 845 Bộ nhớ 64GB/4GB Pin 3000,0,2690000,Hồ Chí Minh,https://img.lazcdn.com/g/p/3448c51dbece18fb06acc46cb052c2da.jpg_200x200q80.avif,Thanh L i n tho i Samsung Galaxy S9 C M y M 1 sim ngo i h nh c n p - Chip Snapdragon 845 B nh 64GB/4GB Pin 3000
https://www.lazada.vn/products/pdp-i1929938351.html,Điện thoại Samsung Galaxy S9 Plus Cũ Chính Hãng Bản Hàn 2 Sim màn hình Super Amoled 6.2'' Rom 64GB Ram 6GB Pin 3500 mAh,0,3900000,Hồ Chí Minh,https://img.lazcdn.com/g/p/e05b1615ec5940579d63e0d169125a59.jpg_200x200q80.avif,i n tho i Samsung Galaxy S9 Plus C Ch nh H ng B n H n 2 Sim m n h nh Super Amoled 6 2 Rom 64GB Ram 6GB Pin 3500 mAh
https://www.lazada.vn/products/pdp-i1923567542.html,Điện thoại Samsung note3 hư cảm ứng,0,400000,Bến Tre,https://img.lazcdn.com/g/ff/kf/S7ce55211cdb94b5d953273b5aaa0efbbx.jpg_200x200q80.avif,i n tho i Samsung note3 h c m ng
https://www.lazada.vn/products/pdp-i1920871100.html,"Điện Thoại Galaxy Z Fold3 5G 8GB/256GB - Hàng chính hãng , Mới 100%, Nguyên Seal, Bảo hành 12T",0,37580000,Hồ Chí Minh,https://img.lazcdn.com/g/p/0bdf5c577375562be00843388c89aaf7.jpg_200x200q80.avif,i n Tho i Galaxy Z Fold3 5G 8GB/256GB - H ng ch nh h ng M i 100 Nguy n Seal B o h nh 12T
https://www.lazada.vn/products/pdp-i1919798623.html,Điện thoại Samsung Galaxy A52s 5G 128GB,27,7990000,Hà Nội,https://img.lazcdn.com/g/p/3488e63631da161678775668bf16774c.jpg_200x200q80.avif,i n tho i Samsung Galaxy A52s 5G 128GB
https://www.lazada.vn/products/pdp-i1914254688.html,Điện thoại Sony Xperia XZ Premium có bản 2 Sim Màn 4K - Snapdragon 835 lưng gương,33,1398000,Nghệ An,https://img.lazcdn.com/g/p/d56962392b737b40fe60764ce45e1f4c.png_200x200q80.avif,i n tho i Sony Xperia XZ Premium c b n 2 Sim M n 4K - Snapdragon 835 l ng g ng
https://www.lazada.vn/products/pdp-i1911102086.html,[HCM] Điện Thoại Samsung Galaxy Note 8 Máy Cũ ngoại hình còn mới 97% 2 Sim Chip Exynos 8895 Rom 64GB/6GB Pin 3300 mAh,13,2600000,Hồ Chí Minh,https://img.lazcdn.com/g/p/1c9520d47c27b60148529abf1e33febe.jpg_200x200q80.avif,HCM i n Tho i Samsung Galaxy Note 8 M y C ngo i h nh c n m i 97 2 Sim Chip Exynos 8895 Rom 64GB/6GB Pin 3300 mAh
https://www.lazada.vn/products/pdp-i1889502155.html,Điện Thoại Samsung Galaxy S7 Edge - Máy cũ giá rẻ Bản Hàn 2 sim - Màn hình cong Super Amoled 5.5 in ngoại hình còn mới 97% thời trang (xin xem chi tiết giúp),0,1900000,Hồ Chí Minh,https://img.lazcdn.com/g/p/d226adc3e041cdf3e6cdc62476ed92c3.jpg_200x200q80.avif,i n Tho i Samsung Galaxy S7 Edge - M y c gi r B n H n 2 sim - M n h nh cong Super Amoled 5 5 in ngo i h nh c n m i 97 th i trang xin xem chi ti t gi p
https://www.lazada.vn/products/pdp-i1889346824.html,[HCM] Điện thoại Samsung Galaxy S7 Cũ 1 sim Chipset Exynos 8890/ Snap 820 - Rom 32GB Ram 4GB Màn Super Amoled 5.1' Likenew 95%,0,980000,Hồ Chí Minh,https://img.lazcdn.com/g/p/eec48e5cfbf3d4e2365894df6bbf85ff.jpg_200x200q80.avif,HCM i n tho i Samsung Galaxy S7 C 1 sim Chipset Exynos 8890/ Snap 820 - Rom 32GB Ram 4GB M n Super Amoled 5 1 Likenew 95
https://www.lazada.vn/products/pdp-i1888311157.html,[HCM] Điện thoại Samsung Galaxy S7 Cũ 1 sim Chipset Exynos 8890/ Snap 820 - Rom 32GB Ram 4GB Màn Super Amoled 5.1' Likenew 95%,0,980000,Hồ Chí Minh,https://img.lazcdn.com/g/p/25c8cf64d75bbc7197dcef1648a94c7e.jpg_200x200q80.avif,HCM i n tho i Samsung Galaxy S7 C 1 sim Chipset Exynos 8890/ Snap 820 - Rom 32GB Ram 4GB M n Super Amoled 5 1 Likenew 95
https://www.lazada.vn/products/pdp-i1880978088.html,"Điện thoại Samsung Galaxy A54 5G (8GB/256GB) Hàng chính hãng, Nguyên Seal, Mới 100%",29,6999000,Hồ Chí Minh,https://img.lazcdn.com/g/ff/kf/Seef11ecb6fa94b91b83283507ec909abR.jpg_200x200q80.avif,i n tho i Samsung Galaxy A54 5G 8GB/256GB H ng ch nh h ng Nguy n Seal M i 100
https://www.lazada.vn/products/pdp-i1879257531.html,Điện Thoại Samsung Galaxy S20 FE (8GB/256GB) - Hàng Chính Hãng,0,12250000,Hồ Chí Minh,https://img.lazcdn.com/g/p/013018a6d27821fce53d40a0bb59975a.jpg_200x200q80.avif,i n Tho i Samsung Galaxy S20 FE 8GB/256GB - H ng Ch nh H ng
https://www.lazada.vn/products/pdp-i1874357641.html,ĐIỆN THOẠI SAMSUNG GALAXY S8 PLUS MÁY CŨ BẢN MỸ 1 SIM NGOẠI HÌNH 97% - CHIP SNAPDRAGON 835 ROM 64GB RAM 4GB - TÌNH TRẠNG MÁY XIN XEM THÔNG TIN CHI TIẾT MÁY,0,2190000,Hồ Chí Minh,https://img.lazcdn.com/g/p/2eb1a7a868ad289e3381d6f72e68ce97.jpg_200x200q80.avif,I N THO I Samsung GALAXY S8 PLUS M Y C B N M 1 SIM NGO I H NH 97 - CHIP SNAPDRAGON 835 ROM 64GB RAM 4GB - T NH TR NG M Y XIN XEM TH NG TIN CHI TI T M Y
https://www.lazada.vn/products/pdp-i1866986179.html,Điện thoại giá rẻ Samsung j600 zin cũ chức năng hoàn hảo bảo hành uy tín,0,2100000,Bạc Liêu,https://img.lazcdn.com/g/ff/kf/S43be491683f24f1c8d5d12cbbc8c180fE.jpg_200x200q80.avif,i n tho i gi r Samsung j600 zin c ch c n ng ho n h o b o h nh uy t n
https://www.lazada.vn/products/pdp-i1866915765.html,Điện thoại cảm ứng giá rẻ Samsung j600 zin cũ chức năng hoàn hảo,0,2100000,Bạc Liêu,https://img.lazcdn.com/g/ff/kf/S5d7eb42da1c64b74b53acb409ccc88851.jpg_200x200q80.avif,i n tho i c m ng gi r Samsung j600 zin c ch c n ng ho n h o
https://www.lazada.vn/products/pdp-i1864867184.html,[HCM] Điện Thoại Samsung Galaxy S10 - 2 Sim Máy Hàn Máy Cũ Like New 97% Bộ nhớ 128GB Ram 8GB Chip Exynos 9820 Màn 6.1'' Pin 3400 Xem chi tiết,0,4700000,Hồ Chí Minh,https://img.lazcdn.com/g/p/157a477b0e3501e68da1c80220f2f5a6.jpg_200x200q80.avif,HCM i n Tho i Samsung Galaxy S10 - 2 Sim M y H n M y C Like New 97 B nh 128GB Ram 8GB Chip Exynos 9820 M n 6 1 Pin 3400 Xem chi ti t
https://www.lazada.vn/products/pdp-i1863571950.html,Điện thoại Samsung Galaxy A33 5G (6GB/128GB) Hàng chính hãng,0,8310000,Hồ Chí Minh,https://img.lazcdn.com/g/p/f133ba04223b1905a03c40a2a71fc9e2.jpg_200x200q80.avif,i n tho i Samsung Galaxy A33 5G 6GB/128GB H ng ch nh h ng
https://www.lazada.vn/products/pdp-i1862257966.html,Điện Thoại Google Pixel 6 Pro Ram 12/128GB Quốc Tế. Sonpixel,49,6970000,Hà Nội,https://img.lazcdn.com/g/p/163086074adcbdc03fb4a1b560d427db.png_200x200q80.avif,i n Tho i Google Pixel 6 Pro Ram 12/128GB Qu c T Sonpixel
https://www.lazada.vn/products/pdp-i1862141451.html,Điện thoại Samsung Galaxy S22 5G chính hãng SSVN,48,11490000,Hà Nội,https://img.lazcdn.com/g/ff/kf/S921f696f22f24bea9712378033d5ee3fS.jpg_200x200q80.avif,i n tho i Samsung Galaxy S22 5G ch nh h ng Samsung VN
https://www.lazada.vn/products/pdp-i1861952433.html,Điện thoại Samsung Galaxy A73 5G 8GB/128GB - 8GB/256GB - Hàng Chính Hãng,38,7490000,Đà Nẵng,https://img.lazcdn.com/g/p/6b3bf4856f8642020eae811c2495484e.jpg_200x200q80.avif,i n tho i Samsung Galaxy A73 5G 8GB/128GB - 8GB/256GB - H ng Ch nh H ng
https://www.lazada.vn/products/pdp-i1861775940.html,Điện thoại Samsung Galaxy A13 (4GB/128GB) Hàng chính hãng,0,5190000,Hồ Chí Minh,https://img.lazcdn.com/g/p/3dcc7b00872bd40c878685a69f751550.jpg_200x200q80.avif,i n tho i Samsung Galaxy A13 4GB/128GB H ng ch nh h ng
https://www.lazada.vn/products/pdp-i1859113483.html,"Điện Thoại Samsung Galaxy (j7 2016) chính hãng 2 sim, Màn hình Super AMOLED 5.5inch HD",0,1150000,Yên Bái,https://img.lazcdn.com/g/p/16c54b959ec40cb097abd376e4a52a62.png_200x200q80.avif,i n Tho i Samsung Galaxy j7 2016 ch nh h ng 2 sim M n h nh Super AMOLED 5 5inch HD
https://www.lazada.vn/products/pdp-i1850631310.html,Điện thoại cảm ứng giá rẻ 5s mvt quên mk icl nhưng vẫn đăng nhập id tải ứng dụng bình thường chức năng hoàn hảo,0,590000,Bạc Liêu,https://img.lazcdn.com/g/ff/kf/S7b2caa70dd554dc5911f4f7bc3c21d83L.jpg_200x200q80.avif,i n tho i c m ng gi r 5s mvt qu n mk icl nh ng v n ng nh p id t i ng d ng b nh th ng ch c n ng ho n h o
https://www.lazada.vn/products/pdp-i1844982421.html,Điện thoại Samsung Galaxy A73 5G 8GB/128GB - Hàng Chính Hãng,38,7490000,Đà Nẵng,https://img.lazcdn.com/g/p/fae45cf79d3e2530bce653ca96f2f24e.png_200x200q80.avif,i n tho i Samsung Galaxy A73 5G 8GB/128GB - H ng Ch nh H ng
https://www.lazada.vn/products/pdp-i1840874375.html,Điện Thoại Samsung Galaxy Note 9 Cũ Bản Mỹ  - 1 Sim Cấu hình mạnh Snapdragon 845 Rom 128GB/6GB ngoại hình mới 97%,0,3900000,Hồ Chí Minh,https://img.lazcdn.com/g/p/1614704e920ad25c880daea4b460f900.jpg_200x200q80.avif,i n Tho i Samsung Galaxy Note 9 C B n M - 1 Sim C u h nh m nh Snapdragon 845 Rom 128GB/6GB ngo i h nh m i 97
https://www.lazada.vn/products/pdp-i1838509224.html,"Điện thoại Nokia C21 Plus (2GB/32GB) - Hàng chính hãng - Màn hình lớn, viên pin trâu, hiển thị rõ nét",38,1679000,Bến Tre,https://img.lazcdn.com/g/p/ab9732ee9a52eee002c49e1ef8d07482.jpg_200x200q80.avif,i n tho i Nokia C21 Plus 2GB/32GB - H ng ch nh h ng - M n h nh l n vi n pin tr u hi n th r n t
https://www.lazada.vn/products/pdp-i1818726260.html,"Điện thoại Samsung Galaxy A33 5G (6GB/128GB) - Hàng chính hãng - Màu sắc trẻ trung, hiệu năng ổn định, camera chất lượng trong tầm giá",31,5890000,Bến Tre,https://img.lazcdn.com/g/p/3464ba939797c0573e5306708a9f2a4b.jpg_200x200q80.avif,i n tho i Samsung Galaxy A33 5G 6GB/128GB - H ng ch nh h ng - M u s c tr trung hi u n ng n nh camera ch t l ng trong t m gi
https://www.lazada.vn/products/pdp-i1818645902.html,"Điện thoại Samsung Galaxy A33 5G (6GB/128GB) - Hàng chính hãng - Màu sắc trẻ trung, hiệu năng ổn định, camera chất lượng trong tầm giá",29,6059000,Bến Tre,https://img.lazcdn.com/g/p/15dcb468d796d2755a6682fb9a095722.jpg_200x200q80.avif,i n tho i Samsung Galaxy A33 5G 6GB/128GB - H ng ch nh h ng - M u s c tr trung hi u n ng n nh camera ch t l ng trong t m gi
https://www.lazada.vn/products/pdp-i1816174183.html,Điện Thoại Samsung Galaxy S20 FE (8GB - 256GB) Snapdragon 865 - Hàng Chính Hãng - Mới 100% - Nguyên Seal,33,7690000,Hồ Chí Minh,https://img.lazcdn.com/g/ff/kf/S91bba2daa96749b2abd2e3d138965fc41.jpg_200x200q80.avif,i n Tho i Samsung Galaxy S20 FE 8GB - 256GB Snapdragon 865 - H ng Ch nh H ng - M i 100 - Nguy n Seal
https://www.lazada.vn/products/pdp-i1810719355.html,Điện Thoại Samsung Galaxy S20 FE (8GB/256GB) - Hàng Chính Hãng,0,11250000,Hồ Chí Minh,https://img.lazcdn.com/g/p/013018a6d27821fce53d40a0bb59975a.jpg_200x200q80.avif,i n Tho i Samsung Galaxy S20 FE 8GB/256GB - H ng Ch nh H ng
https://www.lazada.vn/products/pdp-i1810701167.html,Điện Thoại Samsung Galaxy S7 Edge - Máy cũ giá rẻ Bản Hàn 2 sim - Màn hình cong Super Amoled 5.5 in ngoại hình còn mới 97% thời trang (xin xem chi tiết giúp),0,2100000,Hồ Chí Minh,https://img.lazcdn.com/g/p/5c899687dc32e1a2fe2df05c355d98b7.jpg_200x200q80.avif,i n Tho i Samsung Galaxy S7 Edge - M y c gi r B n H n 2 sim - M n h nh cong Super Amoled 5 5 in ngo i h nh c n m i 97 th i trang xin xem chi ti t gi p
https://www.lazada.vn/products/pdp-i1808844787.html,Điện thoại Samsung Galaxy A52 (8GB/128GB) - Hàng chính hãng đã Active,0,9990000,Hồ Chí Minh,https://img.lazcdn.com/g/p/0f6527bd3d509833a4329fb00215ef04.jpg_200x200q80.avif,i n tho i Samsung Galaxy A52 8GB/128GB - H ng ch nh h ng Active
https://www.lazada.vn/products/pdp-i1802788426.html,[HCM] ĐIỆN THOẠI SAMSUNG GALAXY S8+ (PLUS) MÁY CŨ BẢN MỸ 1 SIM NGOẠI HÌNH 97% - CHIP SNAPDRAGON 835 ROM 64GB RAM 4GB - TÌNH TRẠNG MÁY XIN XEM THÔNG TIN CHI TIẾT MÁY,0,2550000,Hồ Chí Minh,https://img.lazcdn.com/g/p/4579c41058ecc482a40247d0d9495f11.jpg_200x200q80.avif,HCM I N THO I Samsung GALAXY S8+ PLUS M Y C B N M 1 SIM NGO I H NH 97 - CHIP SNAPDRAGON 835 ROM 64GB RAM 4GB - T NH TR NG M Y XIN XEM TH NG TIN CHI TI T M Y
https://www.lazada.vn/products/pdp-i1802613924.html,Điện thoại cảm ứng giá rẻ ip5g icl sạch nhỏ gọn kiểu dáng hiện đại,0,879000,Bạc Liêu,https://img.lazcdn.com/g/ff/kf/S320fa1983aa7493ca513c3dcab237ccbm.jpg_200x200q80.avif,i n tho i c m ng gi r ip5g icl s ch nh g n ki u d ng hi n i
https://www.lazada.vn/products/pdp-i1797455459.html,Điện thoại Samsung Galaxy A54 5G - Hàng Chính Hãng SSVN - Bảo Hành 12 Tháng,29,7490000,Đà Nẵng,https://img.lazcdn.com/g/p/fed715eddcb66d35d5743845c4e26d2b.jpg_200x200q80.avif,i n tho i Samsung Galaxy A54 5G - H ng Ch nh H ng Samsung VN - B o H nh 12 Th ng
https://www.lazada.vn/products/pdp-i1796441012.html,[HCM] Điện Thoại Samsung Galaxy S9 Cũ Bàn Hàn 2 Sim Chip Exynos 9810 Rom 64GB Ram 4GB Pin 3000 ngoại hình còn đẹp - xem cấu hình thông tin lưu ý chi tiết,0,2990000,Hồ Chí Minh,https://img.lazcdn.com/g/p/ce228b43147c18945d65717d73e95abf.jpg_200x200q80.avif,HCM i n Tho i Samsung Galaxy S9 C B n H n 2 Sim Chip Exynos 9810 Rom 64GB Ram 4GB Pin 3000 ngo i h nh c n p - xem c u h nh th ng tin l u chi ti t
https://www.lazada.vn/products/pdp-i1790903110.html,"Điện thoại Samsung Galaxy A23 (4GB/128GB) - Hàng chính hãng - Hiển thị đẹp, hiệu năng mạnh mẽ, camera sắc nét",23,4389000,Bến Tre,https://img.lazcdn.com/g/p/b87a7722624c5b1fbf1c97c7b14b6cff.jpg_200x200q80.avif,i n tho i Samsung Galaxy A23 4GB/128GB - H ng ch nh h ng - Hi n th p hi u n ng m nh m camera s c n t
https://www.lazada.vn/products/pdp-i1790892175.html,"Điện thoại Samsung Galaxy A23 (4GB/128GB) - Hàng chính hãng - Hiển thị đẹp, hiệu năng mạnh mẽ, camera sắc nét",23,4389000,Bến Tre,https://img.lazcdn.com/g/p/0b476552512274a274b5f7e4634e07bc.jpg_200x200q80.avif,i n tho i Samsung Galaxy A23 4GB/128GB - H ng ch nh h ng - Hi n th p hi u n ng m nh m camera s c n t
https://www.lazada.vn/products/pdp-i1790817718.html,"Điện thoại Samsung Galaxy A13 (4GB/128GB) - Hàng chính hãng - Màn hình sắc nét, viên pin lớn, hiển thị chất lượng",24,3549000,Bến Tre,https://img.lazcdn.com/g/p/2c3762855afffb75bef7e0819c63845e.jpg_200x200q80.avif,i n tho i Samsung Galaxy A13 4GB/128GB - H ng ch nh h ng - M n h nh s c n t vi n pin l n hi n th ch t l ng
https://www.lazada.vn/products/pdp-i1786092774.html,Điện thoại Xiaomi Redmi 10 (4GB/128GB)-Hàng chính hãng mua ở fpt còn bảo hành hơn 1  năm  fullbox  như mới cứng 100%,0,3400000,Bà Rịa Vũng Tàu,https://img.lazcdn.com/g/p/1ace103597d4d35a5116a5e03d8cad11.jpg_200x200q80.avif,i n tho i Xiaomi Redmi 10 4GB/128GB -H ng ch nh h ng mua fpt c n b o h nh h n 1 n m fullbox nh m i c ng 100
https://www.lazada.vn/products/pdp-i1783631879.html,"[VOUCHER 5% TỐI ĐA 500K] Điện thoại Samsung Galaxy A53 5G (8GB/128GB) - Hàng chính hãng - Tấm nền Super AMOLED rực rỡ, khả năng hiển thị sắc nét, sạc nhanh lên đến 65W",24,7579000,Bến Tre,https://img.lazcdn.com/g/p/07896d0a6c15010dd7c46f8382d3b85d.jpg_200x200q80.avif,VOUCHER 5 T I A 500K i n tho i Samsung Galaxy A53 5G 8GB/128GB - H ng ch nh h ng - T m n n Super AMOLED r c r kh n ng hi n th s c n t s c nhanh l n n 65W
https://www.lazada.vn/products/pdp-i1774071566.html,ĐIỆN THOẠI GIÁ RẺ SAMSUNG J500 LÀM MÁY PHỤ TỐT LOA TO SÓNG MẠNH,0,950000,Bạc Liêu,https://img.lazcdn.com/g/p/95f3e7038c9742e7e11ec2c28384d0d6.jpg_200x200q80.avif,I N THO I GI R Samsung J500 L M M Y PH T T LOA TO S NG M NH
https://www.lazada.vn/products/pdp-i1768644746.html,[HCM] Điện Thoại Samsung Galaxy Note 8 Cũ Đã Dùng - Máy Hàn 2 Sim Thanh Lý Giá Rẻ Chip Exynos 8895 Rom 64GB/6GB Pin 3300 máy chơi game nhanh mượt ổn định,0,2650000,Hồ Chí Minh,https://img.lazcdn.com/g/p/d2ea7b6dcfb809910034e72191a05017.jpg_200x200q80.avif,HCM i n Tho i Samsung Galaxy Note 8 C D ng - M y H n 2 Sim Thanh L Gi R Chip Exynos 8895 Rom 64GB/6GB Pin 3300 m y ch i game nhanh m t n nh
