url,name,discount,price,location,image_url,brand,model_name,ram,rom,warranty
https://www.lazada.vn/products/pdp-i3106405420.html,Điện Thoại Samsung Galaxy A15 (8GB/256GB) Chính Hãng 100% Full Box Nguyên Seal Bảo Hành 18 Tháng,33,3799000,Hà Nội,https://img.lazcdn.com/g/p/0b8f95d0b16f890a9525bb9fadb60f13.jpg_200x200q80.avif,<s>,Samsung Galaxy A15 (8GB/256GB),<s>,<s>,18 Tháng
https://www.lazada.vn/products/pdp-i3106402147.html,Điện thoại Samsung A06 5G Chính hãng Samsung Việt Nam Mới 100% Nguyên Seal,0,2590000,Hà Nội,https://img.lazcdn.com/g/p/8fca1260ff930023bbc7de155cb68c05.jpg_200x200q80.avif,Samsung,Samsung A06 5G,<s>,<s>,<s>
https://www.lazada.vn/products/pdp-i3105282159.html,"Điện thoại Samsung Galaxy A33 máy 2sim ram 6G/128G Chính Hãng, lướt Web Tiktok Facebook Youtube , Camera mượt",0,2800000,Bạc Liêu,https://img.lazcdn.com/g/p/1b4bda07c3ac497a1c0731d44c03dac0.jpg_200x200q80.avif,<s>,,6G/128G,<s>,<s>
https://www.lazada.vn/products/pdp-i3105146001.html,[Chính hãng] Điện thoại Opp0 FFIND N5 (16GB/512GB) - Hàng chính hãng,50,1600000,Hà Nội,https://img.lazcdn.com/g/p/448150a59731e5622f60b1f9e572afb6.jpg_200x200q80.avif,<s>,Điện thoại Opp0 FFIND N5 (16GB/512GB),<s>,<s>,<s>
https://www.lazada.vn/products/pdp-i3105144009.html,điện thoại 0PP0 A57 (128GB) | Cấu hình Cao Chiến mọi Game mượt - Hàng chính hãng Bảo hành 12 tháng,50,730000,Lào Cai,https://img.lazcdn.com/g/p/857100c619ff722fa2778d31fb3f04a4.jpg_200x200q80.avif,<s>,<s>,<s>,<s>,12 tháng
https://www.lazada.vn/products/pdp-i3105135019.html,"Điện thoại Redmi_n0te 14 pro plus Ram 12GB/512GB pin 5110 mAh máy chính hãng, bảo hành 12 tháng",50,1400000,Hà Nội,https://img.lazcdn.com/g/p/ab344f79b1c1a2f2eec197483ef796a0.jpg_200x200q80.avif,<s>,Redmi_n0te 14 pro,12GB/512GB pin 5110 mAh,Ram 12GB/512GB pin 5110 mAh,12 tháng
https://www.lazada.vn/products/pdp-i3105135017.html,điện thoại 0PP0 Ren0  10pr0+ 5G (12GB/256GB) | Cấu hình Cao Chiến mọi Game mượt - Hàng chính hãng Bảo hành 12 tháng,50,1200000,Hà Nội,https://img.lazcdn.com/g/p/c9800d75f3242b31d013cfdeacfbfec6.jpg_200x200q80.avif,<s>,0PP0 Ren0 10pr0+ 5G (12GB/256GB),<s>,<s>,12 tháng
https://www.lazada.vn/products/pdp-i3105133001.html,[Chính hãng] Điện thoại Opp0 FFIND N5 (16GB/512GB) - Hàng chính hãng,50,1600000,Thừa Thiên Huế,https://img.lazcdn.com/g/p/448150a59731e5622f60b1f9e572afb6.jpg_200x200q80.avif,<s>,Điện thoại Opp0 FFIND N5 (16GB/512GB),<s>,<s>,<s>
https://www.lazada.vn/products/pdp-i3105132025.html,"Điện thoại Redmi_n0te 14 pro  Ram 12GB/512GB pin 5110 mAh máy chính hãng, bảo hành 12 tháng",50,1300000,Hà Nội,https://img.lazcdn.com/g/p/635872d7385961eccb0a933ab641f3ab.jpg_200x200q80.avif,<s>,,12GB/512GB pin 5110 mAh,<s> Bộ nhớ trong (ROM) của sản phẩm là bao nhiêu?</s></s> Điện thoại Redmi_n0te 14 pro Ram 12GB/512GB pin 5110 mAh,12 tháng
https://www.lazada.vn/products/pdp-i3105128029.html,[Chính hãng] Điện thoại Opp0 FFIND N3 (16GB/512GB) - Hàng chính hãng,50,1500000,Hưng Yên,https://img.lazcdn.com/g/p/7cb3bb78e90e2bc2ed62db73b015699e.jpg_200x200q80.avif,<s>,Điện thoại Opp0 FFIND N3 (16GB/512GB),<s>,<s>,<s>
https://www.lazada.vn/products/pdp-i3105127037.html,"Điện thoại Redmi_n0te 14 pro  Ram 12GB/512GB pin 5110 mAh máy chính hãng, bảo hành 12 tháng",50,1300000,Thừa Thiên Huế,https://img.lazcdn.com/g/p/635872d7385961eccb0a933ab641f3ab.jpg_200x200q80.avif,<s>,,12GB/512GB pin 5110 mAh,<s> Bộ nhớ trong (ROM) của sản phẩm là bao nhiêu?</s></s> Điện thoại Redmi_n0te 14 pro Ram 12GB/512GB pin 5110 mAh,12 tháng
https://www.lazada.vn/products/pdp-i3105126034.html,[Chính hãng]Điện thoại 0PP0_A5 pro 5G - (BH 12 tháng Lỗi 1 đổi 1 trong 30 ngày),50,900000,Hưng Yên,https://img.lazcdn.com/g/p/1f4ae9329ce490a5623656a812fb1ae7.jpg_200x200q80.avif,<s>,0PP0_A5 pro 5G,<s>,<s>,<s>
https://www.lazada.vn/products/pdp-i3105123114.html,[Chính hãng]Điện thoại 0PP0_A5 pro 5G - (BH 12 tháng Lỗi 1 đổi 1 trong 30 ngày),50,900000,Hà Nội,https://img.lazcdn.com/g/p/1f4ae9329ce490a5623656a812fb1ae7.jpg_200x200q80.avif,<s>,0PP0_A5 pro 5G,<s>,<s>,<s>
https://www.lazada.vn/products/pdp-i3105123085.html,"Điện thoại P0c0 X7pr0 Ram 12GB/256GB pin 6000 mAh máy chính hãng, bảo hành 12 tháng",50,1000000,Hưng Yên,https://img.lazcdn.com/g/p/4088d5ec3e9f7d10227ebacbfd214ddc.jpg_200x200q80.avif,<s>,,6000 mAh,6000 mAh,12 tháng
https://www.lazada.vn/products/pdp-i3105121036.html,điện thoại 0PP0 F11 (6GB/64GB) | Cấu hình Cao Chiến mọi Game mượt - Hàng chính hãng Bảo hành 12 tháng,50,650000,Hưng Yên,https://img.lazcdn.com/g/p/db408caf790633428162ea7edf23d46f.jpg_200x200q80.avif,<s>,0PP0 F11 (6GB/64GB),<s>,<s>,12 tháng
https://www.lazada.vn/products/pdp-i3105117168.html,"Điện thoại Redmi_n0te 14 pro  Ram 12GB/512GB pin 5110 mAh máy chính hãng, bảo hành 12 tháng",50,1300000,Lào Cai,https://img.lazcdn.com/g/p/635872d7385961eccb0a933ab641f3ab.jpg_200x200q80.avif,<s>,,12GB/512GB pin 5110 mAh,<s> Bộ nhớ trong (ROM) của sản phẩm là bao nhiêu?</s></s> Điện thoại Redmi_n0te 14 pro Ram 12GB/512GB pin 5110 mAh,12 tháng
https://www.lazada.vn/products/pdp-i3105112215.html,"Điện thoại Red.mi Note 14  2sim ram 8G/256G, Cấu hình mạnh, cày game nặng siêu mượt, máy chính hãng, bảo hành 12 tháng",50,1100000,Hà Nội,https://img.lazcdn.com/g/p/6916d972afb2767ad53265669d861ddc.jpg_200x200q80.avif,<s>,Red.mi Note 14,<s>,<s>,12 tháng
https://www.lazada.vn/products/pdp-i3105111170.html,điện thoại 0PP0 A57 (128GB) | Cấu hình Cao Chiến mọi Game mượt - Hàng chính hãng Bảo hành 12 tháng,50,730000,Hà Nội,https://img.lazcdn.com/g/p/857100c619ff722fa2778d31fb3f04a4.jpg_200x200q80.avif,<s>,<s>,<s>,<s>,12 tháng
https://www.lazada.vn/products/pdp-i3105111140.html,[Chính hãng] Điện thoại Opp0 FFIND N3 (16GB/512GB) - Hàng chính hãng,50,1500000,Hà Nội,https://img.lazcdn.com/g/p/7cb3bb78e90e2bc2ed62db73b015699e.jpg_200x200q80.avif,<s>,Điện thoại Opp0 FFIND N3 (16GB/512GB),<s>,<s>,<s>
https://www.lazada.vn/products/pdp-i3105110229.html,"Điện thoại Redmi_n0te 14 pro plus Ram 12GB/512GB pin 5110 mAh máy chính hãng, bảo hành 12 tháng",50,1400000,Hà Nội,https://img.lazcdn.com/g/p/ab344f79b1c1a2f2eec197483ef796a0.jpg_200x200q80.avif,<s>,Redmi_n0te 14 pro,12GB/512GB pin 5110 mAh,Ram 12GB/512GB pin 5110 mAh,12 tháng
https://www.lazada.vn/products/pdp-i3105098175.html,[Chính hãng]Điện thoại 0PP0_A3 pro 5G - (BH 12 tháng Lỗi 1 đổi 1 trong 30 ngày),50,800000,Hưng Yên,https://img.lazcdn.com/g/p/ab259cb234a37d277b4461c5afd3b1e3.jpg_200x200q80.avif,<s>,0PP0_A3 pro 5G,<s>,<s>,<s>
https://www.lazada.vn/products/pdp-i3105090206.html,[Chính hãng]Điện thoại 0PP0_Ren0 13 pro 5G (12/512) - BH 12 tháng Lỗi 1 đổi 1 trong 30 ngày,50,1500000,An Giang,https://img.lazcdn.com/g/p/9e45167268e9767cf8e3ad3179ce3ebe.jpg_200x200q80.avif,<s>,,<s>,<s>,<s> Sản phẩm được bảo hành bao lâu?</s></s> [Chính hãng]Điện thoại 0PP0_Ren0 13 pro 5G (12/512) - BH 12 tháng Lỗi 1 đổi 1 trong 30 ngày
https://www.lazada.vn/products/pdp-i3105089220.html,"điện thoại 0PP0 Ren0 10pr0 5G (12GB/256GB) | Cấu hình Cao Chiến mọi Game mượt - Hàng chính hãng Bảo hành 12 tháng""",50,1100000,An Giang,https://img.lazcdn.com/g/p/8acf046fca9c180c128ddfd1239db733.jpg_200x200q80.avif,<s>,<s> Tên sản phẩm là gì?</s></s> điện thoại 0PP0 Ren0 10pr0 5G (12GB/256GB),<s>,<s>,12 tháng
https://www.lazada.vn/products/pdp-i3105081335.html,"Điện thoại Red.mi Note 14  2sim ram 8G/256G, Cấu hình mạnh, cày game nặng siêu mượt, máy chính hãng, bảo hành 12 tháng",50,1100000,Lào Cai,https://img.lazcdn.com/g/p/6916d972afb2767ad53265669d861ddc.jpg_200x200q80.avif,<s>,Red.mi Note 14,<s>,<s>,12 tháng
https://www.lazada.vn/products/pdp-i3105080362.html,"điện thoại 0PP0 Ren0 10pr0 5G (12GB/256GB) | Cấu hình Cao Chiến mọi Game mượt - Hàng chính hãng Bảo hành 12 tháng""",50,1100000,Hà Nội,https://img.lazcdn.com/g/p/8acf046fca9c180c128ddfd1239db733.jpg_200x200q80.avif,<s>,<s> Tên sản phẩm là gì?</s></s> điện thoại 0PP0 Ren0 10pr0 5G (12GB/256GB),<s>,<s>,12 tháng
https://www.lazada.vn/products/pdp-i3105079327.html,[Chính hãng]Điện thoại 0PP0_A3 pro 5G - (BH 12 tháng Lỗi 1 đổi 1 trong 30 ngày),50,800000,Thừa Thiên Huế,https://img.lazcdn.com/g/p/ab259cb234a37d277b4461c5afd3b1e3.jpg_200x200q80.avif,<s>,0PP0_A3 pro 5G,<s>,<s>,<s>
https://www.lazada.vn/products/pdp-i3105078127.html,Điện Thoại HONOR X9c 5G (12GB/256GB) Chính Hàng 100% Full Box Nguyên Seal Bảo Hành 18 Tháng,47,3599000,Hà Nội,https://img.lazcdn.com/g/p/d127c5d7d020c80fd8d6b59f06c05fb2.jpg_200x200q80.avif,<s>,HONOR X9c 5G (12GB/256GB),<s>,<s>,18 Tháng
https://www.lazada.vn/products/pdp-i3105076266.html,"Điện thoại P0c0 X7pr0 Ram 12GB/256GB pin 6000 mAh máy chính hãng, bảo hành 12 tháng",50,1000000,An Giang,https://img.lazcdn.com/g/p/4088d5ec3e9f7d10227ebacbfd214ddc.jpg_200x200q80.avif,<s>,,6000 mAh,6000 mAh,12 tháng
https://www.lazada.vn/products/pdp-i3105071365.html,"điện thoại 0PP0 Ren0 10pr0 5G (12GB/256GB) | Cấu hình Cao Chiến mọi Game mượt - Hàng chính hãng Bảo hành 12 tháng""",50,1100000,Hưng Yên,https://img.lazcdn.com/g/p/8acf046fca9c180c128ddfd1239db733.jpg_200x200q80.avif,<s>,<s> Tên sản phẩm là gì?</s></s> điện thoại 0PP0 Ren0 10pr0 5G (12GB/256GB),<s>,<s>,12 tháng
https://www.lazada.vn/products/pdp-i3105069358.html,[Chính hãng]Điện thoại 0PP0_A3 pro 5G - (BH 12 tháng Lỗi 1 đổi 1 trong 30 ngày),50,800000,Hà Nội,https://img.lazcdn.com/g/p/ab259cb234a37d277b4461c5afd3b1e3.jpg_200x200q80.avif,<s>,0PP0_A3 pro 5G,<s>,<s>,<s>
https://www.lazada.vn/products/pdp-i3105067437.html,điện thoại 0PP0 A57 (128GB) | Cấu hình Cao Chiến mọi Game mượt - Hàng chính hãng Bảo hành 12 tháng,50,730000,Hà Nội,https://img.lazcdn.com/g/p/857100c619ff722fa2778d31fb3f04a4.jpg_200x200q80.avif,<s>,<s>,<s>,<s>,12 tháng
https://www.lazada.vn/products/pdp-i3105064334.html,điện thoại 0PP0 A53 (128GB) |Cấu hình Cao Chiến mọi Game mượt - Hàng chính hãng Bảo hành 12 tháng,50,650000,Hà Nội,https://img.lazcdn.com/g/p/ea96c7eb07112f2faf8282e6d3bdac3d.jpg_200x200q80.avif,<s>,<s>,<s>,<s>,12 tháng
https://www.lazada.vn/products/pdp-i3105063442.html,điện thoại 0PP0 A57 (128GB) | Cấu hình Cao Chiến mọi Game mượt - Hàng chính hãng Bảo hành 12 tháng,50,730000,Hà Nội,https://img.lazcdn.com/g/p/857100c619ff722fa2778d31fb3f04a4.jpg_200x200q80.avif,<s>,<s>,<s>,<s>,12 tháng
https://www.lazada.vn/products/pdp-i3105058442.html,"Điện thoại Redmi_n0te 14 pro  Ram 12GB/512GB pin 5110 mAh máy chính hãng, bảo hành 12 tháng",50,1300000,Hà Nội,https://img.lazcdn.com/g/p/635872d7385961eccb0a933ab641f3ab.jpg_200x200q80.avif,<s>,,12GB/512GB pin 5110 mAh,<s> Bộ nhớ trong (ROM) của sản phẩm là bao nhiêu?</s></s> Điện thoại Redmi_n0te 14 pro Ram 12GB/512GB pin 5110 mAh,12 tháng
https://www.lazada.vn/products/pdp-i3105057440.html,[Chính hãng] Điện thoại Opp0 FFIND N5 (16GB/512GB) - Hàng chính hãng,50,1600000,Lào Cai,https://img.lazcdn.com/g/p/448150a59731e5622f60b1f9e572afb6.jpg_200x200q80.avif,<s>,Điện thoại Opp0 FFIND N5 (16GB/512GB),<s>,<s>,<s>
https://www.lazada.vn/products/pdp-i3105056443.html,[Chính hãng] Điện thoại Opp0 FFIND N5 (16GB/512GB) - Hàng chính hãng,50,1600000,Hà Nội,https://img.lazcdn.com/g/p/448150a59731e5622f60b1f9e572afb6.jpg_200x200q80.avif,<s>,Điện thoại Opp0 FFIND N5 (16GB/512GB),<s>,<s>,<s>
https://www.lazada.vn/products/pdp-i3105054402.html,điện thoại 0PP0 F11 (6GB/64GB) | Cấu hình Cao Chiến mọi Game mượt - Hàng chính hãng Bảo hành 12 tháng,50,650000,An Giang,https://img.lazcdn.com/g/p/db408caf790633428162ea7edf23d46f.jpg_200x200q80.avif,<s>,0PP0 F11 (6GB/64GB),<s>,<s>,12 tháng
https://www.lazada.vn/products/pdp-i3105053453.html,"Điện thoại Redmi_n0te 14 pro  Ram 12GB/512GB pin 5110 mAh máy chính hãng, bảo hành 12 tháng",50,1300000,Hà Nội,https://img.lazcdn.com/g/p/635872d7385961eccb0a933ab641f3ab.jpg_200x200q80.avif,<s>,,12GB/512GB pin 5110 mAh,<s> Bộ nhớ trong (ROM) của sản phẩm là bao nhiêu?</s></s> Điện thoại Redmi_n0te 14 pro Ram 12GB/512GB pin 5110 mAh,12 tháng
https://www.lazada.vn/products/pdp-i3105053452.html,[Chính hãng]Điện thoại 0PP0_A3 pro 5G - (BH 12 tháng Lỗi 1 đổi 1 trong 30 ngày),50,800000,Hà Nội,https://img.lazcdn.com/g/p/ab259cb234a37d277b4461c5afd3b1e3.jpg_200x200q80.avif,<s>,0PP0_A3 pro 5G,<s>,<s>,<s>
https://www.lazada.vn/products/pdp-i3105052360.html,[Chính hãng]Điện thoại 0PP0_Ren0 13 pro 5G (12/512) - BH 12 tháng Lỗi 1 đổi 1 trong 30 ngày,50,1500000,Hưng Yên,https://img.lazcdn.com/g/p/9e45167268e9767cf8e3ad3179ce3ebe.jpg_200x200q80.avif,<s>,,<s>,<s>,<s> Sản phẩm được bảo hành bao lâu?</s></s> [Chính hãng]Điện thoại 0PP0_Ren0 13 pro 5G (12/512) - BH 12 tháng Lỗi 1 đổi 1 trong 30 ngày
https://www.lazada.vn/products/pdp-i3105124047.html,"Điện thoại mi Mi 15 Cấu hình mạnh, cày game nặng siêu mượt (12+256B) | Màn hình 6.36",50,1300000,Hà Nội,https://img.lazcdn.com/g/p/f022ab76aa346c6622db7d4b51b9fe23.jpg_200x200q80.avif,<s>,<s>,<s>,<s>,<s>
https://www.lazada.vn/products/pdp-i3105120092.html,điện thoại 0PP0 F11 (6GB/64GB) | Cấu hình Cao Chiến mọi Game mượt - Hàng chính hãng Bảo hành 12 tháng,50,650000,Lào Cai,https://img.lazcdn.com/g/p/db408caf790633428162ea7edf23d46f.jpg_200x200q80.avif,<s>,0PP0 F11 (6GB/64GB),<s>,<s>,12 tháng
https://www.lazada.vn/products/pdp-i3105091274.html,[Chính hãng] Điện thoại Opp0 FFIND N3 (16GB/512GB) - Hàng chính hãng,50,1500000,Hà Nội,https://img.lazcdn.com/g/p/7cb3bb78e90e2bc2ed62db73b015699e.jpg_200x200q80.avif,<s>,Điện thoại Opp0 FFIND N3 (16GB/512GB),<s>,<s>,<s>
https://www.lazada.vn/products/pdp-i3105091212.html,"điện thoại 0PP0 A79 5G (8GB/256GB) | Cấu hình Cao Chiến mọi Game mượt - Hàng chính hãng Bảo hành 12 tháng""",50,850000,Hưng Yên,https://img.lazcdn.com/g/p/4302c50ed2deffb143c0de065c38fc34.jpg_200x200q80.avif,<s>,0PP0 A79 5G (8GB/256GB),<s>,<s>,12 tháng
https://www.lazada.vn/products/pdp-i3105049844.html,"Điện thoại Samsung Galaxy A13 máy 2sim ram 4G-6G/128G Chính Hãng, lướt Web Tiktok Facebook Youtube , Camera mượt",0,2500000,Bạc Liêu,https://img.lazcdn.com/g/p/4dc9b3599833abe9406aae39c9dc1aa3.jpg_200x200q80.avif,<s>,<s>,4G-6G/128G,<s>,<s>
https://www.lazada.vn/products/pdp-i3105049530.html,điện thoại 0PP0 A93 5G (8GB/128GB) | Cấu hình Cao Chiến mọi Game mượt - Hàng chính hãng Bảo hành 12 tháng,50,750000,Lào Cai,https://img.lazcdn.com/g/p/ff9684b8acfbb55477c1e65c3b3c1771.jpg_200x200q80.avif,<s>,0PP0 A93 5G (8GB/128GB),<s>,<s>,12 tháng
https://www.lazada.vn/products/pdp-i3105042478.html,"điện thoại 0PP0 Ren0 10pr0 5G (12GB/256GB) | Cấu hình Cao Chiến mọi Game mượt - Hàng chính hãng Bảo hành 12 tháng""",50,1100000,Thừa Thiên Huế,https://img.lazcdn.com/g/p/8acf046fca9c180c128ddfd1239db733.jpg_200x200q80.avif,<s>,<s> Tên sản phẩm là gì?</s></s> điện thoại 0PP0 Ren0 10pr0 5G (12GB/256GB),<s>,<s>,12 tháng
https://www.lazada.vn/products/pdp-i3105041538.html,[Chính hãng]Điện thoại 0PP0_A3 pro 5G - (BH 12 tháng Lỗi 1 đổi 1 trong 30 ngày),50,800000,Lào Cai,https://img.lazcdn.com/g/p/ab259cb234a37d277b4461c5afd3b1e3.jpg_200x200q80.avif,<s>,0PP0_A3 pro 5G,<s>,<s>,<s>
https://www.lazada.vn/products/pdp-i3105040544.html,điện thoại 0PP0 A57 (128GB) | Cấu hình Cao Chiến mọi Game mượt - Hàng chính hãng Bảo hành 12 tháng,50,730000,Hưng Yên,https://img.lazcdn.com/g/p/857100c619ff722fa2778d31fb3f04a4.jpg_200x200q80.avif,<s>,<s>,<s>,<s>,12 tháng
https://www.lazada.vn/products/pdp-i3105039419.html,"Điện thoại mi Mi 15 Cấu hình mạnh, cày game nặng siêu mượt (12+256B) | Màn hình 6.36",50,1300000,An Giang,https://img.lazcdn.com/g/p/f022ab76aa346c6622db7d4b51b9fe23.jpg_200x200q80.avif,<s>,<s>,<s>,<s>,<s>
https://www.lazada.vn/products/pdp-i3105038535.html,điện thoại 0PP0 A53 (128GB) |Cấu hình Cao Chiến mọi Game mượt - Hàng chính hãng Bảo hành 12 tháng,50,650000,Thừa Thiên Huế,https://img.lazcdn.com/g/p/ea96c7eb07112f2faf8282e6d3bdac3d.jpg_200x200q80.avif,<s>,<s>,<s>,<s>,12 tháng
https://www.lazada.vn/products/pdp-i3105034549.html,"Điện thoại Redmi_n0te 14 pro  Ram 12GB/512GB pin 5110 mAh máy chính hãng, bảo hành 12 tháng",50,1300000,Hưng Yên,https://img.lazcdn.com/g/p/635872d7385961eccb0a933ab641f3ab.jpg_200x200q80.avif,<s>,,12GB/512GB pin 5110 mAh,<s> Bộ nhớ trong (ROM) của sản phẩm là bao nhiêu?</s></s> Điện thoại Redmi_n0te 14 pro Ram 12GB/512GB pin 5110 mAh,12 tháng
https://www.lazada.vn/products/pdp-i3105032567.html,[Chính hãng]Điện thoại 0PP0_A3 pro 5G - (BH 12 tháng Lỗi 1 đổi 1 trong 30 ngày),50,800000,Hà Nội,https://img.lazcdn.com/g/p/ab259cb234a37d277b4461c5afd3b1e3.jpg_200x200q80.avif,<s>,0PP0_A3 pro 5G,<s>,<s>,<s>
https://www.lazada.vn/products/pdp-i3105030534.html,[Chính hãng]Điện thoại 0PP0_Ren0 13 pro 5G (12/512) - BH 12 tháng Lỗi 1 đổi 1 trong 30 ngày,50,1500000,Hà Nội,https://img.lazcdn.com/g/p/9e45167268e9767cf8e3ad3179ce3ebe.jpg_200x200q80.avif,<s>,,<s>,<s>,<s> Sản phẩm được bảo hành bao lâu?</s></s> [Chính hãng]Điện thoại 0PP0_Ren0 13 pro 5G (12/512) - BH 12 tháng Lỗi 1 đổi 1 trong 30 ngày
https://www.lazada.vn/products/pdp-i3105030512.html,"Điện thoại mi Mi 15 Cấu hình mạnh, cày game nặng siêu mượt (12+256B) | Màn hình 6.36",50,1300000,Hưng Yên,https://img.lazcdn.com/g/p/f022ab76aa346c6622db7d4b51b9fe23.jpg_200x200q80.avif,<s>,<s>,<s>,<s>,<s>
https://www.lazada.vn/products/pdp-i3105024588.html,điện thoại 0PP0 A92 (8GB/128GB) | Cấu hình Cao Chiến mọi Game mượt - Hàng chính hãng Bảo hành 12 tháng,50,720000,An Giang,https://img.lazcdn.com/g/p/6511a36f6bd5b3f1a264643cd4166036.jpg_200x200q80.avif,<s>,0PP0 A92 (8GB/128GB),<s>,<s>,12 tháng
https://www.lazada.vn/products/pdp-i3105023574.html,điện thoại 0PP0 F11 (6GB/64GB) | Cấu hình Cao Chiến mọi Game mượt - Hàng chính hãng Bảo hành 12 tháng,50,650000,Thừa Thiên Huế,https://img.lazcdn.com/g/p/db408caf790633428162ea7edf23d46f.jpg_200x200q80.avif,<s>,0PP0 F11 (6GB/64GB),<s>,<s>,12 tháng
https://www.lazada.vn/products/pdp-i3105022540.html,"Điện thoại Redmi_n0te 14 pro plus Ram 12GB/512GB pin 5110 mAh máy chính hãng, bảo hành 12 tháng",50,1400000,An Giang,https://img.lazcdn.com/g/p/ab344f79b1c1a2f2eec197483ef796a0.jpg_200x200q80.avif,<s>,Redmi_n0te 14 pro,12GB/512GB pin 5110 mAh,Ram 12GB/512GB pin 5110 mAh,12 tháng
https://www.lazada.vn/products/pdp-i3105021609.html,[Chính hãng]Điện thoại 0PP0_A5 pro 5G - (BH 12 tháng Lỗi 1 đổi 1 trong 30 ngày),50,900000,Hà Nội,https://img.lazcdn.com/g/p/1f4ae9329ce490a5623656a812fb1ae7.jpg_200x200q80.avif,<s>,0PP0_A5 pro 5G,<s>,<s>,<s>
https://www.lazada.vn/products/pdp-i3105021579.html,điện thoại 0PP0 A93 5G (8GB/128GB) | Cấu hình Cao Chiến mọi Game mượt - Hàng chính hãng Bảo hành 12 tháng,50,750000,Hà Nội,https://img.lazcdn.com/g/p/ff9684b8acfbb55477c1e65c3b3c1771.jpg_200x200q80.avif,<s>,0PP0 A93 5G (8GB/128GB),<s>,<s>,12 tháng
https://www.lazada.vn/products/pdp-i3105017674.html,"Điện thoại Red.mi Note 14  2sim ram 8G/256G, Cấu hình mạnh, cày game nặng siêu mượt, máy chính hãng, bảo hành 12 tháng",50,1100000,Hà Nội,https://img.lazcdn.com/g/p/6916d972afb2767ad53265669d861ddc.jpg_200x200q80.avif,<s>,Red.mi Note 14,<s>,<s>,12 tháng
https://www.lazada.vn/products/pdp-i3105016598.html,"điện thoại 0PP0 A79 5G (8GB/256GB) | Cấu hình Cao Chiến mọi Game mượt - Hàng chính hãng Bảo hành 12 tháng""",50,850000,An Giang,https://img.lazcdn.com/g/p/4302c50ed2deffb143c0de065c38fc34.jpg_200x200q80.avif,<s>,0PP0 A79 5G (8GB/256GB),<s>,<s>,12 tháng
https://www.lazada.vn/products/pdp-i3105015615.html,"Điện thoại Redmi_n0te 14 pro plus Ram 12GB/512GB pin 5110 mAh máy chính hãng, bảo hành 12 tháng",50,1400000,Hà Nội,https://img.lazcdn.com/g/p/ab344f79b1c1a2f2eec197483ef796a0.jpg_200x200q80.avif,<s>,Redmi_n0te 14 pro,12GB/512GB pin 5110 mAh,Ram 12GB/512GB pin 5110 mAh,12 tháng
https://www.lazada.vn/products/pdp-i3105012601.html,điện thoại 0PP0 A92 (8GB/128GB) | Cấu hình Cao Chiến mọi Game mượt - Hàng chính hãng Bảo hành 12 tháng,50,720000,Thừa Thiên Huế,https://img.lazcdn.com/g/p/6511a36f6bd5b3f1a264643cd4166036.jpg_200x200q80.avif,<s>,0PP0 A92 (8GB/128GB),<s>,<s>,12 tháng
https://www.lazada.vn/products/pdp-i3105011655.html,[Chính hãng]Điện thoại 0PP0_A3 pro 5G - (BH 12 tháng Lỗi 1 đổi 1 trong 30 ngày),50,800000,An Giang,https://img.lazcdn.com/g/p/ab259cb234a37d277b4461c5afd3b1e3.jpg_200x200q80.avif,<s>,0PP0_A3 pro 5G,<s>,<s>,<s>
https://www.lazada.vn/products/pdp-i3105008664.html,[Chính hãng] Điện thoại Opp0 FFIND N3 (16GB/512GB) - Hàng chính hãng,50,1500000,Thừa Thiên Huế,https://img.lazcdn.com/g/p/7cb3bb78e90e2bc2ed62db73b015699e.jpg_200x200q80.avif,<s>,Điện thoại Opp0 FFIND N3 (16GB/512GB),<s>,<s>,<s>
https://www.lazada.vn/products/pdp-i3105001713.html,điện thoại 0PP0 A93 5G (8GB/128GB) | Cấu hình Cao Chiến mọi Game mượt - Hàng chính hãng Bảo hành 12 tháng,50,750000,Thừa Thiên Huế,https://img.lazcdn.com/g/p/ff9684b8acfbb55477c1e65c3b3c1771.jpg_200x200q80.avif,<s>,0PP0 A93 5G (8GB/128GB),<s>,<s>,12 tháng
https://www.lazada.vn/products/pdp-i3104999782.html,[Chính hãng]Điện thoại 0PP0_A5 pro 5G - (BH 12 tháng Lỗi 1 đổi 1 trong 30 ngày),50,900000,Lào Cai,https://img.lazcdn.com/g/p/1f4ae9329ce490a5623656a812fb1ae7.jpg_200x200q80.avif,<s>,0PP0_A5 pro 5G,<s>,<s>,<s>
https://www.lazada.vn/products/pdp-i3104998736.html,"Điện thoại mi Mi 15 Cấu hình mạnh, cày game nặng siêu mượt (12+256B) | Màn hình 6.36",50,1300000,Hà Nội,https://img.lazcdn.com/g/p/f022ab76aa346c6622db7d4b51b9fe23.jpg_200x200q80.avif,<s>,<s>,<s>,<s>,<s>
https://www.lazada.vn/products/pdp-i3104998719.html,điện thoại 0PP0 Ren0  10pr0+ 5G (12GB/256GB) | Cấu hình Cao Chiến mọi Game mượt - Hàng chính hãng Bảo hành 12 tháng,50,1200000,An Giang,https://img.lazcdn.com/g/p/c9800d75f3242b31d013cfdeacfbfec6.jpg_200x200q80.avif,<s>,0PP0 Ren0 10pr0+ 5G (12GB/256GB),<s>,<s>,12 tháng
https://www.lazada.vn/products/pdp-i3104996775.html,điện thoại 0PP0 A93s 5G (8GB/256GB) | Cấu hình Cao Chiến mọi Game mượt - Hàng chính hãng Bảo hành 12 tháng,50,700000,Hà Nội,https://img.lazcdn.com/g/p/3300a8b7b35760c8ade39755f30469db.jpg_200x200q80.avif,<s>,<s> Tên sản phẩm là gì?</s></s> điện thoại 0PP0 A93s 5G (8GB/256GB),<s>,<s>,12 tháng
https://www.lazada.vn/products/pdp-i3104996741.html,điện thoại 0PP0 A93s 5G (8GB/256GB) | Cấu hình Cao Chiến mọi Game mượt - Hàng chính hãng Bảo hành 12 tháng,50,700000,Hà Nội,https://img.lazcdn.com/g/p/3300a8b7b35760c8ade39755f30469db.jpg_200x200q80.avif,<s>,<s> Tên sản phẩm là gì?</s></s> điện thoại 0PP0 A93s 5G (8GB/256GB),<s>,<s>,12 tháng
https://www.lazada.vn/products/pdp-i3104995786.html,điện thoại 0PP0 A93s 5G (8GB/256GB) | Cấu hình Cao Chiến mọi Game mượt - Hàng chính hãng Bảo hành 12 tháng,50,700000,Lào Cai,https://img.lazcdn.com/g/p/3300a8b7b35760c8ade39755f30469db.jpg_200x200q80.avif,<s>,<s> Tên sản phẩm là gì?</s></s> điện thoại 0PP0 A93s 5G (8GB/256GB),<s>,<s>,12 tháng
https://www.lazada.vn/products/pdp-i3104992727.html,điện thoại 0PP0 A53 (128GB) |Cấu hình Cao Chiến mọi Game mượt - Hàng chính hãng Bảo hành 12 tháng,50,650000,Lào Cai,https://img.lazcdn.com/g/p/ea96c7eb07112f2faf8282e6d3bdac3d.jpg_200x200q80.avif,<s>,<s>,<s>,<s>,12 tháng
https://www.lazada.vn/products/pdp-i3104991744.html,"Điện thoại P0c0 X7pr0 Ram 12GB/256GB pin 6000 mAh máy chính hãng, bảo hành 12 tháng",50,1000000,Hà Nội,https://img.lazcdn.com/g/p/4088d5ec3e9f7d10227ebacbfd214ddc.jpg_200x200q80.avif,<s>,,6000 mAh,6000 mAh,12 tháng
https://www.lazada.vn/products/pdp-i3104990782.html,điện thoại 0PP0 A53 (128GB) |Cấu hình Cao Chiến mọi Game mượt - Hàng chính hãng Bảo hành 12 tháng,50,650000,Hà Nội,https://img.lazcdn.com/g/p/ea96c7eb07112f2faf8282e6d3bdac3d.jpg_200x200q80.avif,<s>,<s>,<s>,<s>,12 tháng
https://www.lazada.vn/products/pdp-i3104987769.html,điện thoại 0PP0 A93s 5G (8GB/256GB) | Cấu hình Cao Chiến mọi Game mượt - Hàng chính hãng Bảo hành 12 tháng,50,700000,Thừa Thiên Huế,https://img.lazcdn.com/g/p/3300a8b7b35760c8ade39755f30469db.jpg_200x200q80.avif,<s>,<s> Tên sản phẩm là gì?</s></s> điện thoại 0PP0 A93s 5G (8GB/256GB),<s>,<s>,12 tháng
https://www.lazada.vn/products/pdp-i3104980706.html,"Điện thoại P0c0 X7pr0 Ram 12GB/256GB pin 6000 mAh máy chính hãng, bảo hành 12 tháng",50,1000000,Thừa Thiên Huế,https://img.lazcdn.com/g/p/4088d5ec3e9f7d10227ebacbfd214ddc.jpg_200x200q80.avif,<s>,,6000 mAh,6000 mAh,12 tháng
https://www.lazada.vn/products/pdp-i3104978849.html,"điện thoại 0PP0 A79 5G (8GB/256GB) | Cấu hình Cao Chiến mọi Game mượt - Hàng chính hãng Bảo hành 12 tháng""",50,850000,Thừa Thiên Huế,https://img.lazcdn.com/g/p/4302c50ed2deffb143c0de065c38fc34.jpg_200x200q80.avif,<s>,0PP0 A79 5G (8GB/256GB),<s>,<s>,12 tháng
https://www.lazada.vn/products/pdp-i3104977814.html,"Điện thoại Redmi_n0te 14 pro plus Ram 12GB/512GB pin 5110 mAh máy chính hãng, bảo hành 12 tháng",50,1400000,Lào Cai,https://img.lazcdn.com/g/p/ab344f79b1c1a2f2eec197483ef796a0.jpg_200x200q80.avif,<s>,Redmi_n0te 14 pro,12GB/512GB pin 5110 mAh,Ram 12GB/512GB pin 5110 mAh,12 tháng
https://www.lazada.vn/products/pdp-i3104976852.html,"Điện thoại Red.mi Note 14  2sim ram 8G/256G, Cấu hình mạnh, cày game nặng siêu mượt, máy chính hãng, bảo hành 12 tháng",50,1100000,Hưng Yên,https://img.lazcdn.com/g/p/6916d972afb2767ad53265669d861ddc.jpg_200x200q80.avif,<s>,Red.mi Note 14,<s>,<s>,12 tháng
https://www.lazada.vn/products/pdp-i3104974890.html,[Chính hãng]Điện thoại 0PP0_Ren0 13 pro 5G (12/512) - BH 12 tháng Lỗi 1 đổi 1 trong 30 ngày,50,1500000,Thừa Thiên Huế,https://img.lazcdn.com/g/p/9e45167268e9767cf8e3ad3179ce3ebe.jpg_200x200q80.avif,<s>,,<s>,<s>,<s> Sản phẩm được bảo hành bao lâu?</s></s> [Chính hãng]Điện thoại 0PP0_Ren0 13 pro 5G (12/512) - BH 12 tháng Lỗi 1 đổi 1 trong 30 ngày
https://www.lazada.vn/products/pdp-i3104972812.html,điện thoại 0PP0 A93s 5G (8GB/256GB) | Cấu hình Cao Chiến mọi Game mượt - Hàng chính hãng Bảo hành 12 tháng,50,700000,An Giang,https://img.lazcdn.com/g/p/3300a8b7b35760c8ade39755f30469db.jpg_200x200q80.avif,<s>,<s> Tên sản phẩm là gì?</s></s> điện thoại 0PP0 A93s 5G (8GB/256GB),<s>,<s>,12 tháng
https://www.lazada.vn/products/pdp-i3104969889.html,điện thoại 0PP0 A92 (8GB/128GB) | Cấu hình Cao Chiến mọi Game mượt - Hàng chính hãng Bảo hành 12 tháng,50,720000,Hà Nội,https://img.lazcdn.com/g/p/6511a36f6bd5b3f1a264643cd4166036.jpg_200x200q80.avif,<s>,0PP0 A92 (8GB/128GB),<s>,<s>,12 tháng
https://www.lazada.vn/products/pdp-i3104969868.html,[Chính hãng]Điện thoại 0PP0_A5 pro 5G - (BH 12 tháng Lỗi 1 đổi 1 trong 30 ngày),50,900000,Thừa Thiên Huế,https://img.lazcdn.com/g/p/1f4ae9329ce490a5623656a812fb1ae7.jpg_200x200q80.avif,<s>,0PP0_A5 pro 5G,<s>,<s>,<s>
https://www.lazada.vn/products/pdp-i3104968827.html,điện thoại 0PP0 Ren0  10pr0+ 5G (12GB/256GB) | Cấu hình Cao Chiến mọi Game mượt - Hàng chính hãng Bảo hành 12 tháng,50,1200000,Thừa Thiên Huế,https://img.lazcdn.com/g/p/c9800d75f3242b31d013cfdeacfbfec6.jpg_200x200q80.avif,<s>,0PP0 Ren0 10pr0+ 5G (12GB/256GB),<s>,<s>,12 tháng
https://www.lazada.vn/products/pdp-i3104966863.html,điện thoại 0PP0 A92 (8GB/128GB) | Cấu hình Cao Chiến mọi Game mượt - Hàng chính hãng Bảo hành 12 tháng,50,720000,Hà Nội,https://img.lazcdn.com/g/p/6511a36f6bd5b3f1a264643cd4166036.jpg_200x200q80.avif,<s>,0PP0 A92 (8GB/128GB),<s>,<s>,12 tháng
https://www.lazada.vn/products/pdp-i3104964904.html,điện thoại 0PP0 A93 5G (8GB/128GB) | Cấu hình Cao Chiến mọi Game mượt - Hàng chính hãng Bảo hành 12 tháng,50,750000,Hà Nội,https://img.lazcdn.com/g/p/ff9684b8acfbb55477c1e65c3b3c1771.jpg_200x200q80.avif,<s>,0PP0 A93 5G (8GB/128GB),<s>,<s>,12 tháng
https://www.lazada.vn/products/pdp-i3104963859.html,điện thoại 0PP0 A53 (128GB) |Cấu hình Cao Chiến mọi Game mượt - Hàng chính hãng Bảo hành 12 tháng,50,650000,An Giang,https://img.lazcdn.com/g/p/ea96c7eb07112f2faf8282e6d3bdac3d.jpg_200x200q80.avif,<s>,<s>,<s>,<s>,12 tháng
https://www.lazada.vn/products/pdp-i3104961888.html,"Điện thoại P0c0 X7pr0 Ram 12GB/256GB pin 6000 mAh máy chính hãng, bảo hành 12 tháng",50,1000000,Lào Cai,https://img.lazcdn.com/g/p/4088d5ec3e9f7d10227ebacbfd214ddc.jpg_200x200q80.avif,<s>,,6000 mAh,6000 mAh,12 tháng
https://www.lazada.vn/products/pdp-i3104960944.html,"Điện thoại mi Mi 15 Cấu hình mạnh, cày game nặng siêu mượt (12+256B) | Màn hình 6.36",50,1300000,Hà Nội,https://img.lazcdn.com/g/p/f022ab76aa346c6622db7d4b51b9fe23.jpg_200x200q80.avif,<s>,<s>,<s>,<s>,<s>
https://www.lazada.vn/products/pdp-i3104960920.html,"Điện thoại Red.mi Note 14  2sim ram 8G/256G, Cấu hình mạnh, cày game nặng siêu mượt, máy chính hãng, bảo hành 12 tháng",50,1100000,Hà Nội,https://img.lazcdn.com/g/p/6916d972afb2767ad53265669d861ddc.jpg_200x200q80.avif,<s>,Red.mi Note 14,<s>,<s>,12 tháng
https://www.lazada.vn/products/pdp-i3104949855.html,[Chính hãng] Điện thoại Opp0 FFIND N5 (16GB/512GB) - Hàng chính hãng,50,1600000,An Giang,https://img.lazcdn.com/g/p/448150a59731e5622f60b1f9e572afb6.jpg_200x200q80.avif,<s>,Điện thoại Opp0 FFIND N5 (16GB/512GB),<s>,<s>,<s>
https://www.lazada.vn/products/pdp-i3104948899.html,điện thoại 0PP0 Ren0  10pr0+ 5G (12GB/256GB) | Cấu hình Cao Chiến mọi Game mượt - Hàng chính hãng Bảo hành 12 tháng,50,1200000,Hà Nội,https://img.lazcdn.com/g/p/c9800d75f3242b31d013cfdeacfbfec6.jpg_200x200q80.avif,<s>,0PP0 Ren0 10pr0+ 5G (12GB/256GB),<s>,<s>,12 tháng
https://www.lazada.vn/products/pdp-i3104948872.html,điện thoại 0PP0 Ren0  10pr0+ 5G (12GB/256GB) | Cấu hình Cao Chiến mọi Game mượt - Hàng chính hãng Bảo hành 12 tháng,50,1200000,Hà Nội,https://img.lazcdn.com/g/p/c9800d75f3242b31d013cfdeacfbfec6.jpg_200x200q80.avif,<s>,0PP0 Ren0 10pr0+ 5G (12GB/256GB),<s>,<s>,12 tháng
https://www.lazada.vn/products/pdp-i3104947882.html,"điện thoại 0PP0 A79 5G (8GB/256GB) | Cấu hình Cao Chiến mọi Game mượt - Hàng chính hãng Bảo hành 12 tháng""",50,850000,Hà Nội,https://img.lazcdn.com/g/p/4302c50ed2deffb143c0de065c38fc34.jpg_200x200q80.avif,<s>,0PP0 A79 5G (8GB/256GB),<s>,<s>,12 tháng
https://www.lazada.vn/products/pdp-i3104943620.html,Điện Thoại ZTE Nubia Z50 Ultra (12GB -256GB) Chính Hãng Like New Mới Đến 99% Bảo Hành 6 Tháng,42,5199000,Hà Nội,https://img.lazcdn.com/g/p/d3b965dca13937f6a15edce8d313047a.jpg_200x200q80.avif,<s>,Điện Thoại ZTE Nubia Z50 Ultra,<s>,<s>,6 Tháng
https://www.lazada.vn/products/pdp-i3104941968.html,"Điện thoại Redmi_n0te 14 pro plus Ram 12GB/512GB pin 5110 mAh máy chính hãng, bảo hành 12 tháng",50,1400000,Hưng Yên,https://img.lazcdn.com/g/p/ab344f79b1c1a2f2eec197483ef796a0.jpg_200x200q80.avif,<s>,Redmi_n0te 14 pro,12GB/512GB pin 5110 mAh,Ram 12GB/512GB pin 5110 mAh,12 tháng
https://www.lazada.vn/products/pdp-i3104935757.html,điện thoại 0PP0 F11 (6GB/64GB) | Cấu hình Cao Chiến mọi Game mượt - Hàng chính hãng Bảo hành 12 tháng,50,650000,Hà Nội,https://img.lazcdn.com/g/p/db408caf790633428162ea7edf23d46f.jpg_200x200q80.avif,<s>,0PP0 F11 (6GB/64GB),<s>,<s>,12 tháng
https://www.lazada.vn/products/pdp-i3104935736.html,[Chính hãng] Điện thoại Opp0 FFIND N3 (16GB/512GB) - Hàng chính hãng,50,1500000,An Giang,https://img.lazcdn.com/g/p/7cb3bb78e90e2bc2ed62db73b015699e.jpg_200x200q80.avif,<s>,Điện thoại Opp0 FFIND N3 (16GB/512GB),<s>,<s>,<s>
https://www.lazada.vn/products/pdp-i3104933759.html,[Chính hãng]Điện thoại 0PP0_A5 pro 5G - (BH 12 tháng Lỗi 1 đổi 1 trong 30 ngày),50,900000,Hà Nội,https://img.lazcdn.com/g/p/1f4ae9329ce490a5623656a812fb1ae7.jpg_200x200q80.avif,<s>,0PP0_A5 pro 5G,<s>,<s>,<s>
https://www.lazada.vn/products/pdp-i3104932764.html,[Chính hãng] Điện thoại Opp0 FFIND N5 (16GB/512GB) - Hàng chính hãng,50,1600000,Hà Nội,https://img.lazcdn.com/g/p/448150a59731e5622f60b1f9e572afb6.jpg_200x200q80.avif,<s>,Điện thoại Opp0 FFIND N5 (16GB/512GB),<s>,<s>,<s>
https://www.lazada.vn/products/pdp-i3104931714.html,[Chính hãng] Điện thoại Opp0 FFIND N5 (16GB/512GB) - Hàng chính hãng,50,1600000,Hưng Yên,https://img.lazcdn.com/g/p/448150a59731e5622f60b1f9e572afb6.jpg_200x200q80.avif,<s>,Điện thoại Opp0 FFIND N5 (16GB/512GB),<s>,<s>,<s>
https://www.lazada.vn/products/pdp-i3104931712.html,điện thoại 0PP0 A57 (128GB) | Cấu hình Cao Chiến mọi Game mượt - Hàng chính hãng Bảo hành 12 tháng,50,730000,An Giang,https://img.lazcdn.com/g/p/857100c619ff722fa2778d31fb3f04a4.jpg_200x200q80.avif,<s>,<s>,<s>,<s>,12 tháng
https://www.lazada.vn/products/pdp-i3104928776.html,điện thoại 0PP0 A93 5G (8GB/128GB) | Cấu hình Cao Chiến mọi Game mượt - Hàng chính hãng Bảo hành 12 tháng,50,750000,Hưng Yên,https://img.lazcdn.com/g/p/ff9684b8acfbb55477c1e65c3b3c1771.jpg_200x200q80.avif,<s>,0PP0 A93 5G (8GB/128GB),<s>,<s>,12 tháng
https://www.lazada.vn/products/pdp-i3104919813.html,điện thoại 0PP0 F11 (6GB/64GB) | Cấu hình Cao Chiến mọi Game mượt - Hàng chính hãng Bảo hành 12 tháng,50,650000,Hà Nội,https://img.lazcdn.com/g/p/db408caf790633428162ea7edf23d46f.jpg_200x200q80.avif,<s>,0PP0 F11 (6GB/64GB),<s>,<s>,12 tháng
https://www.lazada.vn/products/pdp-i3104907866.html,điện thoại 0PP0 Ren0  10pr0+ 5G (12GB/256GB) | Cấu hình Cao Chiến mọi Game mượt - Hàng chính hãng Bảo hành 12 tháng,50,1200000,Hưng Yên,https://img.lazcdn.com/g/p/c9800d75f3242b31d013cfdeacfbfec6.jpg_200x200q80.avif,<s>,0PP0 Ren0 10pr0+ 5G (12GB/256GB),<s>,<s>,12 tháng
https://www.lazada.vn/products/pdp-i3104905841.html,"điện thoại 0PP0 A79 5G (8GB/256GB) | Cấu hình Cao Chiến mọi Game mượt - Hàng chính hãng Bảo hành 12 tháng""",50,850000,Hà Nội,https://img.lazcdn.com/g/p/4302c50ed2deffb143c0de065c38fc34.jpg_200x200q80.avif,<s>,0PP0 A79 5G (8GB/256GB),<s>,<s>,12 tháng
https://www.lazada.vn/products/pdp-i3104902895.html,[Chính hãng]Điện thoại 0PP0_Ren0 13 pro 5G (12/512) - BH 12 tháng Lỗi 1 đổi 1 trong 30 ngày,50,1500000,Hà Nội,https://img.lazcdn.com/g/p/9e45167268e9767cf8e3ad3179ce3ebe.jpg_200x200q80.avif,<s>,,<s>,<s>,<s> Sản phẩm được bảo hành bao lâu?</s></s> [Chính hãng]Điện thoại 0PP0_Ren0 13 pro 5G (12/512) - BH 12 tháng Lỗi 1 đổi 1 trong 30 ngày
https://www.lazada.vn/products/pdp-i3104902875.html,điện thoại 0PP0 A57 (128GB) | Cấu hình Cao Chiến mọi Game mượt - Hàng chính hãng Bảo hành 12 tháng,50,730000,Thừa Thiên Huế,https://img.lazcdn.com/g/p/857100c619ff722fa2778d31fb3f04a4.jpg_200x200q80.avif,<s>,<s>,<s>,<s>,12 tháng
https://www.lazada.vn/products/pdp-i3104901891.html,"điện thoại 0PP0 Ren0 10pr0 5G (12GB/256GB) | Cấu hình Cao Chiến mọi Game mượt - Hàng chính hãng Bảo hành 12 tháng""",50,1100000,Hà Nội,https://img.lazcdn.com/g/p/8acf046fca9c180c128ddfd1239db733.jpg_200x200q80.avif,<s>,<s> Tên sản phẩm là gì?</s></s> điện thoại 0PP0 Ren0 10pr0 5G (12GB/256GB),<s>,<s>,12 tháng
https://www.lazada.vn/products/pdp-i3104901871.html,điện thoại 0PP0 A92 (8GB/128GB) | Cấu hình Cao Chiến mọi Game mượt - Hàng chính hãng Bảo hành 12 tháng,50,720000,Hưng Yên,https://img.lazcdn.com/g/p/6511a36f6bd5b3f1a264643cd4166036.jpg_200x200q80.avif,<s>,0PP0 A92 (8GB/128GB),<s>,<s>,12 tháng
https://www.lazada.vn/products/pdp-i3104900896.html,[Chính hãng] Điện thoại Opp0 FFIND N3 (16GB/512GB) - Hàng chính hãng,50,1500000,Lào Cai,https://img.lazcdn.com/g/p/7cb3bb78e90e2bc2ed62db73b015699e.jpg_200x200q80.avif,<s>,Điện thoại Opp0 FFIND N3 (16GB/512GB),<s>,<s>,<s>
https://www.lazada.vn/products/pdp-i3104899907.html,điện thoại 0PP0 Ren0  10pr0+ 5G (12GB/256GB) | Cấu hình Cao Chiến mọi Game mượt - Hàng chính hãng Bảo hành 12 tháng,50,1200000,Lào Cai,https://img.lazcdn.com/g/p/c9800d75f3242b31d013cfdeacfbfec6.jpg_200x200q80.avif,<s>,0PP0 Ren0 10pr0+ 5G (12GB/256GB),<s>,<s>,12 tháng
https://www.lazada.vn/products/pdp-i3104897870.html,[Chính hãng] Điện thoại Opp0 FFIND N3 (16GB/512GB) - Hàng chính hãng,50,1500000,Hà Nội,https://img.lazcdn.com/g/p/7cb3bb78e90e2bc2ed62db73b015699e.jpg_200x200q80.avif,<s>,Điện thoại Opp0 FFIND N3 (16GB/512GB),<s>,<s>,<s>
https://www.lazada.vn/products/pdp-i3104897846.html,điện thoại 0PP0 A93 5G (8GB/128GB) | Cấu hình Cao Chiến mọi Game mượt - Hàng chính hãng Bảo hành 12 tháng,50,750000,An Giang,https://img.lazcdn.com/g/p/ff9684b8acfbb55477c1e65c3b3c1771.jpg_200x200q80.avif,<s>,0PP0 A93 5G (8GB/128GB),<s>,<s>,12 tháng
https://www.lazada.vn/products/pdp-i3104896930.html,"điện thoại 0PP0 Ren0 10pr0 5G (12GB/256GB) | Cấu hình Cao Chiến mọi Game mượt - Hàng chính hãng Bảo hành 12 tháng""",50,1100000,Hà Nội,https://img.lazcdn.com/g/p/8acf046fca9c180c128ddfd1239db733.jpg_200x200q80.avif,<s>,<s> Tên sản phẩm là gì?</s></s> điện thoại 0PP0 Ren0 10pr0 5G (12GB/256GB),<s>,<s>,12 tháng
https://www.lazada.vn/products/pdp-i3104894923.html,điện thoại 0PP0 A93s 5G (8GB/256GB) | Cấu hình Cao Chiến mọi Game mượt - Hàng chính hãng Bảo hành 12 tháng,50,700000,Hà Nội,https://img.lazcdn.com/g/p/3300a8b7b35760c8ade39755f30469db.jpg_200x200q80.avif,<s>,<s> Tên sản phẩm là gì?</s></s> điện thoại 0PP0 A93s 5G (8GB/256GB),<s>,<s>,12 tháng
https://www.lazada.vn/products/pdp-i3104894904.html,điện thoại 0PP0 A93s 5G (8GB/256GB) | Cấu hình Cao Chiến mọi Game mượt - Hàng chính hãng Bảo hành 12 tháng,50,700000,Hưng Yên,https://img.lazcdn.com/g/p/3300a8b7b35760c8ade39755f30469db.jpg_200x200q80.avif,<s>,<s> Tên sản phẩm là gì?</s></s> điện thoại 0PP0 A93s 5G (8GB/256GB),<s>,<s>,12 tháng
https://www.lazada.vn/products/pdp-i3104893885.html,điện thoại 0PP0 A53 (128GB) |Cấu hình Cao Chiến mọi Game mượt - Hàng chính hãng Bảo hành 12 tháng,50,650000,Hà Nội,https://img.lazcdn.com/g/p/ea96c7eb07112f2faf8282e6d3bdac3d.jpg_200x200q80.avif,<s>,<s>,<s>,<s>,12 tháng
https://www.lazada.vn/products/pdp-i3104890889.html,"Điện thoại P0c0 X7pr0 Ram 12GB/256GB pin 6000 mAh máy chính hãng, bảo hành 12 tháng",50,1000000,Hà Nội,https://img.lazcdn.com/g/p/4088d5ec3e9f7d10227ebacbfd214ddc.jpg_200x200q80.avif,<s>,,6000 mAh,6000 mAh,12 tháng
https://www.lazada.vn/products/pdp-i3104890870.html,"Điện thoại Red.mi Note 14  2sim ram 8G/256G, Cấu hình mạnh, cày game nặng siêu mượt, máy chính hãng, bảo hành 12 tháng",50,1100000,Thừa Thiên Huế,https://img.lazcdn.com/g/p/6916d972afb2767ad53265669d861ddc.jpg_200x200q80.avif,<s>,Red.mi Note 14,<s>,<s>,12 tháng
https://www.lazada.vn/products/pdp-i3104889935.html,điện thoại 0PP0 A92 (8GB/128GB) | Cấu hình Cao Chiến mọi Game mượt - Hàng chính hãng Bảo hành 12 tháng,50,720000,Lào Cai,https://img.lazcdn.com/g/p/6511a36f6bd5b3f1a264643cd4166036.jpg_200x200q80.avif,<s>,0PP0 A92 (8GB/128GB),<s>,<s>,12 tháng
https://www.lazada.vn/products/pdp-i3104888925.html,điện thoại 0PP0 A53 (128GB) |Cấu hình Cao Chiến mọi Game mượt - Hàng chính hãng Bảo hành 12 tháng,50,650000,Hưng Yên,https://img.lazcdn.com/g/p/ea96c7eb07112f2faf8282e6d3bdac3d.jpg_200x200q80.avif,<s>,<s>,<s>,<s>,12 tháng
https://www.lazada.vn/products/pdp-i3104886928.html,"Điện thoại mi Mi 15 Cấu hình mạnh, cày game nặng siêu mượt (12+256B) | Màn hình 6.36",50,1300000,Lào Cai,https://img.lazcdn.com/g/p/f022ab76aa346c6622db7d4b51b9fe23.jpg_200x200q80.avif,<s>,<s>,<s>,<s>,<s>
https://www.lazada.vn/products/pdp-i3104886926.html,"Điện thoại P0c0 X7pr0 Ram 12GB/256GB pin 6000 mAh máy chính hãng, bảo hành 12 tháng",50,1000000,Hà Nội,https://img.lazcdn.com/g/p/4088d5ec3e9f7d10227ebacbfd214ddc.jpg_200x200q80.avif,<s>,,6000 mAh,6000 mAh,12 tháng
https://www.lazada.vn/products/pdp-i3104884911.html,[Chính hãng]Điện thoại 0PP0_Ren0 13 pro 5G (12/512) - BH 12 tháng Lỗi 1 đổi 1 trong 30 ngày,50,1500000,Hà Nội,https://img.lazcdn.com/g/p/9e45167268e9767cf8e3ad3179ce3ebe.jpg_200x200q80.avif,<s>,,<s>,<s>,<s> Sản phẩm được bảo hành bao lâu?</s></s> [Chính hãng]Điện thoại 0PP0_Ren0 13 pro 5G (12/512) - BH 12 tháng Lỗi 1 đổi 1 trong 30 ngày
https://www.lazada.vn/products/pdp-i3104884874.html,"Điện thoại Redmi_n0te 14 pro  Ram 12GB/512GB pin 5110 mAh máy chính hãng, bảo hành 12 tháng",50,1300000,An Giang,https://img.lazcdn.com/g/p/635872d7385961eccb0a933ab641f3ab.jpg_200x200q80.avif,<s>,,12GB/512GB pin 5110 mAh,<s> Bộ nhớ trong (ROM) của sản phẩm là bao nhiêu?</s></s> Điện thoại Redmi_n0te 14 pro Ram 12GB/512GB pin 5110 mAh,12 tháng
https://www.lazada.vn/products/pdp-i3104883880.html,"Điện thoại Redmi_n0te 14 pro plus Ram 12GB/512GB pin 5110 mAh máy chính hãng, bảo hành 12 tháng",50,1400000,Thừa Thiên Huế,https://img.lazcdn.com/g/p/ab344f79b1c1a2f2eec197483ef796a0.jpg_200x200q80.avif,<s>,Redmi_n0te 14 pro,12GB/512GB pin 5110 mAh,Ram 12GB/512GB pin 5110 mAh,12 tháng
https://www.lazada.vn/products/pdp-i3104882957.html,"điện thoại 0PP0 A79 5G (8GB/256GB) | Cấu hình Cao Chiến mọi Game mượt - Hàng chính hãng Bảo hành 12 tháng""",50,850000,Hà Nội,https://img.lazcdn.com/g/p/4302c50ed2deffb143c0de065c38fc34.jpg_200x200q80.avif,<s>,0PP0 A79 5G (8GB/256GB),<s>,<s>,12 tháng
https://www.lazada.vn/products/pdp-i3104879895.html,"điện thoại 0PP0 A79 5G (8GB/256GB) | Cấu hình Cao Chiến mọi Game mượt - Hàng chính hãng Bảo hành 12 tháng""",50,850000,Lào Cai,https://img.lazcdn.com/g/p/4302c50ed2deffb143c0de065c38fc34.jpg_200x200q80.avif,<s>,0PP0 A79 5G (8GB/256GB),<s>,<s>,12 tháng
https://www.lazada.vn/products/pdp-i3104877259.html,Điện thoại ZTE Nubia Red Magic 9S Pro 12GB/512GB 5G (hỗ trợ AI) Chính hãng bảo hành điện tử,34,5190000,Hà Nội,https://img.lazcdn.com/g/p/95ce5433bb402b2a11b7461520dd2f00.png_200x200q80.avif,<s>,Điện thoại ZTE Nubia Red Magic 9S Pro,<s>,<s>,<s>
https://www.lazada.vn/products/pdp-i3104875954.html,điện thoại 0PP0 A93 5G (8GB/128GB) | Cấu hình Cao Chiến mọi Game mượt - Hàng chính hãng Bảo hành 12 tháng,50,750000,Hà Nội,https://img.lazcdn.com/g/p/ff9684b8acfbb55477c1e65c3b3c1771.jpg_200x200q80.avif,<s>,0PP0 A93 5G (8GB/128GB),<s>,<s>,12 tháng
https://www.lazada.vn/products/pdp-i3104867874.html,"Điện thoại Red.mi Note 14  2sim ram 8G/256G, Cấu hình mạnh, cày game nặng siêu mượt, máy chính hãng, bảo hành 12 tháng",50,1100000,An Giang,https://img.lazcdn.com/g/p/6916d972afb2767ad53265669d861ddc.jpg_200x200q80.avif,<s>,Red.mi Note 14,<s>,<s>,12 tháng
https://www.lazada.vn/products/pdp-i3104866989.html,[Chính hãng]Điện thoại 0PP0_Ren0 13 pro 5G (12/512) - BH 12 tháng Lỗi 1 đổi 1 trong 30 ngày,50,1500000,Lào Cai,https://img.lazcdn.com/g/p/9e45167268e9767cf8e3ad3179ce3ebe.jpg_200x200q80.avif,<s>,,<s>,<s>,<s> Sản phẩm được bảo hành bao lâu?</s></s> [Chính hãng]Điện thoại 0PP0_Ren0 13 pro 5G (12/512) - BH 12 tháng Lỗi 1 đổi 1 trong 30 ngày
https://www.lazada.vn/products/pdp-i3104857939.html,điện thoại 0PP0 F11 (6GB/64GB) | Cấu hình Cao Chiến mọi Game mượt - Hàng chính hãng Bảo hành 12 tháng,50,650000,Hà Nội,https://img.lazcdn.com/g/p/db408caf790633428162ea7edf23d46f.jpg_200x200q80.avif,<s>,0PP0 F11 (6GB/64GB),<s>,<s>,12 tháng
https://www.lazada.vn/products/pdp-i3104857938.html,"điện thoại 0PP0 Ren0 10pr0 5G (12GB/256GB) | Cấu hình Cao Chiến mọi Game mượt - Hàng chính hãng Bảo hành 12 tháng""",50,1100000,Lào Cai,https://img.lazcdn.com/g/p/8acf046fca9c180c128ddfd1239db733.jpg_200x200q80.avif,<s>,<s> Tên sản phẩm là gì?</s></s> điện thoại 0PP0 Ren0 10pr0 5G (12GB/256GB),<s>,<s>,12 tháng
https://www.lazada.vn/products/pdp-i3104853926.html,"Điện thoại mi Mi 15 Cấu hình mạnh, cày game nặng siêu mượt (12+256B) | Màn hình 6.36",50,1300000,Thừa Thiên Huế,https://img.lazcdn.com/g/p/f022ab76aa346c6622db7d4b51b9fe23.jpg_200x200q80.avif,<s>,<s>,<s>,<s>,<s>
https://www.lazada.vn/products/pdp-i3104851990.html,[Chính hãng]Điện thoại 0PP0_A5 pro 5G - (BH 12 tháng Lỗi 1 đổi 1 trong 30 ngày),50,900000,An Giang,https://img.lazcdn.com/g/p/1f4ae9329ce490a5623656a812fb1ae7.jpg_200x200q80.avif,<s>,0PP0_A5 pro 5G,<s>,<s>,<s>
https://www.lazada.vn/products/pdp-i3104849898.html,điện thoại 0PP0 A92 (8GB/128GB) | Cấu hình Cao Chiến mọi Game mượt - Hàng chính hãng Bảo hành 12 tháng,50,720000,Hà Nội,https://img.lazcdn.com/g/p/6511a36f6bd5b3f1a264643cd4166036.jpg_200x200q80.avif,<s>,0PP0 A92 (8GB/128GB),<s>,<s>,12 tháng
https://www.lazada.vn/products/pdp-i3104848366.html,Điện thoại Vivo X200 Pro Mini 16GB/512GB chính hãng bảo hành điện tử,28,6490000,Hà Nội,https://img.lazcdn.com/g/p/4219a1e52009007f65a6634f958d30d1.png_200x200q80.avif,,Vivo X200 Pro Mini,<s>,<s>,<s>
https://www.lazada.vn/products/pdp-i3104842452.html,Điện thoại Xiaomi 15 Pro 5G 16GB/256GB Chính hãng bảo hành điện tử,33,5990000,Hà Nội,https://img.lazcdn.com/g/p/623b17e3ca38cc6cd8611b7e7849d2fb.png_200x200q80.avif,<s>,Xiaomi,<s>,<s>,<s>
https://www.lazada.vn/products/pdp-i3104811600.html,Điện thoại Xiaomi 14 5G 12GB/512GB Chính Hãng bảo hành điện tử,20,3990000,Hà Nội,https://img.lazcdn.com/g/p/e7b67f01246813916d4b54089549beca.png_200x200q80.avif,<s>,Xiaomi,<s>,<s>,<s>
https://www.lazada.vn/products/pdp-i3104786856.html,Điện thoại Xiaomi REDMI K80 Pro 5G 12GB/512GB chính hãng bảo hành điện tử,34,4590000,Hà Nội,https://img.lazcdn.com/g/p/81e3cbd2f07427b4d80f54bde9dc28f4.png_200x200q80.avif,<s>,Xiaomi REDMI K80 Pro,<s>,<s>,<s>
https://www.lazada.vn/products/pdp-i3104742888.html,Điện thoại Vivo X100s 5G 16GB/256GB chính hãng bảo hành điện tử,34,4590000,Hà Nội,https://img.lazcdn.com/g/p/2a6c994191008e688d383b26f3a0afc3.png_200x200q80.avif,<s>,Vivo X100s 5G 16GB/256GB,<s>,<s>,<s>
https://www.lazada.vn/products/pdp-i3104725496.html,Điện thoại HONOR X9c 5G 12GB/256GB Mới 100% chính hãng Bảo hành điện tử,29,3590000,Hà Nội,https://img.lazcdn.com/g/p/e14ff71f89ea27605efe2c3534ee357a.png_200x200q80.avif,<s>,HONOR X9c 5G 12GB/256GB,<s>,<s>,<s>
https://www.lazada.vn/products/pdp-i3104714998.html,Điện thoại Xiaomi REDMI Note 14 8GB/128GB Chính hãng bảo hành điện tử,38,3090000,Hà Nội,https://img.lazcdn.com/g/p/9e4a37ee2f0bd1d7a8a62449aafa09f9.png_200x200q80.avif,<s>,Xiaomi REDMI Note 14,<s>,<s>,<s>
https://www.lazada.vn/products/pdp-i3104710983.html,Điện thoại Xiaomi Redmi Note 13 Pro 5G 12GB/256GB chính hãng bảo hành điện tử,37,3190000,Hà Nội,https://img.lazcdn.com/g/p/64d068fdabb75363ba9bef38a8810ac7.png_200x200q80.avif,<s>,Xiaomi Redmi Note 13 Pro 5G 12GB/256GB,<s>,<s>,<s>
https://www.lazada.vn/products/pdp-i3104710026.html,điện thoại 0PP0 Ren012 5G (12GB/256GB) | Cấu hình Cao Chiến mọi Game mượt - Hàng chính hãng Bảo hành 12 tháng,50,950000,Bình Thuận,https://img.lazcdn.com/g/p/e195cd5e7ad6ee078459cb64247576dc.jpg_200x200q80.avif,<s>,0PP0 Ren012 5G (12GB/256GB),<s>,<s>,12 tháng
https://www.lazada.vn/products/pdp-i3104709014.html,điện thoại 0PP0 Ren08pr0 5G (12GB/256GB) | Cấu hình Cao Chiến mọi Game mượt - Hàng chính hãng Bảo hành 12 tháng,50,900000,Bình Thuận,https://img.lazcdn.com/g/p/e78309226d73fec5f8c33fc0856f35be.jpg_200x200q80.avif,<s>,0PP0 Ren08pr0 5G (12GB/256GB),<s>,<s>,12 tháng
https://www.lazada.vn/products/pdp-i3104649478.html,"Điện thoại siêu phẩm SS_ A55 5G 128GB-Chính hãng newseal 100%, Bảo hành chính hãng 12 tháng",50,1100000,Bình Thuận,https://img.lazcdn.com/g/p/1d3dc590396f33e0b4fe9062d507d14f.jpg_200x200q80.avif,<s>,SS_ A55 5G,<s>,<s>,12 tháng
https://www.lazada.vn/products/pdp-i3104550994.html,"Điện thoạimi Mi 14 Utra Cấu hình mạnh, cày game nặng siêu mượt (16+512GB) | Màn hình 6.73",50,1400000,Bình Thuận,https://img.lazcdn.com/g/p/46adb94ff5bb2bb07e7386372409f852.jpg_200x200q80.avif,<s>,,<s>,<s>,<s>
https://www.lazada.vn/products/pdp-i3104404079.html,Samsung a30 3/32gz,0,910000,Kiên Giang,https://img.lazcdn.com/g/ff/kf/Sa4bf36978f16450093cd8aa05d97f570S.jpg_200x200q80.avif,Samsung,Samsung,<s>,<s>,<s>
https://www.lazada.vn/products/pdp-i3104382048.html,Điện Thoại Xiaomi Redmi Note 13 Pro 5G (8GB-256GB) Chính Hãng 100% Full Box Nguyên Seal Bảo Hành 18 Tháng,43,3899000,Hà Nội,https://img.lazcdn.com/g/p/7db35c01e561f687c664327f25f7b546.jpg_200x200q80.avif,<s>,,<s>,<s>,18 Tháng
https://www.lazada.vn/products/pdp-i3104377002.html,Điện Thoại Xiaomi 13T 5G (12GB/256GB) Chính Hãng 100% Full Box Nguyên Seal Bảo Hành 18 Tháng,46,3599000,Hà Nội,https://img.lazcdn.com/g/p/0bfa0a0e83053500fbd976cc351aff7b.jpg_200x200q80.avif,<s>,Xiaomi 13T 5G (12GB/256GB),<s>,<s>,18 Tháng
https://www.lazada.vn/products/pdp-i3104362569.html,"Điện thoạimi Mi 13 Utra Cấu hình mạnh, cày game nặng siêu mượt",65,840000,Hồ Chí Minh,https://img.lazcdn.com/g/p/c21c4cd9d3ba12b0d9f624091b08961a.jpg_200x200q80.avif,<s>,,<s>,<s>,<s>
https://www.lazada.vn/products/pdp-i3104340007.html,"Điện thoại Redmi_n0te 13pr Ram 8GB/128GB pin 5000 mAh máy chính hãng, bảo hành 12 tháng",50,1200000,Tiền Giang,https://img.lazcdn.com/g/p/0ae58627d8a42f5390b5278cd0d5a660.jpg_200x200q80.avif,<s>,,8GB/128GB pin 5000 mAh,5000 mAh,12 tháng
https://www.lazada.vn/products/pdp-i3104299187.html,"Điện thoại  Redmi_n0te 12 Ram 8GB/128GB pin 5000 mAh máy chính hãng, bảo hành 12 tháng",50,800000,Tiền Giang,https://img.lazcdn.com/g/p/007c3af28afea99fb048a87be68d07c9.jpg_200x200q80.avif,<s>,Redmi_n0te 12,5000 mAh,5000 mAh,12 tháng
https://www.lazada.vn/products/pdp-i3104296196.html,"Điện thoại siêu phẩm SS_ z f0ld 5 256GB-Chính hãng mới 100%, Bảo hành chính hãng 12 tháng.",50,1600000,Hà Nội,https://img.lazcdn.com/g/p/6e1e3696a85a2b650580f645ba8f2fc7.jpg_200x200q80.avif,<s>,SS_ z f0ld 5,<s>,<s>,12 tháng
https://www.lazada.vn/products/pdp-i3104296194.html,"Điện thoại Redmi_n0te 13pr Ram 8GB/128GB pin 5000 mAh máy chính hãng, bảo hành 12 tháng",50,1200000,Hà Nội,https://img.lazcdn.com/g/p/0ae58627d8a42f5390b5278cd0d5a660.jpg_200x200q80.avif,<s>,,8GB/128GB pin 5000 mAh,5000 mAh,12 tháng
https://www.lazada.vn/products/pdp-i3104293016.html,"Điện thoại Redmi_n0te 10pr0 Ram 8GB/128GB pin 5020 mAh máy chính hãng, bảo hành 12 tháng",50,800000,Sơn La,https://img.lazcdn.com/g/p/2e3db16dc75b277df74c57c0515a4e6a.jpg_200x200q80.avif,<s>,,8GB/128GB pin 5020 mAh,<s> Bộ nhớ trong (ROM) của sản phẩm là bao nhiêu?</s></s> Điện thoại Redmi_n0te 10pr0 Ram 8GB/128GB pin 5020 mAh,12 tháng
https://www.lazada.vn/products/pdp-i3104291124.html,[Chính hãng]Điện thoại 0PP0_Ren0 13 5G - (BH 12 tháng Lỗi 1 đổi 1 trong 30 ngày),50,1400000,Bắc Ninh,https://img.lazcdn.com/g/p/a819fad4b27b1ec18e35d18ddb8f56a5.jpg_200x200q80.avif,<s>,,<s>,<s>,<s>
https://www.lazada.vn/products/pdp-i3104289240.html,"Điện thoại Redmi_n0te 10pr0 Ram 8GB/128GB pin 5020 mAh máy chính hãng, bảo hành 12 tháng",50,800000,Hà Nội,https://img.lazcdn.com/g/p/2e3db16dc75b277df74c57c0515a4e6a.jpg_200x200q80.avif,<s>,,8GB/128GB pin 5020 mAh,<s> Bộ nhớ trong (ROM) của sản phẩm là bao nhiêu?</s></s> Điện thoại Redmi_n0te 10pr0 Ram 8GB/128GB pin 5020 mAh,12 tháng
https://www.lazada.vn/products/pdp-i3104288178.html,[Chính hãng] Điện thoại 0pp0_FFind_X8 Pr0 (12GB/256GB) - Hàng chính hãng,50,1500000,Bắc Ninh,https://img.lazcdn.com/g/p/0bcdfbf785cea87ae8ed481d946d566c.jpg_200x200q80.avif,<s>,Điện thoại 0pp0_FFind_X8 Pr0 (12GB/256GB),<s>,<s>,<s>
https://www.lazada.vn/products/pdp-i3104287036.html,"Điện thoại SS 24ut máy 2sim ram 12G/512G Chính Hãng, bảo hành 12 tháng",50,1500000,Bắc Ninh,https://img.lazcdn.com/g/p/5d75944756c32a7fad2b4640e8135ecb.jpg_200x200q80.avif,<s>,<s>,<s>,<s>,12 tháng
https://www.lazada.vn/products/pdp-i3104286235.html,"Điện thoạimi Mi 13 Utra Cấu hình mạnh, cày game nặng siêu mượt",50,1200000,Bắc Ninh,https://img.lazcdn.com/g/p/9f7e6b4f58058bbdcdf56da994529595.jpg_200x200q80.avif,<s>,,<s>,<s>,<s>
https://www.lazada.vn/products/pdp-i3104284360.html,"Điện thoạimi Mi 13 Utra Cấu hình mạnh, cày game nặng siêu mượt",50,1200000,Hà Nội,https://img.lazcdn.com/g/p/9f7e6b4f58058bbdcdf56da994529595.jpg_200x200q80.avif,<s>,,<s>,<s>,<s>
https://www.lazada.vn/products/pdp-i3104280262.html,"Điện thoại siêu phẩm SS_ A55 5G 128GB-Chính hãng newseal 100%, Bảo hành chính hãng 12 tháng.",50,1100000,Bắc Ninh,https://img.lazcdn.com/g/p/1d3dc590396f33e0b4fe9062d507d14f.jpg_200x200q80.avif,<s>,SS_ A55 5G,<s>,<s>,12 tháng
https://www.lazada.vn/products/pdp-i3104277465.html,"Điện thoại Redmi_n0te 13pr Ram 8GB/128GB pin 5000 mAh máy chính hãng, bảo hành 12 tháng",50,1200000,Hà Nội,https://img.lazcdn.com/g/p/0ae58627d8a42f5390b5278cd0d5a660.jpg_200x200q80.avif,<s>,,8GB/128GB pin 5000 mAh,5000 mAh,12 tháng
https://www.lazada.vn/products/pdp-i3104275325.html,"Điện thoại siêu phẩm SS_ z f0ld 5 256GB-Chính hãng mới 100%, Bảo hành chính hãng 12 tháng.",50,1600000,Long An,https://img.lazcdn.com/g/p/6e1e3696a85a2b650580f645ba8f2fc7.jpg_200x200q80.avif,<s>,SS_ z f0ld 5,<s>,<s>,12 tháng
https://www.lazada.vn/products/pdp-i3104274359.html,"Điện thoại SS 22ut máy 2sim ram 12G/256G Chính Hãng, bảo hành 12 tháng",50,1200000,Bắc Ninh,https://img.lazcdn.com/g/p/549fc3fa7ee835d11af459d03d8cbd37.jpg_200x200q80.avif,<s>,<s>,<s>,<s>,12 tháng
https://www.lazada.vn/products/pdp-i3104271001.html,"Điện thoại Ss M51 2sim ram 8G/128G, Cấu hình Cao Chiến mọi Game mượt, Chụp ảnh đẹp, VÂN TAY OK",50,700000,Nam Định,https://img.lazcdn.com/g/p/09690e5a3d594637b503730822509ecc.jpg_200x200q80.avif,<s>,<s>,,<s>,<s>
https://www.lazada.vn/products/pdp-i3104267488.html,[Chính hãng] Điện thoại 0pp0_FFind_X8 Pr0 (12GB/256GB) - Hàng chính hãng,50,1500000,Hà Nội,https://img.lazcdn.com/g/p/0bcdfbf785cea87ae8ed481d946d566c.jpg_200x200q80.avif,<s>,Điện thoại 0pp0_FFind_X8 Pr0 (12GB/256GB),<s>,<s>,<s>
https://www.lazada.vn/products/pdp-i3104262577.html,"Điện thoại  Redmi_n0te 12 Ram 8GB/128GB pin 5000 mAh máy chính hãng, bảo hành 12 tháng",50,800000,Hà Nội,https://img.lazcdn.com/g/p/007c3af28afea99fb048a87be68d07c9.jpg_200x200q80.avif,<s>,Redmi_n0te 12,5000 mAh,5000 mAh,12 tháng
https://www.lazada.vn/products/pdp-i3104260400.html,điện thoại 0PP0 Ren08pr0 5G (12GB/256GB) | Cấu hình Cao Chiến mọi Game mượt - Hàng chính hãng Bảo hành 12 tháng,50,900000,Long An,https://img.lazcdn.com/g/p/674c91cf325950e41cd7550b3f1864cd.jpg_200x200q80.avif,<s>,0PP0 Ren08pr0 5G (12GB/256GB),<s>,<s>,12 tháng
https://www.lazada.vn/products/pdp-i3104257547.html,"Điện thoại SS 23ut máy 2sim ram 12G/512G Chính Hãng, bảo hành 12 tháng",50,1300000,Hà Nội,https://img.lazcdn.com/g/p/f28660b3cb1fadc4bc0251d0b6a92bf2.jpg_200x200q80.avif,<s>,<s>,<s>,<s>,12 tháng
https://www.lazada.vn/products/pdp-i3104256596.html,"Điện thoại Red.mi Note 11 pro 2sim ram 8G/128G, Cấu hình mạnh, cày game nặng siêu mượt, VÂN TAY OK",50,800000,Hà Nội,https://img.lazcdn.com/g/p/a4a317aaa363f909b0125c001e29efa0.jpg_200x200q80.avif,<s>,"Red.mi Note 11 pro 2sim ram 8G/128G, Cấu hình mạnh, cày game nặng siêu mượt, VÂN TAY OK",,<s>,<s>
https://www.lazada.vn/products/pdp-i3104256264.html,"Điện thoại siêu phẩm SS_ z f0ld 5 256GB-Chính hãng mới 100%, Bảo hành chính hãng 12 tháng.",50,1600000,Lào Cai,https://img.lazcdn.com/g/p/6e1e3696a85a2b650580f645ba8f2fc7.jpg_200x200q80.avif,<s>,SS_ z f0ld 5,<s>,<s>,12 tháng
https://www.lazada.vn/products/pdp-i3104254389.html,"Điện thoại  Redmi_n0te 12 Ram 8GB/128GB pin 5000 mAh máy chính hãng, bảo hành 12 tháng",50,800000,Sơn La,https://img.lazcdn.com/g/p/007c3af28afea99fb048a87be68d07c9.jpg_200x200q80.avif,<s>,Redmi_n0te 12,5000 mAh,5000 mAh,12 tháng
https://www.lazada.vn/products/pdp-i3104254289.html,"Điện thoại Red.mi Note 11 pro 2sim ram 8G/128G, Cấu hình mạnh, cày game nặng siêu mượt, VÂN TAY OK",50,800000,Lào Cai,https://img.lazcdn.com/g/p/a4a317aaa363f909b0125c001e29efa0.jpg_200x200q80.avif,<s>,"Red.mi Note 11 pro 2sim ram 8G/128G, Cấu hình mạnh, cày game nặng siêu mượt, VÂN TAY OK",,<s>,<s>
https://www.lazada.vn/products/pdp-i3104241717.html,"Điện thoại Red.mi Note 11 pro 2sim ram 8G/128G, Cấu hình mạnh, cày game nặng siêu mượt, VÂN TAY OK",50,800000,Tiền Giang,https://img.lazcdn.com/g/p/a4a317aaa363f909b0125c001e29efa0.jpg_200x200q80.avif,<s>,"Red.mi Note 11 pro 2sim ram 8G/128G, Cấu hình mạnh, cày game nặng siêu mượt, VÂN TAY OK",,<s>,<s>
https://www.lazada.vn/products/pdp-i3104237678.html,"Điện thoại mi Mi 15 Utra Cấu hình mạnh, cày game nặng siêu mượt (16+512GB) | Màn hình 6.73""",50,1600000,Hà Nội,https://img.lazcdn.com/g/p/e1b036f4d90d6246add04aa67b41a053.jpg_200x200q80.avif,<s>,<s>,<s>,<s>,<s>
https://www.lazada.vn/products/pdp-i3104233233.html,điện thoại 0PP0 Ren08pr0 5G (12GB/256GB) | Cấu hình Cao Chiến mọi Game mượt - Hàng chính hãng Bảo hành 12 tháng,50,900000,Hà Nội,https://img.lazcdn.com/g/p/674c91cf325950e41cd7550b3f1864cd.jpg_200x200q80.avif,<s>,0PP0 Ren08pr0 5G (12GB/256GB),<s>,<s>,12 tháng
https://www.lazada.vn/products/pdp-i3104232686.html,[Chính hãng]Điện thoại 0PP0_Ren0 13 5G - (BH 12 tháng Lỗi 1 đổi 1 trong 30 ngày),50,1400000,Hà Nội,https://img.lazcdn.com/g/p/a819fad4b27b1ec18e35d18ddb8f56a5.jpg_200x200q80.avif,<s>,,<s>,<s>,<s>
https://www.lazada.vn/products/pdp-i3104231181.html,điện thoại 0PP0 Ren012 5G (12GB/256GB) | Cấu hình Cao Chiến mọi Game mượt - Hàng chính hãng Bảo hành 12 tháng,50,950000,Bắc Ninh,https://img.lazcdn.com/g/p/88036aff56da54e1dafcb8a56ec0f5bd.jpg_200x200q80.avif,<s>,0PP0 Ren012 5G (12GB/256GB),<s>,<s>,12 tháng
https://www.lazada.vn/products/pdp-i3104228606.html,"Điện thoại siêu phẩm SS_ z f0ld 4 256GB-Chính hãng mới 100%, Bảo hành chính hãng 12 tháng.",50,1400000,Bắc Ninh,https://img.lazcdn.com/g/p/f5eb29d04b110755db15abe4a296be1f.jpg_200x200q80.avif,<s>,SS_ z f0ld 4,<s>,<s>,12 tháng
https://www.lazada.vn/products/pdp-i3104227733.html,"Điện thoại SS A32 máy 2sim ram 6G/128G Chính Hãng, VÂN TAY OK",50,800000,Hà Nội,https://img.lazcdn.com/g/p/724767a6ee1a8450f63d74b616647f8d.jpg_200x200q80.avif,<s>,"Điện thoại SS A32 máy 2sim ram 6G/128G Chính Hãng, VÂN TAY OK",<s>,<s>,<s>
https://www.lazada.vn/products/pdp-i3104220715.html,[Chính hãng] Điện thoại Opp0 FFIND N3 FLIP (12GB/256GB) - Hàng chính hãng,50,1500000,Hà Nội,https://img.lazcdn.com/g/p/72387abcc588df9763079c9cc69ef2fc.jpg_200x200q80.avif,<s>,Điện thoại Opp0 FFIND N3 FLIP (12GB/256GB),<s>,<s>,<s>
https://www.lazada.vn/products/pdp-i3104220526.html,"Điện thoại SS 22ut máy 2sim ram 12G/256G Chính Hãng, bảo hành 12 tháng",50,1200000,Sơn La,https://img.lazcdn.com/g/p/549fc3fa7ee835d11af459d03d8cbd37.jpg_200x200q80.avif,<s>,<s>,<s>,<s>,12 tháng
https://www.lazada.vn/products/pdp-i3104215277.html,"Điện thoại siêu phẩm SS_ z f0ld 4 256GB-Chính hãng mới 100%, Bảo hành chính hãng 12 tháng.",50,1400000,Nam Định,https://img.lazcdn.com/g/p/f5eb29d04b110755db15abe4a296be1f.jpg_200x200q80.avif,<s>,SS_ z f0ld 4,<s>,<s>,12 tháng
https://www.lazada.vn/products/pdp-i3104203642.html,Samsung j5 chống cháy cho anh em,0,559000,Kiên Giang,https://img.lazcdn.com/g/ff/kf/S29d9b710971a4cd4a4a8419758848a4bk.jpg_200x200q80.avif,Samsung,Samsung j5,<s>,<s>,<s>
https://www.lazada.vn/products/pdp-i3104200413.html,"Điện thoại siêu phẩm SS_ A72 5G 128GB-Chính hãng newseal 100%, Bảo hành chính hãng 12 tháng.",50,820000,Tiền Giang,https://img.lazcdn.com/g/p/5902f9c37479817cea7fcb870f00bb93.jpg_200x200q80.avif,<s>,SS_ A72 5G,<s>,<s>,12 tháng
https://www.lazada.vn/products/pdp-i3104198455.html,"Điện thoại SS 24ut máy 2sim ram 12G/512G Chính Hãng, bảo hành 12 tháng",50,1500000,Hà Nội,https://img.lazcdn.com/g/p/5d75944756c32a7fad2b4640e8135ecb.jpg_200x200q80.avif,<s>,<s>,<s>,<s>,12 tháng
https://www.lazada.vn/products/pdp-i3104194867.html,điện thoại 0PP0 Ren012 5G (12GB/256GB) | Cấu hình Cao Chiến mọi Game mượt - Hàng chính hãng Bảo hành 12 tháng,50,950000,Hà Nội,https://img.lazcdn.com/g/p/88036aff56da54e1dafcb8a56ec0f5bd.jpg_200x200q80.avif,<s>,0PP0 Ren012 5G (12GB/256GB),<s>,<s>,12 tháng
https://www.lazada.vn/products/pdp-i3104190745.html,"Điện thoại Redmi_n0te 10pr0 Ram 8GB/128GB pin 5020 mAh máy chính hãng, bảo hành 12 tháng",50,800000,Long An,https://img.lazcdn.com/g/p/2e3db16dc75b277df74c57c0515a4e6a.jpg_200x200q80.avif,<s>,,8GB/128GB pin 5020 mAh,<s> Bộ nhớ trong (ROM) của sản phẩm là bao nhiêu?</s></s> Điện thoại Redmi_n0te 10pr0 Ram 8GB/128GB pin 5020 mAh,12 tháng
https://www.lazada.vn/products/pdp-i3104188849.html,"Điện thoại Ss M51 2sim ram 8G/128G, Cấu hình Cao Chiến mọi Game mượt, Chụp ảnh đẹp, VÂN TAY OK",50,700000,Hà Nội,https://img.lazcdn.com/g/p/09690e5a3d594637b503730822509ecc.jpg_200x200q80.avif,<s>,<s>,,<s>,<s>
https://www.lazada.vn/products/pdp-i3104187482.html,"Điện thoại SS 22ut máy 2sim ram 12G/256G Chính Hãng, bảo hành 12 tháng",50,1200000,Hà Nội,https://img.lazcdn.com/g/p/549fc3fa7ee835d11af459d03d8cbd37.jpg_200x200q80.avif,<s>,<s>,<s>,<s>,12 tháng
https://www.lazada.vn/products/pdp-i3104187431.html,điện thoại 0PP0 Ren08pr0 5G (12GB/256GB) | Cấu hình Cao Chiến mọi Game mượt - Hàng chính hãng Bảo hành 12 tháng,50,900000,Lào Cai,https://img.lazcdn.com/g/p/674c91cf325950e41cd7550b3f1864cd.jpg_200x200q80.avif,<s>,0PP0 Ren08pr0 5G (12GB/256GB),<s>,<s>,12 tháng
https://www.lazada.vn/products/pdp-i3104185483.html,"Điện thoại siêu phẩm SS_ A72 5G 128GB-Chính hãng newseal 100%, Bảo hành chính hãng 12 tháng.",50,820000,Hà Nội,https://img.lazcdn.com/g/p/5902f9c37479817cea7fcb870f00bb93.jpg_200x200q80.avif,<s>,SS_ A72 5G,<s>,<s>,12 tháng
https://www.lazada.vn/products/pdp-i3104170474.html,"Điện thoại siêu bền Oukitel WP36(loa to Âm thanh 8D Triple-Cam,Pin 10600mAh,Ram16GB(8+8),Rom128GB,CPU MediaTek 8788)",65,916300,Nam Định,https://img.lazcdn.com/g/p/9fa8e3c283eaa99c8132adccfe44f863.jpg_200x200q80.avif,<s>,,<s>,<s>,<s>
https://www.lazada.vn/products/pdp-i3104760863.html,Điện thoại Vivo iQOO Z9 Turbo Plus 16GB/256GB Chính hãng bảo hành điện tử,32,4090000,Hà Nội,https://img.lazcdn.com/g/p/bd9583fd002fe791a42abc3efa4a8707.png_200x200q80.avif,Vivo,Vivo iQOO Z9 Turbo Plus,<s>,<s>,<s>
https://www.lazada.vn/products/pdp-i3104164559.html,"Điện thoại  Redmi_n0te 12 Ram 8GB/128GB pin 5000 mAh máy chính hãng, bảo hành 12 tháng",50,800000,Long An,https://img.lazcdn.com/g/p/007c3af28afea99fb048a87be68d07c9.jpg_200x200q80.avif,<s>,Redmi_n0te 12,5000 mAh,5000 mAh,12 tháng
https://www.lazada.vn/products/pdp-i3104160921.html,"Điện thoại siêu phẩm SS_ z f0ld 4 256GB-Chính hãng mới 100%, Bảo hành chính hãng 12 tháng.",50,1400000,Hà Nội,https://img.lazcdn.com/g/p/f5eb29d04b110755db15abe4a296be1f.jpg_200x200q80.avif,<s>,SS_ z f0ld 4,<s>,<s>,12 tháng
https://www.lazada.vn/products/pdp-i3104155851.html,"Điện thoại mi Mi 15 Utra Cấu hình mạnh, cày game nặng siêu mượt (16+512GB) | Màn hình 6.73""",50,1600000,Long An,https://img.lazcdn.com/g/p/e1b036f4d90d6246add04aa67b41a053.jpg_200x200q80.avif,<s>,<s>,<s>,<s>,<s>
https://www.lazada.vn/products/pdp-i3104154745.html,"Điện thoại Red.mi Note 11 pro 2sim ram 8G/128G, Cấu hình mạnh, cày game nặng siêu mượt, VÂN TAY OK",50,800000,Sơn La,https://img.lazcdn.com/g/p/a4a317aaa363f909b0125c001e29efa0.jpg_200x200q80.avif,<s>,"Red.mi Note 11 pro 2sim ram 8G/128G, Cấu hình mạnh, cày game nặng siêu mượt, VÂN TAY OK",,<s>,<s>
https://www.lazada.vn/products/pdp-i3104154741.html,"Điện thoại siêu phẩm SS_ A55 5G 128GB-Chính hãng newseal 100%, Bảo hành chính hãng 12 tháng.",50,1100000,Sơn La,https://img.lazcdn.com/g/p/1d3dc590396f33e0b4fe9062d507d14f.jpg_200x200q80.avif,<s>,SS_ A55 5G,<s>,<s>,12 tháng
https://www.lazada.vn/products/pdp-i3104152490.html,[Chính hãng]Điện thoại 0PP0_Ren0 13 5G - (BH 12 tháng Lỗi 1 đổi 1 trong 30 ngày),65,980000,Nam Định,https://img.lazcdn.com/g/p/a819fad4b27b1ec18e35d18ddb8f56a5.jpg_200x200q80.avif,<s>,,<s>,<s>,<s>
https://www.lazada.vn/products/pdp-i3104151963.html,"Điện thoại SS 22ut máy 2sim ram 12G/256G Chính Hãng, bảo hành 12 tháng",50,1200000,Hà Nội,https://img.lazcdn.com/g/p/549fc3fa7ee835d11af459d03d8cbd37.jpg_200x200q80.avif,<s>,<s>,<s>,<s>,12 tháng
https://www.lazada.vn/products/pdp-i3104151478.html,"Điện thoại oukitel  wp21 (Ram 12Gb,Rom 256Gb ,chống sốc,chống nước,pin khủng, pin 9.800mAh)",50,1109000,Nam Định,https://img.lazcdn.com/g/p/14502e16da2f013d6b77bf07b5f08305.jpg_200x200q80.avif,<s>,Điện thoại oukitel wp21,,256Gb,<s>
https://www.lazada.vn/products/pdp-i3104146557.html,"Điện thoạimi Mi 14 Utra Cấu hình mạnh, cày game nặng siêu mượt  (16+512GB) | Màn hình 6.73""",50,1400000,Long An,https://img.lazcdn.com/g/p/46adb94ff5bb2bb07e7386372409f852.jpg_200x200q80.avif,<s>,,<s>,<s>,<s>
https://www.lazada.vn/products/pdp-i3104135504.html,"Unihertz tank 2 Pro (pin 23800 mAh,Ram 24GB(12+12),Rom 512GB,máy chiếu 2.4K, Android 14,camera 100MP, NFC, cốc sạt 120W)",65,986300,Nam Định,https://img.lazcdn.com/g/p/28bcd5b0fedd6364f660f0ca0281250c.jpg_200x200q80.avif,<s>,Unihertz tank 2 Pro,,512GB,<s>
https://www.lazada.vn/products/pdp-i3104129951.html,"Điện thoại siêu phẩm SS_ A55 5G 128GB-Chính hãng newseal 100%, Bảo hành chính hãng 12 tháng.",50,1100000,Hà Nội,https://img.lazcdn.com/g/p/1d3dc590396f33e0b4fe9062d507d14f.jpg_200x200q80.avif,<s>,SS_ A55 5G,<s>,<s>,12 tháng
https://www.lazada.vn/products/pdp-i3104128501.html,"Điện thoại siêu phẩm SS_ z f0ld 5 256GB-Chính hãng mới 100%, Bảo hành chính hãng 12 tháng.",65,1120000,Nam Định,https://img.lazcdn.com/g/p/6e1e3696a85a2b650580f645ba8f2fc7.jpg_200x200q80.avif,<s>,SS_ z f0ld 5,<s>,<s>,12 tháng
https://www.lazada.vn/products/pdp-i3104119859.html,"Điện thoại Ss M51 2sim ram 8G/128G, Cấu hình Cao Chiến mọi Game mượt, Chụp ảnh đẹp, VÂN TAY OK",50,700000,Bắc Ninh,https://img.lazcdn.com/g/p/09690e5a3d594637b503730822509ecc.jpg_200x200q80.avif,<s>,<s>,,<s>,<s>
https://www.lazada.vn/products/pdp-i3104117880.html,"Điện thoại Red.mi Note 11 pro 2sim ram 8G/128G, Cấu hình mạnh, cày game nặng siêu mượt, VÂN TAY OK",50,800000,Bắc Ninh,https://img.lazcdn.com/g/p/a4a317aaa363f909b0125c001e29efa0.jpg_200x200q80.avif,<s>,"Red.mi Note 11 pro 2sim ram 8G/128G, Cấu hình mạnh, cày game nặng siêu mượt, VÂN TAY OK",,<s>,<s>
https://www.lazada.vn/products/pdp-i3104117878.html,[Chính hãng] Điện thoại Opp0 FFIND N3 FLIP (12GB/256GB) - Hàng chính hãng,50,1500000,Bắc Ninh,https://img.lazcdn.com/g/p/72387abcc588df9763079c9cc69ef2fc.jpg_200x200q80.avif,<s>,Điện thoại Opp0 FFIND N3 FLIP (12GB/256GB),<s>,<s>,<s>
https://www.lazada.vn/products/pdp-i3104117788.html,"Điện thoại SS A32 máy 2sim ram 6G/128G Chính Hãng, VÂN TAY OK",50,800000,Sơn La,https://img.lazcdn.com/g/p/724767a6ee1a8450f63d74b616647f8d.jpg_200x200q80.avif,<s>,"Điện thoại SS A32 máy 2sim ram 6G/128G Chính Hãng, VÂN TAY OK",<s>,<s>,<s>
https://www.lazada.vn/products/pdp-i3104113480.html,"Điện thoạimi Mi 13 Utra Cấu hình mạnh, cày game nặng siêu mượt",50,1200000,Nam Định,https://img.lazcdn.com/g/p/9f7e6b4f58058bbdcdf56da994529595.jpg_200x200q80.avif,<s>,,<s>,<s>,<s>
https://www.lazada.vn/products/pdp-i3104108554.html,"Điện thoại Redmi_n0te 13pr Ram 8GB/128GB pin 5000 mAh máy chính hãng, bảo hành 12 tháng",50,1200000,Bắc Ninh,https://img.lazcdn.com/g/p/0ae58627d8a42f5390b5278cd0d5a660.jpg_200x200q80.avif,<s>,,8GB/128GB pin 5000 mAh,5000 mAh,12 tháng
https://www.lazada.vn/products/pdp-i3104104552.html,"Điện thoạimi Mi 14 Utra Cấu hình mạnh, cày game nặng siêu mượt  (16+512GB) | Màn hình 6.73""",50,1400000,Sơn La,https://img.lazcdn.com/g/p/46adb94ff5bb2bb07e7386372409f852.jpg_200x200q80.avif,<s>,,<s>,<s>,<s>
https://www.lazada.vn/products/pdp-i3104103668.html,"Điện thoại SS 23ut máy 2sim ram 12G/512G Chính Hãng, bảo hành 12 tháng",50,1300000,Lào Cai,https://img.lazcdn.com/g/p/f28660b3cb1fadc4bc0251d0b6a92bf2.jpg_200x200q80.avif,<s>,<s>,<s>,<s>,12 tháng
https://www.lazada.vn/products/pdp-i3104097507.html,"Điện thoại SS 24ut máy 2sim ram 12G/512G Chính Hãng, bảo hành 12 tháng",65,1050000,Nam Định,https://img.lazcdn.com/g/p/5d75944756c32a7fad2b4640e8135ecb.jpg_200x200q80.avif,<s>,<s>,<s>,<s>,12 tháng
https://www.lazada.vn/products/pdp-i3104092518.html,điện thoại 0PP0 Ren08pr0 5G (12GB/256GB) | Cấu hình Cao Chiến mọi Game mượt - Hàng chính hãng Bảo hành 12 tháng,65,630000,Nam Định,https://img.lazcdn.com/g/p/674c91cf325950e41cd7550b3f1864cd.jpg_200x200q80.avif,<s>,0PP0 Ren08pr0 5G (12GB/256GB),<s>,<s>,12 tháng
https://www.lazada.vn/products/pdp-i3104086853.html,"Điện thoại SS 23ut máy 2sim ram 12G/512G Chính Hãng, bảo hành 12 tháng",50,1300000,Long An,https://img.lazcdn.com/g/p/f28660b3cb1fadc4bc0251d0b6a92bf2.jpg_200x200q80.avif,<s>,<s>,<s>,<s>,12 tháng
https://www.lazada.vn/products/pdp-i3104084655.html,"Điện thoại SS A32 máy 2sim ram 6G/128G Chính Hãng, VÂN TAY OK",50,800000,Long An,https://img.lazcdn.com/g/p/724767a6ee1a8450f63d74b616647f8d.jpg_200x200q80.avif,<s>,"Điện thoại SS A32 máy 2sim ram 6G/128G Chính Hãng, VÂN TAY OK",<s>,<s>,<s>
https://www.lazada.vn/products/pdp-i3104078741.html,"Điện thoạimi Mi 14 Utra Cấu hình mạnh, cày game nặng siêu mượt  (16+512GB) | Màn hình 6.73""",50,1400000,Hà Nội,https://img.lazcdn.com/g/p/46adb94ff5bb2bb07e7386372409f852.jpg_200x200q80.avif,<s>,,<s>,<s>,<s>
https://www.lazada.vn/products/pdp-i3104078678.html,"Điện thoại chắc chắn Unihertz Tank (Pin khủng 22000mAh, RAM 22GB,Rom 256GB ,Chống nước ,Chống bụi Chống sốc, Face ID )",50,1309000,Nam Định,https://img.lazcdn.com/g/p/448bed97859c0571ae5441068be0aa82.jpg_200x200q80.avif,<s>,Unihertz Tank,22GB,256GB,<s>
https://www.lazada.vn/products/pdp-i3104072781.html,"Điện thoại siêu phẩm SS_ A72 5G 128GB-Chính hãng newseal 100%, Bảo hành chính hãng 12 tháng.",50,820000,Lào Cai,https://img.lazcdn.com/g/p/5902f9c37479817cea7fcb870f00bb93.jpg_200x200q80.avif,<s>,SS_ A72 5G,<s>,<s>,12 tháng
https://www.lazada.vn/products/pdp-i3104064843.html,[Chính hãng] Điện thoại Opp0 FFIND N3 FLIP (12GB/256GB) - Hàng chính hãng,50,1500000,Sơn La,https://img.lazcdn.com/g/p/72387abcc588df9763079c9cc69ef2fc.jpg_200x200q80.avif,<s>,Điện thoại Opp0 FFIND N3 FLIP (12GB/256GB),<s>,<s>,<s>
https://www.lazada.vn/products/pdp-i3104063856.html,"Điện thoại SS A32 máy 2sim ram 6G/128G Chính Hãng, VÂN TAY OK",65,560000,Nam Định,https://img.lazcdn.com/g/p/724767a6ee1a8450f63d74b616647f8d.jpg_200x200q80.avif,<s>,"Điện thoại SS A32 máy 2sim ram 6G/128G Chính Hãng, VÂN TAY OK",<s>,<s>,<s>
https://www.lazada.vn/products/pdp-i3104059894.html,[Chính hãng] Điện thoại Opp0 FFIND N3 FLIP (12GB/256GB) - Hàng chính hãng,50,1500000,Hà Nội,https://img.lazcdn.com/g/p/72387abcc588df9763079c9cc69ef2fc.jpg_200x200q80.avif,<s>,Điện thoại Opp0 FFIND N3 FLIP (12GB/256GB),<s>,<s>,<s>
https://www.lazada.vn/products/pdp-i3104056817.html,"Điện thoại chắc chắn Oukitel Wp21 Ultra(camera nhiệt ,FLIR,chống nước,chống sốc,pin 9800mAh,Ram 12Gb,Rom 256Gb)",65,1021300,Nam Định,https://img.lazcdn.com/g/p/ba969a01259cabd4746c1dee00ad9605.jpg_200x200q80.avif,<s>,Oukitel Wp21 Ultra,,256Gb,<s>
https://www.lazada.vn/products/pdp-i3104052904.html,"Điện thoại siêu phẩm SS_ A72 5G 128GB-Chính hãng newseal 100%, Bảo hành chính hãng 12 tháng.",50,820000,Long An,https://img.lazcdn.com/g/p/5902f9c37479817cea7fcb870f00bb93.jpg_200x200q80.avif,<s>,SS_ A72 5G,<s>,<s>,12 tháng
https://www.lazada.vn/products/pdp-i3104048006.html,[Chính hãng] Điện thoại 0pp0_FFind_X8 Pr0 (12GB/256GB) - Hàng chính hãng,50,1500000,Thái Bình,https://img.lazcdn.com/g/p/0bcdfbf785cea87ae8ed481d946d566c.jpg_200x200q80.avif,<s>,Điện thoại 0pp0_FFind_X8 Pr0 (12GB/256GB),<s>,<s>,<s>
https://www.lazada.vn/products/pdp-i3104044955.html,điện thoại 0PP0 Ren08pr0 5G (12GB/256GB) | Cấu hình Cao Chiến mọi Game mượt - Hàng chính hãng Bảo hành 12 tháng,50,900000,Hà Nội,https://img.lazcdn.com/g/p/674c91cf325950e41cd7550b3f1864cd.jpg_200x200q80.avif,<s>,0PP0 Ren08pr0 5G (12GB/256GB),<s>,<s>,12 tháng
https://www.lazada.vn/products/pdp-i3104044004.html,"Điện thoạimi Mi 13 Utra Cấu hình mạnh, cày game nặng siêu mượt",50,1200000,Thái Bình,https://img.lazcdn.com/g/p/9f7e6b4f58058bbdcdf56da994529595.jpg_200x200q80.avif,<s>,,<s>,<s>,<s>
https://www.lazada.vn/products/pdp-i3104040014.html,"Điện thoạimi Mi 14 Utra Cấu hình mạnh, cày game nặng siêu mượt  (16+512GB) | Màn hình 6.73""",50,1400000,Thái Bình,https://img.lazcdn.com/g/p/46adb94ff5bb2bb07e7386372409f852.jpg_200x200q80.avif,<s>,,<s>,<s>,<s>
https://www.lazada.vn/products/pdp-i3104035740.html,"Điện thoại  Redmi_n0te 12 Ram 8GB/128GB pin 5000 mAh máy chính hãng, bảo hành 12 tháng",65,560000,Nam Định,https://img.lazcdn.com/g/p/007c3af28afea99fb048a87be68d07c9.jpg_200x200q80.avif,<s>,Redmi_n0te 12,5000 mAh,5000 mAh,12 tháng
https://www.lazada.vn/products/pdp-i3104035049.html,"Điện thoại Red.mi Note 11 pro 2sim ram 8G/128G, Cấu hình mạnh, cày game nặng siêu mượt, VÂN TAY OK",50,800000,Thái Bình,https://img.lazcdn.com/g/p/a4a317aaa363f909b0125c001e29efa0.jpg_200x200q80.avif,<s>,"Red.mi Note 11 pro 2sim ram 8G/128G, Cấu hình mạnh, cày game nặng siêu mượt, VÂN TAY OK",,<s>,<s>
https://www.lazada.vn/products/pdp-i3104035038.html,"Điện thoại Redmi_n0te 10pr0 Ram 8GB/128GB pin 5020 mAh máy chính hãng, bảo hành 12 tháng",50,800000,Thái Bình,https://img.lazcdn.com/g/p/2e3db16dc75b277df74c57c0515a4e6a.jpg_200x200q80.avif,<s>,,8GB/128GB pin 5020 mAh,<s> Bộ nhớ trong (ROM) của sản phẩm là bao nhiêu?</s></s> Điện thoại Redmi_n0te 10pr0 Ram 8GB/128GB pin 5020 mAh,12 tháng
https://www.lazada.vn/products/pdp-i3104033132.html,điện thoại 0PP0 Ren012 5G (12GB/256GB) | Cấu hình Cao Chiến mọi Game mượt - Hàng chính hãng Bảo hành 12 tháng,50,950000,Hồ Chí Minh,https://img.lazcdn.com/g/p/88036aff56da54e1dafcb8a56ec0f5bd.jpg_200x200q80.avif,<s>,0PP0 Ren012 5G (12GB/256GB),<s>,<s>,12 tháng
https://www.lazada.vn/products/pdp-i3104029152.html,"Điện thoại SS 22ut máy 2sim ram 12G/256G Chính Hãng, bảo hành 12 tháng",50,1200000,Thái Bình,https://img.lazcdn.com/g/p/549fc3fa7ee835d11af459d03d8cbd37.jpg_200x200q80.avif,<s>,<s>,<s>,<s>,12 tháng
https://www.lazada.vn/products/pdp-i3104028161.html,"Điện thoại SS 23ut máy 2sim ram 12G/512G Chính Hãng, bảo hành 12 tháng",50,1300000,Thái Bình,https://img.lazcdn.com/g/p/f28660b3cb1fadc4bc0251d0b6a92bf2.jpg_200x200q80.avif,<s>,<s>,<s>,<s>,12 tháng
https://www.lazada.vn/products/pdp-i3104027161.html,"Điện thoạimi Mi 13 Utra Cấu hình mạnh, cày game nặng siêu mượt",50,1200000,Hồ Chí Minh,https://img.lazcdn.com/g/p/9f7e6b4f58058bbdcdf56da994529595.jpg_200x200q80.avif,<s>,,<s>,<s>,<s>
https://www.lazada.vn/products/pdp-i3104023924.html,điện thoại 0PP0 Ren012 5G (12GB/256GB) | Cấu hình Cao Chiến mọi Game mượt - Hàng chính hãng Bảo hành 12 tháng,50,950000,Lào Cai,https://img.lazcdn.com/g/p/88036aff56da54e1dafcb8a56ec0f5bd.jpg_200x200q80.avif,<s>,0PP0 Ren012 5G (12GB/256GB),<s>,<s>,12 tháng
https://www.lazada.vn/products/pdp-i3104022199.html,"Điện thoại siêu phẩm SS_ A72 5G 128GB-Chính hãng newseal 100%, Bảo hành chính hãng 12 tháng.",50,820000,Thái Bình,https://img.lazcdn.com/g/p/5902f9c37479817cea7fcb870f00bb93.jpg_200x200q80.avif,<s>,SS_ A72 5G,<s>,<s>,12 tháng
https://www.lazada.vn/products/pdp-i3104017430.html,[Chính hãng]Điện thoại 0PP0_Ren0 13 5G - (BH 12 tháng Lỗi 1 đổi 1 trong 30 ngày),50,1400000,Hồ Chí Minh,https://img.lazcdn.com/g/p/a819fad4b27b1ec18e35d18ddb8f56a5.jpg_200x200q80.avif,<s>,,<s>,<s>,<s>
https://www.lazada.vn/products/pdp-i3104011354.html,"Điện thoại Ss M51 2sim ram 8G/128G, Cấu hình Cao Chiến mọi Game mượt, Chụp ảnh đẹp, VÂN TAY OK",50,700000,Thái Bình,https://img.lazcdn.com/g/p/09690e5a3d594637b503730822509ecc.jpg_200x200q80.avif,<s>,<s>,,<s>,<s>
https://www.lazada.vn/products/pdp-i3104011343.html,điện thoại 0PP0 Ren08pr0 5G (12GB/256GB) | Cấu hình Cao Chiến mọi Game mượt - Hàng chính hãng Bảo hành 12 tháng,50,900000,Thái Bình,https://img.lazcdn.com/g/p/674c91cf325950e41cd7550b3f1864cd.jpg_200x200q80.avif,<s>,0PP0 Ren08pr0 5G (12GB/256GB),<s>,<s>,12 tháng
https://www.lazada.vn/products/pdp-i3104008576.html,"Điện thoại chắc chắn Unihertz Tank (Pin khủng 22000mAh, RAM 22GB,Rom 256GB ,Chống nước ,Chống bụi Chống sốc, Face ID )",50,1309000,Hồ Chí Minh,https://img.lazcdn.com/g/p/448bed97859c0571ae5441068be0aa82.jpg_200x200q80.avif,<s>,Unihertz Tank,22GB,256GB,<s>
https://www.lazada.vn/products/pdp-i3103998449.html,"Điện thoại siêu phẩm SS_ A55 5G 128GB-Chính hãng newseal 100%, Bảo hành chính hãng 12 tháng.",50,1100000,Thái Bình,https://img.lazcdn.com/g/p/1d3dc590396f33e0b4fe9062d507d14f.jpg_200x200q80.avif,<s>,SS_ A55 5G,<s>,<s>,12 tháng
https://www.lazada.vn/products/pdp-i3103994515.html,điện thoại 0PP0 Ren012 5G (12GB/256GB) | Cấu hình Cao Chiến mọi Game mượt - Hàng chính hãng Bảo hành 12 tháng,50,950000,Thái Bình,https://img.lazcdn.com/g/p/88036aff56da54e1dafcb8a56ec0f5bd.jpg_200x200q80.avif,<s>,0PP0 Ren012 5G (12GB/256GB),<s>,<s>,12 tháng
https://www.lazada.vn/products/pdp-i3103989662.html,"Điện thoại siêu phẩm SS_ z f0ld 5 256GB-Chính hãng mới 100%, Bảo hành chính hãng 12 tháng.",50,1600000,Hồ Chí Minh,https://img.lazcdn.com/g/p/6e1e3696a85a2b650580f645ba8f2fc7.jpg_200x200q80.avif,<s>,SS_ z f0ld 5,<s>,<s>,12 tháng
https://www.lazada.vn/products/pdp-i3103986002.html,"Điện thoại SS 23ut máy 2sim ram 12G/512G Chính Hãng, bảo hành 12 tháng",50,1300000,Hải Phòng,https://img.lazcdn.com/g/p/f28660b3cb1fadc4bc0251d0b6a92bf2.jpg_200x200q80.avif,<s>,<s>,<s>,<s>,12 tháng
https://www.lazada.vn/products/pdp-i3103985701.html,"Unihertz tank 2 Pro (pin 23800 mAh,Ram 24GB(12+12),Rom 512GB,máy chiếu 2.4K, Android 14,camera 100MP, NFC, cốc sạt 120W)",50,1409000,Hồ Chí Minh,https://img.lazcdn.com/g/p/28bcd5b0fedd6364f660f0ca0281250c.jpg_200x200q80.avif,<s>,Unihertz tank 2 Pro,,512GB,<s>
https://www.lazada.vn/products/pdp-i3103983571.html,"Điện thoại SS A32 máy 2sim ram 6G/128G Chính Hãng, VÂN TAY OK",50,800000,Thái Bình,https://img.lazcdn.com/g/p/724767a6ee1a8450f63d74b616647f8d.jpg_200x200q80.avif,<s>,"Điện thoại SS A32 máy 2sim ram 6G/128G Chính Hãng, VÂN TAY OK",<s>,<s>,<s>
https://www.lazada.vn/products/pdp-i3103982766.html,"Điện thoạimi Mi 14 Utra Cấu hình mạnh, cày game nặng siêu mượt  (16+512GB) | Màn hình 6.73""",50,1400000,Hồ Chí Minh,https://img.lazcdn.com/g/p/46adb94ff5bb2bb07e7386372409f852.jpg_200x200q80.avif,<s>,,<s>,<s>,<s>
https://www.lazada.vn/products/pdp-i3103971038.html,"Điện thoại SS A32 máy 2sim ram 6G/128G Chính Hãng, VÂN TAY OK",65,560000,Hà Nội,https://img.lazcdn.com/g/p/724767a6ee1a8450f63d74b616647f8d.jpg_200x200q80.avif,<s>,"Điện thoại SS A32 máy 2sim ram 6G/128G Chính Hãng, VÂN TAY OK",<s>,<s>,<s>
https://www.lazada.vn/products/pdp-i3103969067.html,"Điện thoại Redmi_n0te 10pr0 Ram 8GB/128GB pin 5020 mAh máy chính hãng, bảo hành 12 tháng",50,800000,Hà Nội,https://img.lazcdn.com/g/p/2e3db16dc75b277df74c57c0515a4e6a.jpg_200x200q80.avif,<s>,,8GB/128GB pin 5020 mAh,<s> Bộ nhớ trong (ROM) của sản phẩm là bao nhiêu?</s></s> Điện thoại Redmi_n0te 10pr0 Ram 8GB/128GB pin 5020 mAh,12 tháng
https://www.lazada.vn/products/pdp-i3103968277.html,"Điện thoại  Redmi_n0te 12 Ram 8GB/128GB pin 5000 mAh máy chính hãng, bảo hành 12 tháng",50,800000,Thái Bình,https://img.lazcdn.com/g/p/007c3af28afea99fb048a87be68d07c9.jpg_200x200q80.avif,<s>,Redmi_n0te 12,5000 mAh,5000 mAh,12 tháng
https://www.lazada.vn/products/pdp-i3103967940.html,"Điện thoại SS 23ut máy 2sim ram 12G/512G Chính Hãng, bảo hành 12 tháng",50,1300000,Nam Định,https://img.lazcdn.com/g/p/f28660b3cb1fadc4bc0251d0b6a92bf2.jpg_200x200q80.avif,<s>,<s>,<s>,<s>,12 tháng
https://www.lazada.vn/products/pdp-i3103955212.html,"Điện thoại mi Mi 15 Utra Cấu hình mạnh, cày game nặng siêu mượt (16+512GB) | Màn hình 6.73""",65,1120000,Hà Nội,https://img.lazcdn.com/g/p/e1b036f4d90d6246add04aa67b41a053.jpg_200x200q80.avif,<s>,<s>,<s>,<s>,<s>
https://www.lazada.vn/products/pdp-i3103954995.html,"Điện thoại Oukitel WP19 Pin 21000mAh, Vua pin siêu bền, Ram 8G Rom 256G Chính Hãng (tặng cáp bảo vệ sạc)",65,671300,Nam Định,https://img.lazcdn.com/g/p/5c38be3cbe7e4ccfbf3e77a84fc4878d.jpg_200x200q80.avif,<s>,,8G Rom 256G,<s>,<s>
https://www.lazada.vn/products/pdp-i3103952322.html,[Chính hãng] Điện thoại Opp0 FFIND N3 FLIP (12GB/256GB) - Hàng chính hãng,50,1500000,Thái Bình,https://img.lazcdn.com/g/p/72387abcc588df9763079c9cc69ef2fc.jpg_200x200q80.avif,<s>,Điện thoại Opp0 FFIND N3 FLIP (12GB/256GB),<s>,<s>,<s>
https://www.lazada.vn/products/pdp-i3103950195.html,[Chính hãng]Điện thoại 0PP0_Ren0 13 5G - (BH 12 tháng Lỗi 1 đổi 1 trong 30 ngày),65,980000,Hà Nội,https://img.lazcdn.com/g/p/a819fad4b27b1ec18e35d18ddb8f56a5.jpg_200x200q80.avif,<s>,,<s>,<s>,<s>
https://www.lazada.vn/products/pdp-i3103940234.html,"Điện thoại chắc chắn Oukitel Wp21 Ultra(camera nhiệt ,FLIR,chống nước,chống sốc,pin 9800mAh,Ram 12Gb,Rom 256Gb)",65,1021300,Hà Nội,https://img.lazcdn.com/g/p/ba969a01259cabd4746c1dee00ad9605.jpg_200x200q80.avif,<s>,Oukitel Wp21 Ultra,,256Gb,<s>
https://www.lazada.vn/products/pdp-i3103938268.html,"Điện thoại SS 24ut máy 2sim ram 12G/512G Chính Hãng, bảo hành 12 tháng",65,1050000,Hà Nội,https://img.lazcdn.com/g/p/5d75944756c32a7fad2b4640e8135ecb.jpg_200x200q80.avif,<s>,<s>,<s>,<s>,12 tháng
https://www.lazada.vn/products/pdp-i3103936249.html,"Điện thoạimi Mi 14 Utra Cấu hình mạnh, cày game nặng siêu mượt  (16+512GB) | Màn hình 6.73""",50,1400000,Hải Phòng,https://img.lazcdn.com/g/p/46adb94ff5bb2bb07e7386372409f852.jpg_200x200q80.avif,<s>,,<s>,<s>,<s>
https://www.lazada.vn/products/pdp-i3103934961.html,"Điện thoại Redmi_n0te 13pr Ram 8GB/128GB pin 5000 mAh máy chính hãng, bảo hành 12 tháng",50,1200000,Thái Bình,https://img.lazcdn.com/g/p/0ae58627d8a42f5390b5278cd0d5a660.jpg_200x200q80.avif,<s>,,8GB/128GB pin 5000 mAh,5000 mAh,12 tháng
https://www.lazada.vn/products/pdp-i3103927275.html,"Điện thoại  Redmi_n0te 12 Ram 8GB/128GB pin 5000 mAh máy chính hãng, bảo hành 12 tháng",50,800000,Hà Nội,https://img.lazcdn.com/g/p/007c3af28afea99fb048a87be68d07c9.jpg_200x200q80.avif,<s>,Redmi_n0te 12,5000 mAh,5000 mAh,12 tháng
https://www.lazada.vn/products/pdp-i3103925193.html,điện thoại 0PP0 Ren08pr0 5G (12GB/256GB) | Cấu hình Cao Chiến mọi Game mượt - Hàng chính hãng Bảo hành 12 tháng,50,900000,Hà Nội,https://img.lazcdn.com/g/p/674c91cf325950e41cd7550b3f1864cd.jpg_200x200q80.avif,<s>,0PP0 Ren08pr0 5G (12GB/256GB),<s>,<s>,12 tháng
https://www.lazada.vn/products/pdp-i3103922952.html,"Điện thoại siêu phẩm SS_ z f0ld 4 256GB-Chính hãng mới 100%, Bảo hành chính hãng 12 tháng.",50,1400000,Thái Bình,https://img.lazcdn.com/g/p/f5eb29d04b110755db15abe4a296be1f.jpg_200x200q80.avif,<s>,SS_ z f0ld 4,<s>,<s>,12 tháng
https://www.lazada.vn/products/pdp-i3103918415.html,"Điện thoại siêu phẩm SS_ z f0ld 5 256GB-Chính hãng mới 100%, Bảo hành chính hãng 12 tháng.",50,1600000,Hải Phòng,https://img.lazcdn.com/g/p/6e1e3696a85a2b650580f645ba8f2fc7.jpg_200x200q80.avif,<s>,SS_ z f0ld 5,<s>,<s>,12 tháng
https://www.lazada.vn/products/pdp-i3103917173.html,"Điện thoại Redmi_n0te 13pr Ram 8GB/128GB pin 5000 mAh máy chính hãng, bảo hành 12 tháng",65,840000,Hà Nội,https://img.lazcdn.com/g/p/0ae58627d8a42f5390b5278cd0d5a660.jpg_200x200q80.avif,<s>,,8GB/128GB pin 5000 mAh,5000 mAh,12 tháng
https://www.lazada.vn/products/pdp-i3103916300.html,"Điện thoại chắc chắn unihertz Tank 3 (pin  23800mAh,sạc nhanh  120W, Ram 32GB(16+16),rom  512GB, ,5G , Android 13)",50,1459000,Hà Nội,https://img.lazcdn.com/g/p/a254e8c1c4db9d911c883a740dcc418f.jpg_200x200q80.avif,<s>,unihertz Tank 3,32GB,,<s>
https://www.lazada.vn/products/pdp-i3103916288.html,"Điện thoại Oukitel WP19 Pin 21000mAh, Vua pin siêu bền, Ram 8G Rom 256G Chính Hãng (tặng cáp bảo vệ sạc)",50,959000,Hà Nội,https://img.lazcdn.com/g/p/5c38be3cbe7e4ccfbf3e77a84fc4878d.jpg_200x200q80.avif,<s>,,8G Rom 256G,<s>,<s>
https://www.lazada.vn/products/pdp-i3103907305.html,"Điện thoại SS 22ut máy 2sim ram 12G/256G Chính Hãng, bảo hành 12 tháng",65,840000,Hà Nội,https://img.lazcdn.com/g/p/549fc3fa7ee835d11af459d03d8cbd37.jpg_200x200q80.avif,<s>,<s>,<s>,<s>,12 tháng
https://www.lazada.vn/products/pdp-i3103905321.html,"Điện Thoại Oukitel WP38 4G | Pin 10600mAh, RAM 12GB, ROM 256GB, ANDROID 13",50,1227500,Hà Nội,https://img.lazcdn.com/g/p/f0cec3b869cb9509c2750bd87011e971.jpg_200x200q80.avif,<s>,Oukitel WP38 4G,12GB,256GB,<s>
https://www.lazada.vn/products/pdp-i3103900249.html,"Điện thoại siêu phẩm SS_ z f0ld 5 256GB-Chính hãng mới 100%, Bảo hành chính hãng 12 tháng.",65,1120000,Hà Nội,https://img.lazcdn.com/g/p/6e1e3696a85a2b650580f645ba8f2fc7.jpg_200x200q80.avif,<s>,SS_ z f0ld 5,<s>,<s>,12 tháng
https://www.lazada.vn/products/pdp-i3103895410.html,"Điện thoại SS 23ut máy 2sim ram 12G/512G Chính Hãng, bảo hành 12 tháng",65,910000,Hà Nội,https://img.lazcdn.com/g/p/f28660b3cb1fadc4bc0251d0b6a92bf2.jpg_200x200q80.avif,<s>,<s>,<s>,<s>,12 tháng
https://www.lazada.vn/products/pdp-i3103893291.html,"Điện thoại siêu phẩm SS_ z f0ld 4 256GB-Chính hãng mới 100%, Bảo hành chính hãng 12 tháng.",65,980000,Hà Nội,https://img.lazcdn.com/g/p/f5eb29d04b110755db15abe4a296be1f.jpg_200x200q80.avif,<s>,SS_ z f0ld 4,<s>,<s>,12 tháng
https://www.lazada.vn/products/pdp-i3103890532.html,"Điện thoại chắc chắn Oukitel WP28 S (Màn hình HD 6,52"",pin 10600mAh,NFC,Ram 16GB(4+12),Rom 128GB, Android 14, Camera13M)",50,1009000,Hà Nội,https://img.lazcdn.com/g/p/939d435e2e7f9dd5c3dbb518d932dd6f.jpg_200x200q80.avif,<s>,Oukitel WP28 S,<s>,128GB,<s>
https://www.lazada.vn/products/pdp-i3103883541.html,[Chính hãng] Điện thoại 0pp0_FFind_X8 Pr0 (12GB/256GB) - Hàng chính hãng,65,1050000,Hà Nội,https://img.lazcdn.com/g/p/0bcdfbf785cea87ae8ed481d946d566c.jpg_200x200q80.avif,<s>,Điện thoại 0pp0_FFind_X8 Pr0 (12GB/256GB),<s>,<s>,<s>
https://www.lazada.vn/products/pdp-i3103879375.html,"Điện thoại Red.mi Note 11 pro 2sim ram 8G/128G, Cấu hình mạnh, cày game nặng siêu mượt, VÂN TAY OK",50,800000,Hải Phòng,https://img.lazcdn.com/g/p/a4a317aaa363f909b0125c001e29efa0.jpg_200x200q80.avif,<s>,"Red.mi Note 11 pro 2sim ram 8G/128G, Cấu hình mạnh, cày game nặng siêu mượt, VÂN TAY OK",,<s>,<s>
https://www.lazada.vn/products/pdp-i3103875704.html,"Điện thoại siêu phẩm SS_ A55 5G 128GB-Chính hãng newseal 100%, Bảo hành chính hãng 12 tháng.",50,1100000,Hồ Chí Minh,https://img.lazcdn.com/g/p/1d3dc590396f33e0b4fe9062d507d14f.jpg_200x200q80.avif,<s>,SS_ A55 5G,<s>,<s>,12 tháng
https://www.lazada.vn/products/pdp-i3103873685.html,"Điện thoại SS A32 máy 2sim ram 6G/128G Chính Hãng, VÂN TAY OK",50,800000,Hồ Chí Minh,https://img.lazcdn.com/g/p/724767a6ee1a8450f63d74b616647f8d.jpg_200x200q80.avif,<s>,"Điện thoại SS A32 máy 2sim ram 6G/128G Chính Hãng, VÂN TAY OK",<s>,<s>,<s>
https://www.lazada.vn/products/pdp-i3103873393.html,"Oukitel WP32 Pro siêu bền(RAM 24Gb(6GB + 18GB),ROM 256GB,NFC,Màn hình 6.0 inch, Android 14,T606 Octa Core, OTG)",50,1159000,Hà Nội,https://img.lazcdn.com/g/p/3044e756ab9ee3bef13162d3d04a2b48.jpg_200x200q80.avif,<s>,Oukitel WP32 Pro,24Gb,,<s>
https://www.lazada.vn/products/pdp-i3103856703.html,"Điện thoại mi Mi 15 Utra Cấu hình mạnh, cày game nặng siêu mượt (16+512GB) | Màn hình 6.73""",50,1600000,Thái Bình,https://img.lazcdn.com/g/p/e1b036f4d90d6246add04aa67b41a053.jpg_200x200q80.avif,<s>,<s>,<s>,<s>,<s>
https://www.lazada.vn/products/pdp-i3103856507.html,điện thoại 0PP0 Ren08pr0 5G (12GB/256GB) | Cấu hình Cao Chiến mọi Game mượt - Hàng chính hãng Bảo hành 12 tháng,50,900000,Hải Phòng,https://img.lazcdn.com/g/p/674c91cf325950e41cd7550b3f1864cd.jpg_200x200q80.avif,<s>,0PP0 Ren08pr0 5G (12GB/256GB),<s>,<s>,12 tháng
https://www.lazada.vn/products/pdp-i3103843788.html,"Điện thoạimi Mi 13 Utra Cấu hình mạnh, cày game nặng siêu mượt",65,840000,Hà Nội,https://img.lazcdn.com/g/p/9f7e6b4f58058bbdcdf56da994529595.jpg_200x200q80.avif,<s>,,<s>,<s>,<s>
https://www.lazada.vn/products/pdp-i3103840829.html,[Chính hãng]Điện thoại 0PP0_Ren0 13 5G - (BH 12 tháng Lỗi 1 đổi 1 trong 30 ngày),50,1400000,Thái Bình,https://img.lazcdn.com/g/p/a819fad4b27b1ec18e35d18ddb8f56a5.jpg_200x200q80.avif,<s>,,<s>,<s>,<s>
https://www.lazada.vn/products/pdp-i3103837547.html,"Điện thoại oukitel  wp21 (Ram 12Gb,Rom 256Gb ,chống sốc,chống nước,pin khủng, pin 9.800mAh)",65,776300,Hà Nội,https://img.lazcdn.com/g/p/14502e16da2f013d6b77bf07b5f08305.jpg_200x200q80.avif,<s>,Điện thoại oukitel wp21,,256Gb,<s>
https://www.lazada.vn/products/pdp-i3103832544.html,"Điện thoại Red.mi Note 11 pro 2sim ram 8G/128G, Cấu hình mạnh, cày game nặng siêu mượt, VÂN TAY OK",65,560000,Hà Nội,https://img.lazcdn.com/g/p/a4a317aaa363f909b0125c001e29efa0.jpg_200x200q80.avif,<s>,"Red.mi Note 11 pro 2sim ram 8G/128G, Cấu hình mạnh, cày game nặng siêu mượt, VÂN TAY OK",,<s>,<s>
https://www.lazada.vn/products/pdp-i3103830553.html,"Điện thoại Ss M51 2sim ram 8G/128G, Cấu hình Cao Chiến mọi Game mượt, Chụp ảnh đẹp, VÂN TAY OK",50,700000,Hà Nội,https://img.lazcdn.com/g/p/09690e5a3d594637b503730822509ecc.jpg_200x200q80.avif,<s>,<s>,,<s>,<s>
https://www.lazada.vn/products/pdp-i3103828637.html,"Điện thoạimi Mi 14 Utra Cấu hình mạnh, cày game nặng siêu mượt (16+512GB) | Màn hình 6.73",50,1400000,Bắc Giang,https://img.lazcdn.com/g/p/46adb94ff5bb2bb07e7386372409f852.jpg_200x200q80.avif,<s>,,<s>,<s>,<s>
https://www.lazada.vn/products/pdp-i3103827846.html,điện thoại 0PP0 Ren012 5G (12GB/256GB) | Cấu hình Cao Chiến mọi Game mượt - Hàng chính hãng Bảo hành 12 tháng,65,665000,Hà Nội,https://img.lazcdn.com/g/p/88036aff56da54e1dafcb8a56ec0f5bd.jpg_200x200q80.avif,<s>,0PP0 Ren012 5G (12GB/256GB),<s>,<s>,12 tháng
https://www.lazada.vn/products/pdp-i3103824582.html,"Điện thoại siêu phẩm SS_ A72 5G 128GB-Chính hãng newseal 100%, Bảo hành chính hãng 12 tháng.",50,820000,Hà Nội,https://img.lazcdn.com/g/p/5902f9c37479817cea7fcb870f00bb93.jpg_200x200q80.avif,<s>,SS_ A72 5G,<s>,<s>,12 tháng
https://www.lazada.vn/products/pdp-i3103812982.html,"Unihertz tank 2 Pro (pin 23800 mAh,Ram 24GB(12+12),Rom 512GB,máy chiếu 2.4K, Android 14,camera 100MP, NFC, cốc sạt 120W)",65,986300,Hà Nội,https://img.lazcdn.com/g/p/28bcd5b0fedd6364f660f0ca0281250c.jpg_200x200q80.avif,<s>,Unihertz tank 2 Pro,,512GB,<s>
https://www.lazada.vn/products/pdp-i3103811899.html,"Điện thoại SS 24ut máy 2sim ram 12G/512G Chính Hãng, bảo hành 12 tháng",50,1500000,Hồ Chí Minh,https://img.lazcdn.com/g/p/5d75944756c32a7fad2b4640e8135ecb.jpg_200x200q80.avif,<s>,<s>,<s>,<s>,12 tháng
https://www.lazada.vn/products/pdp-i3103811895.html,"Điện thoại SS 23ut máy 2sim ram 12G/512G Chính Hãng, bảo hành 12 tháng",50,1300000,Hồ Chí Minh,https://img.lazcdn.com/g/p/f28660b3cb1fadc4bc0251d0b6a92bf2.jpg_200x200q80.avif,<s>,<s>,<s>,<s>,12 tháng
https://www.lazada.vn/products/pdp-i3103810888.html,"Điện thoại SS 24ut máy 2sim ram 12G/512G Chính Hãng, bảo hành 12 tháng",50,1500000,Thái Bình,https://img.lazcdn.com/g/p/5d75944756c32a7fad2b4640e8135ecb.jpg_200x200q80.avif,<s>,<s>,<s>,<s>,12 tháng
https://www.lazada.vn/products/pdp-i3103804999.html,[Chính hãng] Điện thoại Opp0 FFIND N3 FLIP (12GB/256GB) - Hàng chính hãng,65,1050000,Hà Nội,https://img.lazcdn.com/g/p/72387abcc588df9763079c9cc69ef2fc.jpg_200x200q80.avif,<s>,Điện thoại Opp0 FFIND N3 FLIP (12GB/256GB),<s>,<s>,<s>
https://www.lazada.vn/products/pdp-i3103800855.html,"Điện thoại siêu phẩm SS_ z f0ld 5 256GB-Chính hãng mới 100%, Bảo hành chính hãng 12 tháng.",50,1600000,Thái Bình,https://img.lazcdn.com/g/p/6e1e3696a85a2b650580f645ba8f2fc7.jpg_200x200q80.avif,<s>,SS_ z f0ld 5,<s>,<s>,12 tháng
https://www.lazada.vn/products/pdp-i3103793769.html,"Điện thoại chắc chắn Unihertz Tank (Pin khủng 22000mAh, RAM 22GB,Rom 256GB ,Chống nước ,Chống bụi Chống sốc, Face ID )",65,916300,Hà Nội,https://img.lazcdn.com/g/p/448bed97859c0571ae5441068be0aa82.jpg_200x200q80.avif,<s>,Unihertz Tank,22GB,256GB,<s>
https://www.lazada.vn/products/pdp-i3103773838.html,"Điện thoại siêu phẩm SS_ A55 5G 128GB-Chính hãng newseal 100%, Bảo hành chính hãng 12 tháng.",65,770000,Hà Nội,https://img.lazcdn.com/g/p/1d3dc590396f33e0b4fe9062d507d14f.jpg_200x200q80.avif,<s>,SS_ A55 5G,<s>,<s>,12 tháng
https://www.lazada.vn/products/pdp-i3103759941.html,"Điện thoại siêu bền Oukitel WP36(loa to Âm thanh 8D Triple-Cam,Pin 10600mAh,Ram16GB(8+8),Rom128GB,CPU MediaTek 8788)",65,916300,Hà Nội,https://img.lazcdn.com/g/p/9fa8e3c283eaa99c8132adccfe44f863.jpg_200x200q80.avif,<s>,,<s>,<s>,<s>
https://www.lazada.vn/products/pdp-i3103750991.html,"Điện thoạimi Mi 14 Utra Cấu hình mạnh, cày game nặng siêu mượt  (16+512GB) | Màn hình 6.73""",65,980000,Hà Nội,https://img.lazcdn.com/g/p/46adb94ff5bb2bb07e7386372409f852.jpg_200x200q80.avif,<s>,,<s>,<s>,<s>
https://www.lazada.vn/products/pdp-i3103164220.html,"Điện thoại siêu phẩm SS_ z f0ld 5 256GB-Chính hãng mới 100%, Bảo hành chính hãng 12 tháng.",50,1600000,Hà Nội,https://img.lazcdn.com/g/p/6e1e3696a85a2b650580f645ba8f2fc7.jpg_200x200q80.avif,<s>,SS_ z f0ld 5,<s>,<s>,12 tháng
https://www.lazada.vn/products/pdp-i3103063907.html,"Điện thoạimi Mi 14 Utra Cấu hình mạnh, cày game nặng siêu mượt  (16+512GB) | Màn hình 6.73""",50,1400000,Hà Nội,https://img.lazcdn.com/g/p/46adb94ff5bb2bb07e7386372409f852.jpg_200x200q80.avif,<s>,,<s>,<s>,<s>
https://www.lazada.vn/products/pdp-i3102961343.html,Điện Thoại Xiaomi 14 5G (16GB/512GB) Chính Hãng 100% Nguyên Kiện Full Box Nguyên Seal Bảo Hành 18 Tháng,40,3999000,Hà Nội,https://img.lazcdn.com/g/p/a7f0b9d17b3ea9549306445bdb43a229.jpg_200x200q80.avif,<s>,,<s>,<s>,18 Tháng
https://www.lazada.vn/products/pdp-i3102883342.html,Điện Thoại Samsung Galaxy A15 (8GB/256GB) Chính Hãng 100% Full Box Nguyên Seal Bảo Hành 18 Tháng,36,3599000,Hà Nội,https://img.lazcdn.com/g/p/57a49456543a5ca8427a9e52c2088ddf.jpg_200x200q80.avif,<s>,Samsung Galaxy A15 (8GB/256GB),<s>,<s>,18 Tháng
https://www.lazada.vn/products/pdp-i3102778847.html,Điện Thoại Xiaomi Redmi 14C 4G (6GB/128GB) Chính Hãng 100% Mới Full Box Nguyên Seal Bảo Hành 18 Tháng,43,2599000,Hà Nội,https://img.lazcdn.com/g/p/dc646693cf7c2d23659eb0f1fab1bdea.jpg_200x200q80.avif,<s>,,<s>,<s>,18 Tháng
https://www.lazada.vn/products/pdp-i3102703513.html,Điện Thoại HONOR X7c (8GB/256GB) Chính Hãng 100% Full Box Nguyên Seal Bảo Hành 18 Tháng,40,3299000,Hà Nội,https://img.lazcdn.com/g/p/e13b5fa22bdf9e43e04991814b6cffc7.jpg_200x200q80.avif,<s>,Điện Thoại HONOR X7c (8GB/256GB),<s>,<s>,18 Tháng
https://www.lazada.vn/products/pdp-i3102634893.html,Điện Thoại Nubia Neo 2 (8GB+12GB/256GB) Chính hãng 100% Full Box Nguyên Seal Bảo Hành 18 Tháng,39,3499000,Hà Nội,https://img.lazcdn.com/g/p/acb29da1c0e43ff91dd802ee28ca7a87.jpg_200x200q80.avif,<s>,Nubia Neo 2,<s>,<s>,18 Tháng
https://www.lazada.vn/products/pdp-i3102037233.html,Điện thoại Samsung Galaxy J4+ ngoại hình còn mới 85-90% dùng rất ok,49,459000,Bình Định,https://img.lazcdn.com/g/p/47c161741c192b100eb1a8c3640bf319.jpg_200x200q80.avif,<s>,,<s>,<s>,<s>
https://www.lazada.vn/products/pdp-i3101994284.html,Điện thoại Samsung Galaxy J4 Core ngoại hình còn 85%,27,440000,Bình Định,https://img.lazcdn.com/g/p/6e36fffafe846a5188309ea0505599ef.jpg_200x200q80.avif,<s>,Samsung Galaxy J4 Core,<s>,<s>,<s>
https://www.lazada.vn/products/pdp-i3101990332.html,ĐIỆN THOẠI SAMSUNG J6 PLUS 3/32Gb còn mới 85%,50,550000,Bình Định,https://img.lazcdn.com/g/p/18b551858f33f21c93a5de49d37ae3f3.jpg_200x200q80.avif,SAMSUNG,SAMSUNG J6 PLUS,<s>,85%,<s>
https://www.lazada.vn/products/pdp-i3096906312.html,đien thoại giá rẻ nhất Giảm giá sốc Mới 100% Hỗ trợ 4G/5G Điện thoại giá rẻ Trung Quốc Cấu hình mạnh đỉnh Giao hàng nhận tiền siêu mượt đt siêu rẻ,45,1221654,Hà Nội,https://img.lazcdn.com/g/p/b7818b255617044c4ef5bb590c30f164.jpg_200x200q80.avif,<s>,<s>,<s>,<s>,<s>
https://www.lazada.vn/products/pdp-i3096859475.html,điên thoại gia rẻ Hàng mới về đt giá rẻ cho hs Giảm giá sốc Điện thoại phổ thông Hỗ trợ 4G/5G Mobile Cấu hình mạnh đỉnh dt gia rẻ,46,1212163,Hà Nội,https://img.lazcdn.com/g/p/126aef3bbea1d0c1bdfa4545cffaf67e.jpg_200x200q80.avif,<s>,điên thoại gia rẻ,<s>,<s>,<s>
https://www.lazada.vn/products/pdp-i3096734021.html,Điện Thoại NUBIA V70 DESIGN (8GB-128GB) Chính hãng 100% Full Box Nguyên Seal Bảo Hành 18 Tháng,33,1999000,Hà Nội,https://img.lazcdn.com/g/p/97a15abe89eab7684780a0049c107bf0.jpg_200x200q80.avif,<s>,NUBIA V70 DESIGN (8GB-128GB),<s>,<s>,18 Tháng
https://www.lazada.vn/products/pdp-i3105972326.html,Điện Thoại POCO X6 5G (8GB/256GB) Chính Hãng 100% Full Box Nguyên Seal Bảo Hành 18 Tháng,42,3299000,Hà Nội,https://img.lazcdn.com/g/p/23d711e076fb44fc3b3750d8803af188.jpg_200x200q80.avif,<s>,Điện Thoại POCO X6 5G (8GB/256GB),<s>,<s>,18 Tháng
https://www.lazada.vn/products/pdp-i3096763765.html,điện thoại cảm ứng giá rẻ Hàng mới về thanh lý giá điện thoại 7.3inch đien thoại giá rẻ nhất Pin trâu 7800mAh Nguyên bản mới Giảm giá sốc dt gia rẻ,45,1136959,Hà Nội,https://img.lazcdn.com/g/p/9f81456d8d7ee399279d3f74469ad0c9.jpg_200x200q80.avif,<s>,điện thoại cảm ứng giá rẻ,7800mAh,<s>,<s>
https://www.lazada.vn/products/pdp-i3096642831.html,Điện Thoại Xiaomi Redmi Note 13 (8GB-256GB) Chính Hãng 100% Full Box Nguyên Seal Bảo Hành 18 Tháng,41,2899000,Hà Nội,https://img.lazcdn.com/g/p/133c4614e0beb164062407a18d4316df.jpg_200x200q80.avif,<s>,Xiaomi Redmi Note 13,<s>,<s>,18 Tháng
https://www.lazada.vn/products/pdp-i3096529838.html,Điện Thoại Xiaomi Redmi Note 12 Turbo 5G (12GB - 256GB) Chính Hãng 100% Full Box Nguyên Seal Bảo Hành 18 Tháng,42,3399000,Hà Nội,https://img.lazcdn.com/g/p/5b3da751f7b419d9b483e5c2b1f42a3a.jpg_200x200q80.avif,<s>,,<s>,<s>,18 Tháng
https://www.lazada.vn/products/pdp-i3095091385.html,"Điện thoại Samsung Galaxy Z Flip6, điện thoại AI, pin lớn 4000mAh, Flexcam 50MP- TEST",0,100000,Bình Dương,https://img.lazcdn.com/g/p/f243c527f631b848f2590fab50b30641.jpg_200x200q80.avif,<s>,,<s>,<s>,<s>
https://www.lazada.vn/products/pdp-i3095057095.html,"Điện thoại chắc chắn unihertz Tank 3 (pin  23800mAh,sạc nhanh  120W, Ram 32GB(16+16),rom  512GB, ,5G , Android 13)",65,1021300,Hà Giang,https://img.lazcdn.com/g/p/a254e8c1c4db9d911c883a740dcc418f.jpg_200x200q80.avif,<s>,unihertz Tank 3,32GB,,<s>
https://www.lazada.vn/products/pdp-i3095056084.html,điện thoại 0PP0 Ren08pr0 5G (12GB/256GB) | Cấu hình Cao Chiến mọi Game mượt - Hàng chính hãng Bảo hành 12 tháng,65,630000,Hà Giang,https://img.lazcdn.com/g/p/674c91cf325950e41cd7550b3f1864cd.jpg_200x200q80.avif,<s>,0PP0 Ren08pr0 5G (12GB/256GB),<s>,<s>,12 tháng
https://www.lazada.vn/products/pdp-i3095053116.html,[Chính hãng] Điện thoại 0pp0_FFind_X8 Pr0 (12GB/256GB) - Hàng chính hãng,65,1050000,Hà Giang,https://img.lazcdn.com/g/p/0bcdfbf785cea87ae8ed481d946d566c.jpg_200x200q80.avif,<s>,Điện thoại 0pp0_FFind_X8 Pr0 (12GB/256GB),<s>,<s>,<s>
https://www.lazada.vn/products/pdp-i3095049118.html,"Điện thoại siêu phẩm SS_ z f0ld 5 256GB-Chính hãng mới 100%, Bảo hành chính hãng 12 tháng.",50,1600000,Hà Giang,https://img.lazcdn.com/g/p/6e1e3696a85a2b650580f645ba8f2fc7.jpg_200x200q80.avif,<s>,SS_ z f0ld 5,<s>,<s>,12 tháng
https://www.lazada.vn/products/pdp-i3095044134.html,"Điện thoại SS 24ut máy 2sim ram 12G/512G Chính Hãng, bảo hành 12 tháng",65,1050000,Hà Giang,https://img.lazcdn.com/g/p/5d75944756c32a7fad2b4640e8135ecb.jpg_200x200q80.avif,<s>,<s>,<s>,<s>,12 tháng
https://www.lazada.vn/products/pdp-i3095044130.html,"Điện thoại SS 23ut máy 2sim ram 12G/512G Chính Hãng, bảo hành 12 tháng",65,910000,Hà Giang,https://img.lazcdn.com/g/p/f28660b3cb1fadc4bc0251d0b6a92bf2.jpg_200x200q80.avif,<s>,<s>,<s>,<s>,12 tháng
https://www.lazada.vn/products/pdp-i3095015463.html,"Điện thoại  Redmi_n0te 12 Ram 8GB/128GB pin 5000 mAh máy chính hãng, bảo hành 12 tháng",65,560000,Hồ Chí Minh,https://img.lazcdn.com/g/p/007c3af28afea99fb048a87be68d07c9.jpg_200x200q80.avif,<s>,Redmi_n0te 12,5000 mAh,5000 mAh,12 tháng
https://www.lazada.vn/products/pdp-i3095009279.html,điện thoại 0PP0 Ren012 5G (12GB/256GB) | Cấu hình Cao Chiến mọi Game mượt - Hàng chính hãng Bảo hành 12 tháng,65,665000,Hà Giang,https://img.lazcdn.com/g/p/88036aff56da54e1dafcb8a56ec0f5bd.jpg_200x200q80.avif,<s>,0PP0 Ren012 5G (12GB/256GB),<s>,<s>,12 tháng
https://www.lazada.vn/products/pdp-i3094993362.html,"Điện thoại siêu bền Oukitel WP36(loa to Âm thanh 8D Triple-Cam,Pin 10600mAh,Ram16GB(8+8),Rom128GB,CPU MediaTek 8788)",65,916300,Hà Giang,https://img.lazcdn.com/g/p/9fa8e3c283eaa99c8132adccfe44f863.jpg_200x200q80.avif,<s>,,<s>,<s>,<s>
https://www.lazada.vn/products/pdp-i3094990289.html,"Điện thoạimi Mi 13 Utra Cấu hình mạnh, cày game nặng siêu mượt",50,1200000,Hà Giang,https://img.lazcdn.com/g/p/9f7e6b4f58058bbdcdf56da994529595.jpg_200x200q80.avif,<s>,,<s>,<s>,<s>
https://www.lazada.vn/products/pdp-i3094988302.html,"Oukitel WP32 Pro siêu bền(RAM 24Gb(6GB + 18GB),ROM 256GB,NFC,Màn hình 6.0 inch, Android 14,T606 Octa Core, OTG)",50,1159000,Hà Giang,https://img.lazcdn.com/g/p/3044e756ab9ee3bef13162d3d04a2b48.jpg_200x200q80.avif,<s>,Oukitel WP32 Pro,24Gb,,<s>
https://www.lazada.vn/products/pdp-i3094981279.html,"Điện thoại siêu phẩm SS_ z f0ld 4 256GB-Chính hãng mới 100%, Bảo hành chính hãng 12 tháng.",65,980000,Hà Giang,https://img.lazcdn.com/g/p/f5eb29d04b110755db15abe4a296be1f.jpg_200x200q80.avif,<s>,SS_ z f0ld 4,<s>,<s>,12 tháng
https://www.lazada.vn/products/pdp-i3094981277.html,"Điện thoại chắc chắn Oukitel WP28 S (Màn hình HD 6,52"",pin 10600mAh,NFC,Ram 16GB(4+12),Rom 128GB, Android 14, Camera13M)",65,706300,Hà Giang,https://img.lazcdn.com/g/p/939d435e2e7f9dd5c3dbb518d932dd6f.jpg_200x200q80.avif,<s>,Oukitel WP28 S,<s>,128GB,<s>
https://www.lazada.vn/products/pdp-i3094980270.html,"Điện thoại Redmi_n0te 13pr Ram 8GB/128GB pin 5000 mAh máy chính hãng, bảo hành 12 tháng",65,840000,Hà Giang,https://img.lazcdn.com/g/p/0ae58627d8a42f5390b5278cd0d5a660.jpg_200x200q80.avif,<s>,,8GB/128GB pin 5000 mAh,5000 mAh,12 tháng
https://www.lazada.vn/products/pdp-i3094979283.html,"Điện thoại Ss M51 2sim ram 8G/128G, Cấu hình Cao Chiến mọi Game mượt, Chụp ảnh đẹp, VÂN TAY OK",65,490000,Hà Giang,https://img.lazcdn.com/g/p/09690e5a3d594637b503730822509ecc.jpg_200x200q80.avif,<s>,<s>,,<s>,<s>
https://www.lazada.vn/products/pdp-i3094923563.html,"Điện thoại chắc chắn Unihertz Tank (Pin khủng 22000mAh, RAM 22GB,Rom 256GB ,Chống nước ,Chống bụi Chống sốc, Face ID )",50,1309000,Hà Giang,https://img.lazcdn.com/g/p/448bed97859c0571ae5441068be0aa82.jpg_200x200q80.avif,<s>,Unihertz Tank,22GB,256GB,<s>
https://www.lazada.vn/products/pdp-i3094910891.html,Điện Thoại Xiaomi 14T 5G (12GB/512GB) Chính Hãng 100% Full Box Nguyên Seal Bảo Hành 18 Tháng,33,4599000,Hà Nội,https://img.lazcdn.com/g/p/5906d9a83c45a4b84bc1d743cba495f5.jpg_200x200q80.avif,<s>,Điện Thoại Xiaomi 14T 5G (12GB/512GB),<s>,<s>,18 Tháng
https://www.lazada.vn/products/pdp-i3094897485.html,[Chính hãng]Điện thoại 0PP0_Ren0 13 5G - (BH 12 tháng Lỗi 1 đổi 1 trong 30 ngày),65,980000,Hà Giang,https://img.lazcdn.com/g/p/a819fad4b27b1ec18e35d18ddb8f56a5.jpg_200x200q80.avif,<s>,,<s>,<s>,<s>
https://www.lazada.vn/products/pdp-i3094882525.html,"Điện thoại chắc chắn Oukitel Wp21 Ultra(camera nhiệt ,FLIR,chống nước,chống sốc,pin 9800mAh,Ram 12Gb,Rom 256Gb)",65,1021300,Hà Giang,https://img.lazcdn.com/g/p/ba969a01259cabd4746c1dee00ad9605.jpg_200x200q80.avif,<s>,Oukitel Wp21 Ultra,,256Gb,<s>
https://www.lazada.vn/products/pdp-i3094880705.html,"Unihertz tank 2 Pro (pin 23800 mAh,Ram 24GB(12+12),Rom 512GB,máy chiếu 2.4K, Android 14,camera 100MP, NFC, cốc sạt 120W)",65,986300,Hà Giang,https://img.lazcdn.com/g/p/28bcd5b0fedd6364f660f0ca0281250c.jpg_200x200q80.avif,<s>,Unihertz tank 2 Pro,,512GB,<s>
https://www.lazada.vn/products/pdp-i3094836917.html,"Điện thoại mi Mi 15 Utra Cấu hình mạnh, cày game nặng siêu mượt (16+512GB) | Màn hình 6.73""",65,1120000,Hà Giang,https://img.lazcdn.com/g/p/e1b036f4d90d6246add04aa67b41a053.jpg_200x200q80.avif,<s>,<s>,<s>,<s>,<s>
https://www.lazada.vn/products/pdp-i3094826947.html,"Điện thoại siêu phẩm SS_ A72 5G 128GB-Chính hãng newseal 100%, Bảo hành chính hãng 12 tháng.",65,574000,Hà Giang,https://img.lazcdn.com/g/p/5902f9c37479817cea7fcb870f00bb93.jpg_200x200q80.avif,<s>,SS_ A72 5G,<s>,<s>,12 tháng
https://www.lazada.vn/products/pdp-i3094817435.html,Điện Thoại ZTE Blade A55 (4GB/64GB) Chính Hãng 100% Full Box Nguyên Seal Bảo Hành 18 Tháng,40,1499000,Hà Nội,https://img.lazcdn.com/g/p/d6f3cb12e2369915ed00952c88501671.jpg_200x200q80.avif,<s>,Điện Thoại ZTE Blade A55 (4GB/64GB),<s>,<s>,18 Tháng
https://www.lazada.vn/products/pdp-i3094758823.html,Điện Thoại Motorola Razr 50 Ultra (12GB - 256GB) Chính Hãng 100% Like New Mới Đến 99% Bảo Hành 6 Tháng,32,5199000,Hà Nội,https://img.lazcdn.com/g/p/e4baca46ce0e8606501eedc1aedb541c.jpg_200x200q80.avif,<s>,Razr 50 Ultra,<s>,<s>,6 Tháng
https://www.lazada.vn/products/pdp-i3094750558.html,Điện Thoại Samsung Galaxy A15 (8GB/256GB) Chính Hãng 100% Full Box Nguyên Seal Bảo Hành 18 Tháng,39,3399000,Hà Nội,https://img.lazcdn.com/g/p/988f92961f387891a7360efc4d29835b.jpg_200x200q80.avif,<s>,Samsung Galaxy A15 (8GB/256GB),<s>,<s>,18 Tháng
https://www.lazada.vn/products/pdp-i3094743652.html,Điện Thoại Xiaomi Redmi Note 14 Pro 5G (8GB/256GB) Chính Hãng Full Box Nguyên Seal Bảo Hành 18 Tháng,48,3509100,Hà Nội,https://img.lazcdn.com/g/p/b6f1e38ead6e50862e42dd05c5e66f40.jpg_200x200q80.avif,<s>,,<s>,<s>,18 Tháng
https://www.lazada.vn/products/pdp-i3094727849.html,Điện Thoại Realme GT Neo 7 (12GB-512GB) Chính Hãng Full Box Nguyên Seal Bảo Hành 18 Tháng,48,3599000,Hà Nội,https://img.lazcdn.com/g/p/4fc6e6317d4bac8f9e370c5025f9ad2f.jpg_200x200q80.avif,<s>,Điện Thoại Realme GT Neo 7,<s>,<s>,18 Tháng
https://www.lazada.vn/products/pdp-i3094352336.html,Điện Thoại Google Pixel 7 Pro (12GB - 128GB) Chính Hãng Like New Mới Đến 99% Bảo Hành 6 Tháng,42,3889000,Hà Nội,https://img.lazcdn.com/g/p/25ceed3cdd14aca8907a18c0e0eb7022.jpg_200x200q80.avif,Google,Google Pixel 7 Pro,<s>,<s>,6 Tháng
https://www.lazada.vn/products/pdp-i3094352333.html,Điện Thoại Nubia Neo 2 (8GB+12GB/256GB) Chính hãng 100% Full Box Nguyên Seal Bảo Hành 18 Tháng,38,3399000,Hà Nội,https://img.lazcdn.com/g/p/acb29da1c0e43ff91dd802ee28ca7a87.jpg_200x200q80.avif,<s>,Nubia Neo 2,<s>,<s>,18 Tháng
https://www.lazada.vn/products/pdp-i3094278602.html,Điện Thoại Xiaomi Redmi Note 14 4G (8GB/128GB) Chính Hãng 100% Full Box Nguyên Seal Bảo Hành 18 Tháng Lỗi 1 Đổi 1 Trong 30 Ngày,45,3149100,Hà Nội,https://img.lazcdn.com/g/p/5b590957410f775159878917b54cb842.jpg_200x200q80.avif,<s>,<s>,<s>,<s>,18 Tháng
https://www.lazada.vn/products/pdp-i3094215957.html,Điện thoại Samsung Galaxy A36 5G - Hàng chính hãng- BH 12 tháng,14,7150000,Hà Nội,https://img.lazcdn.com/g/p/17ba408daff16ab2b8f9afe9a055fba9.jpg_200x200q80.avif,<s>,Samsung Galaxy A36 5G,<s>,<s>,12 tháng
https://www.lazada.vn/products/pdp-i3092999210.html,[Chính hãng] Điện thoại Opp0 FFIND N3 (16GB/512GB) - Hàng chính hãng,50,1500000,Hồ Chí Minh,https://img.lazcdn.com/g/p/7cb3bb78e90e2bc2ed62db73b015699e.jpg_200x200q80.avif,<s>,Điện thoại Opp0 FFIND N3 (16GB/512GB),<s>,<s>,<s>
https://www.lazada.vn/products/pdp-i3092998214.html,điện thoại 0PP0 A53 (128GB) |Cấu hình Cao Chiến mọi Game mượt - Hàng chính hãng Bảo hành 12 tháng,50,650000,Hồ Chí Minh,https://img.lazcdn.com/g/p/ea96c7eb07112f2faf8282e6d3bdac3d.jpg_200x200q80.avif,<s>,<s>,<s>,<s>,12 tháng
https://www.lazada.vn/products/pdp-i3092984237.html,[Chính hãng] Điện thoại Opp0 FFIND N5 (16GB/512GB) - Hàng chính hãng,50,1600000,Hồ Chí Minh,https://img.lazcdn.com/g/p/448150a59731e5622f60b1f9e572afb6.jpg_200x200q80.avif,<s>,Điện thoại Opp0 FFIND N5 (16GB/512GB),<s>,<s>,<s>
https://www.lazada.vn/products/pdp-i3092978467.html,"Điện thoại P0c0 X7pr0 Ram 12GB/256GB pin 6000 mAh máy chính hãng, bảo hành 12 tháng",50,1000000,Hồ Chí Minh,https://img.lazcdn.com/g/p/4088d5ec3e9f7d10227ebacbfd214ddc.jpg_200x200q80.avif,<s>,,6000 mAh,6000 mAh,12 tháng
https://www.lazada.vn/products/pdp-i3105005788.html,Điện Thoại HONOR X9c 5G (12GB/256GB) Chính Hàng 100% Full Box Nguyên Seal Bảo Hành 18 Tháng,46,3599000,Hà Nội,https://img.lazcdn.com/g/p/d127c5d7d020c80fd8d6b59f06c05fb2.jpg_200x200q80.avif,<s>,HONOR X9c 5G (12GB/256GB),<s>,<s>,18 Tháng
https://www.lazada.vn/products/pdp-i3092968376.html,"điện thoại 0PP0 A79 5G (8GB/256GB) | Cấu hình Cao Chiến mọi Game mượt - Hàng chính hãng Bảo hành 12 tháng""",50,850000,Hồ Chí Minh,https://img.lazcdn.com/g/p/4302c50ed2deffb143c0de065c38fc34.jpg_200x200q80.avif,<s>,0PP0 A79 5G (8GB/256GB),<s>,<s>,12 tháng
https://www.lazada.vn/products/pdp-i3092949629.html,điện thoại 0PP0 A93s 5G (8GB/256GB) | Cấu hình Cao Chiến mọi Game mượt - Hàng chính hãng Bảo hành 12 tháng,50,700000,Hồ Chí Minh,https://img.lazcdn.com/g/p/3300a8b7b35760c8ade39755f30469db.jpg_200x200q80.avif,<s>,<s> Tên sản phẩm là gì?</s></s> điện thoại 0PP0 A93s 5G (8GB/256GB),<s>,<s>,12 tháng
https://www.lazada.vn/products/pdp-i3092935399.html,điện thoại 0PP0 Ren0  10pr0+ 5G (12GB/256GB) | Cấu hình Cao Chiến mọi Game mượt - Hàng chính hãng Bảo hành 12 tháng,50,1200000,Hồ Chí Minh,https://img.lazcdn.com/g/p/c9800d75f3242b31d013cfdeacfbfec6.jpg_200x200q80.avif,<s>,0PP0 Ren0 10pr0+ 5G (12GB/256GB),<s>,<s>,12 tháng
https://www.lazada.vn/products/pdp-i3092925418.html,"Điện thoại Redmi_n0te 14 pro  Ram 12GB/512GB pin 5110 mAh máy chính hãng, bảo hành 12 tháng",50,1300000,Hồ Chí Minh,https://img.lazcdn.com/g/p/635872d7385961eccb0a933ab641f3ab.jpg_200x200q80.avif,<s>,,12GB/512GB pin 5110 mAh,<s> Bộ nhớ trong (ROM) của sản phẩm là bao nhiêu?</s></s> Điện thoại Redmi_n0te 14 pro Ram 12GB/512GB pin 5110 mAh,12 tháng
https://www.lazada.vn/products/pdp-i3092909468.html,điện thoại 0PP0 A92 (8GB/128GB) | Cấu hình Cao Chiến mọi Game mượt - Hàng chính hãng Bảo hành 12 tháng,50,720000,Hồ Chí Minh,https://img.lazcdn.com/g/p/6511a36f6bd5b3f1a264643cd4166036.jpg_200x200q80.avif,<s>,0PP0 A92 (8GB/128GB),<s>,<s>,12 tháng
https://www.lazada.vn/products/pdp-i3092902703.html,"Điện thoại Redmi_n0te 14 pro plus Ram 12GB/512GB pin 5110 mAh máy chính hãng, bảo hành 12 tháng",50,1400000,Hồ Chí Minh,https://img.lazcdn.com/g/p/ab344f79b1c1a2f2eec197483ef796a0.jpg_200x200q80.avif,<s>,Redmi_n0te 14 pro,12GB/512GB pin 5110 mAh,Ram 12GB/512GB pin 5110 mAh,12 tháng
https://www.lazada.vn/products/pdp-i3092892749.html,điện thoại 0PP0 F11 (6GB/64GB) | Cấu hình Cao Chiến mọi Game mượt - Hàng chính hãng Bảo hành 12 tháng,50,650000,Hồ Chí Minh,https://img.lazcdn.com/g/p/db408caf790633428162ea7edf23d46f.jpg_200x200q80.avif,<s>,0PP0 F11 (6GB/64GB),<s>,<s>,12 tháng
https://www.lazada.vn/products/pdp-i3092888477.html,"Điện thoại Samsung Galaxy A06 5G - Hàng chính hãng, BH 12 tháng",27,2550000,Hà Nội,https://img.lazcdn.com/g/p/bc9360439633a13efc380e665cb2c806.jpg_200x200q80.avif,<s>,Samsung Galaxy A06 5G,<s>,<s>,<s>
https://www.lazada.vn/products/pdp-i3092885463.html,điện thoại 0PP0 A57 (128GB) | Cấu hình Cao Chiến mọi Game mượt - Hàng chính hãng Bảo hành 12 tháng,50,730000,Hồ Chí Minh,https://img.lazcdn.com/g/p/857100c619ff722fa2778d31fb3f04a4.jpg_200x200q80.avif,<s>,<s>,<s>,<s>,12 tháng
https://www.lazada.vn/products/pdp-i3092884477.html,"điện thoại 0PP0 Ren0 10pr0 5G (12GB/256GB) | Cấu hình Cao Chiến mọi Game mượt - Hàng chính hãng Bảo hành 12 tháng""",50,1100000,Hồ Chí Minh,https://img.lazcdn.com/g/p/8acf046fca9c180c128ddfd1239db733.jpg_200x200q80.avif,<s>,<s> Tên sản phẩm là gì?</s></s> điện thoại 0PP0 Ren0 10pr0 5G (12GB/256GB),<s>,<s>,12 tháng
https://www.lazada.vn/products/pdp-i3092880721.html,[Chính hãng]Điện thoại 0PP0_Ren0 13 pro 5G (12/512) - BH 12 tháng Lỗi 1 đổi 1 trong 30 ngày,50,1500000,Hồ Chí Minh,https://img.lazcdn.com/g/p/9e45167268e9767cf8e3ad3179ce3ebe.jpg_200x200q80.avif,<s>,,<s>,<s>,<s> Sản phẩm được bảo hành bao lâu?</s></s> [Chính hãng]Điện thoại 0PP0_Ren0 13 pro 5G (12/512) - BH 12 tháng Lỗi 1 đổi 1 trong 30 ngày
https://www.lazada.vn/products/pdp-i3092872547.html,Điện thoại Samsung Galaxy A26 5G- Hàng chính hãng- BH 12 tháng,0,6990000,Hà Nội,https://img.lazcdn.com/g/p/aae7a8cade2eb4fecfc97331e7219f77.jpg_200x200q80.avif,<s>,,<s>,<s>,12 tháng
https://www.lazada.vn/products/pdp-i3092868760.html,"Điện thoại oukitel  wp21 (Ram 12Gb,Rom 256Gb ,chống sốc,chống nước,pin khủng, pin 9.800mAh)",50,1109000,Cần Thơ,https://img.lazcdn.com/g/p/14502e16da2f013d6b77bf07b5f08305.jpg_200x200q80.avif,<s>,Điện thoại oukitel wp21,,256Gb,<s>
https://www.lazada.vn/products/pdp-i3092865748.html,"Điện thoại mi Mi 15 Cấu hình mạnh, cày game nặng siêu mượt (12+256B) | Màn hình 6.36",50,1300000,Hồ Chí Minh,https://img.lazcdn.com/g/p/f022ab76aa346c6622db7d4b51b9fe23.jpg_200x200q80.avif,<s>,<s>,<s>,<s>,<s>
https://www.lazada.vn/products/pdp-i3092864712.html,điện thoại 0PP0 A93 5G (8GB/128GB) | Cấu hình Cao Chiến mọi Game mượt - Hàng chính hãng Bảo hành 12 tháng,50,750000,Hồ Chí Minh,https://img.lazcdn.com/g/p/ff9684b8acfbb55477c1e65c3b3c1771.jpg_200x200q80.avif,<s>,0PP0 A93 5G (8GB/128GB),<s>,<s>,12 tháng
https://www.lazada.vn/products/pdp-i3092641047.html,"Điện thoại Oukitel WP19 Pin 21000mAh, Vua pin siêu bền, Ram 8G Rom 256G Chính Hãng (tặng cáp bảo vệ sạc)",65,671300,Hà Nội,https://img.lazcdn.com/g/p/5c38be3cbe7e4ccfbf3e77a84fc4878d.jpg_200x200q80.avif,<s>,,8G Rom 256G,<s>,<s>
https://www.lazada.vn/products/pdp-i3092634103.html,"Điện thoại Ss M51 2sim ram 8G/128G, Cấu hình Cao Chiến mọi Game mượt, Chụp ảnh đẹp, VÂN TAY OK",65,490000,Hà Nội,https://img.lazcdn.com/g/p/09690e5a3d594637b503730822509ecc.jpg_200x200q80.avif,<s>,<s>,,<s>,<s>
https://www.lazada.vn/products/pdp-i3092628102.html,"Điện thoại SS 24ut máy 2sim ram 12G/512G Chính Hãng, bảo hành 12 tháng",65,1050000,Hà Nội,https://img.lazcdn.com/g/p/5d75944756c32a7fad2b4640e8135ecb.jpg_200x200q80.avif,<s>,<s>,<s>,<s>,12 tháng
https://www.lazada.vn/products/pdp-i3092625090.html,"Điện thoại SS A32 máy 2sim ram 6G/128G Chính Hãng, VÂN TAY OK",65,560000,Hà Nội,https://img.lazcdn.com/g/p/724767a6ee1a8450f63d74b616647f8d.jpg_200x200q80.avif,<s>,"Điện thoại SS A32 máy 2sim ram 6G/128G Chính Hãng, VÂN TAY OK",<s>,<s>,<s>
https://www.lazada.vn/products/pdp-i3092611129.html,"Điện thoại Red.mi Note 11 pro 2sim ram 8G/128G, Cấu hình mạnh, cày game nặng siêu mượt, VÂN TAY OK",50,800000,Đồng Nai,https://img.lazcdn.com/g/p/a4a317aaa363f909b0125c001e29efa0.jpg_200x200q80.avif,<s>,"Red.mi Note 11 pro 2sim ram 8G/128G, Cấu hình mạnh, cày game nặng siêu mượt, VÂN TAY OK",,<s>,<s>
https://www.lazada.vn/products/pdp-i3092610137.html,[Chính hãng]Điện thoại 0PP0_Ren0 13 5G - (BH 12 tháng Lỗi 1 đổi 1 trong 30 ngày),50,1400000,Đồng Nai,https://img.lazcdn.com/g/p/a819fad4b27b1ec18e35d18ddb8f56a5.jpg_200x200q80.avif,<s>,,<s>,<s>,<s>
https://www.lazada.vn/products/pdp-i3092589228.html,"Điện thoại siêu phẩm SS_ z f0ld 5 256GB-Chính hãng mới 100%, Bảo hành chính hãng 12 tháng.",65,1120000,Hà Nội,https://img.lazcdn.com/g/p/6e1e3696a85a2b650580f645ba8f2fc7.jpg_200x200q80.avif,<s>,SS_ z f0ld 5,<s>,<s>,12 tháng
https://www.lazada.vn/products/pdp-i3092586161.html,"Điện thoại SS 22ut máy 2sim ram 12G/256G Chính Hãng, bảo hành 12 tháng",65,840000,Hà Nội,https://img.lazcdn.com/g/p/549fc3fa7ee835d11af459d03d8cbd37.jpg_200x200q80.avif,<s>,<s>,<s>,<s>,12 tháng
https://www.lazada.vn/products/pdp-i3092584183.html,"Điện thoại siêu phẩm SS_ A55 5G 128GB-Chính hãng newseal 100%, Bảo hành chính hãng 12 tháng.",65,770000,Hà Nội,https://img.lazcdn.com/g/p/1d3dc590396f33e0b4fe9062d507d14f.jpg_200x200q80.avif,<s>,SS_ A55 5G,<s>,<s>,12 tháng
https://www.lazada.vn/products/pdp-i3092582171.html,điện thoại 0PP0 Ren08pr0 5G (12GB/256GB) | Cấu hình Cao Chiến mọi Game mượt - Hàng chính hãng Bảo hành 12 tháng,65,630000,Hà Nội,https://img.lazcdn.com/g/p/674c91cf325950e41cd7550b3f1864cd.jpg_200x200q80.avif,<s>,0PP0 Ren08pr0 5G (12GB/256GB),<s>,<s>,12 tháng
https://www.lazada.vn/products/pdp-i3092556304.html,"Điện thoại  Redmi_n0te 12 Ram 8GB/128GB pin 5000 mAh máy chính hãng, bảo hành 12 tháng",65,560000,Hà Nội,https://img.lazcdn.com/g/p/007c3af28afea99fb048a87be68d07c9.jpg_200x200q80.avif,<s>,Redmi_n0te 12,5000 mAh,5000 mAh,12 tháng
https://www.lazada.vn/products/pdp-i3092551349.html,điện thoại 0PP0 Ren012 5G (12GB/256GB) | Cấu hình Cao Chiến mọi Game mượt - Hàng chính hãng Bảo hành 12 tháng,65,665000,Hà Nội,https://img.lazcdn.com/g/p/88036aff56da54e1dafcb8a56ec0f5bd.jpg_200x200q80.avif,<s>,0PP0 Ren012 5G (12GB/256GB),<s>,<s>,12 tháng
https://www.lazada.vn/products/pdp-i3092550374.html,"Điện thoại mi Mi 15 Utra Cấu hình mạnh, cày game nặng siêu mượt (16+512GB) | Màn hình 6.73""",65,1120000,Hà Nội,https://img.lazcdn.com/g/p/e1b036f4d90d6246add04aa67b41a053.jpg_200x200q80.avif,<s>,<s>,<s>,<s>,<s>
https://www.lazada.vn/products/pdp-i3092524464.html,"Điện thoại Red.mi Note 11 pro 2sim ram 8G/128G, Cấu hình mạnh, cày game nặng siêu mượt, VÂN TAY OK",65,560000,Hà Nội,https://img.lazcdn.com/g/p/a4a317aaa363f909b0125c001e29efa0.jpg_200x200q80.avif,<s>,"Red.mi Note 11 pro 2sim ram 8G/128G, Cấu hình mạnh, cày game nặng siêu mượt, VÂN TAY OK",,<s>,<s>
https://www.lazada.vn/products/pdp-i3092509507.html,điện thoại 0PP0 Ren08pr0 5G (12GB/256GB) | Cấu hình Cao Chiến mọi Game mượt - Hàng chính hãng Bảo hành 12 tháng,65,630000,Đồng Nai,https://img.lazcdn.com/g/p/674c91cf325950e41cd7550b3f1864cd.jpg_200x200q80.avif,<s>,0PP0 Ren08pr0 5G (12GB/256GB),<s>,<s>,12 tháng
https://www.lazada.vn/products/pdp-i3092502484.html,"Điện thoạimi Mi 13 Utra Cấu hình mạnh, cày game nặng siêu mượt",65,840000,Hà Nội,https://img.lazcdn.com/g/p/9f7e6b4f58058bbdcdf56da994529595.jpg_200x200q80.avif,<s>,,<s>,<s>,<s>
https://www.lazada.vn/products/pdp-i3092489506.html,[Chính hãng]Điện thoại 0PP0_Ren0 13 5G - (BH 12 tháng Lỗi 1 đổi 1 trong 30 ngày),65,980000,Hà Nội,https://img.lazcdn.com/g/p/a819fad4b27b1ec18e35d18ddb8f56a5.jpg_200x200q80.avif,<s>,,<s>,<s>,<s>
https://www.lazada.vn/products/pdp-i3092488524.html,"Điện thoại mi Mi 15 Utra Cấu hình mạnh, cày game nặng siêu mượt (16+512GB) | Màn hình 6.73""",65,1120000,Đồng Nai,https://img.lazcdn.com/g/p/e1b036f4d90d6246add04aa67b41a053.jpg_200x200q80.avif,<s>,<s>,<s>,<s>,<s>
https://www.lazada.vn/products/pdp-i3092461582.html,"Điện thoại SS 23ut máy 2sim ram 12G/512G Chính Hãng, bảo hành 12 tháng",65,910000,Hà Nội,https://img.lazcdn.com/g/p/f28660b3cb1fadc4bc0251d0b6a92bf2.jpg_200x200q80.avif,<s>,<s>,<s>,<s>,12 tháng
https://www.lazada.vn/products/pdp-i3092431794.html,"Điện thoại siêu phẩm SS_ z f0ld 4 256GB-Chính hãng mới 100%, Bảo hành chính hãng 12 tháng.",65,980000,Hà Nội,https://img.lazcdn.com/g/p/f5eb29d04b110755db15abe4a296be1f.jpg_200x200q80.avif,<s>,SS_ z f0ld 4,<s>,<s>,12 tháng
https://www.lazada.vn/products/pdp-i3092334898.html,[Chính hãng] Điện thoại 0pp0_FFind_X8 Pr0 (12GB/256GB) - Hàng chính hãng,65,1050000,Đồng Nai,https://img.lazcdn.com/g/p/0bcdfbf785cea87ae8ed481d946d566c.jpg_200x200q80.avif,<s>,Điện thoại 0pp0_FFind_X8 Pr0 (12GB/256GB),<s>,<s>,<s>
https://www.lazada.vn/products/pdp-i3092332872.html,"Điện thoạimi Mi 14 Utra Cấu hình mạnh, cày game nặng siêu mượt  (16+512GB) | Màn hình 6.73""",65,980000,Hà Nội,https://img.lazcdn.com/g/p/46adb94ff5bb2bb07e7386372409f852.jpg_200x200q80.avif,<s>,,<s>,<s>,<s>
https://www.lazada.vn/products/pdp-i3092156404.html,5.5 KHUYẾN MẠI LỚN Điện Thoại Xiaomi POCO C65 8GB/256GB - Hàng Chính Hãng,43,2280000,Hà Nội,https://img.lazcdn.com/g/p/9bd1266f3f4d44b329f9da35beee6e08.png_200x200q80.avif,Xiaomi,Xiaomi POCO C65,<s>,<s>,<s>
https://www.lazada.vn/products/pdp-i3092044820.html,Redmi Xiaomi 14C điện thoại 8GB/256GB bảo hành chính hãng,42,2390000,Hà Nội,https://img.lazcdn.com/g/p/a13a1683c8a9e17e7b88eb247fa25eb5.png_200x200q80.avif,Redmi Xiaomi,Redmi Xiaomi 14C,<s>,<s>,<s>
