url,name,discount,price,location,image_url
https://www.lazada.vn/products/pdp-i3136602824.html,"điện thoại 0PP0 A79 5G (8GB/256GB) | Cấu hình Cao Chiến mọi Game mượt - Hàng chính hãng Bảo hành 12 tháng""",Voucher giảm  50%,850.000 ₫,Lạng Sơn,https://img.lazcdn.com/g/p/4302c50ed2deffb143c0de065c38fc34.jpg_200x200q80.avif
https://www.lazada.vn/products/pdp-i2367852149.html,▫✗▦ Do etui Huawei Mate V do pokrowca kieszonkowego Huawei P50,,574.951 ₫,China,https://img.lazcdn.com/g/p/677502178273bdd91cc3b48c468b1361.jpg_200x200q80.avif
https://www.lazada.vn/products/pdp-i3132330258.html,"Điện thoại siêu phẩm SS_ A55 5G (8Gb/128GB)-hàng chính hãng mới 100%, Bảo hành chính hãng 12 tháng.trên toàn quốc",,1.100.000 ₫,Quảng Ngãi,https://img.lazcdn.com/g/p/1d3dc590396f33e0b4fe9062d507d14f.jpg_200x200q80.avif
https://www.lazada.vn/products/pdp-i2583484786.html,test测试 guyên bản mới mướt game Phone Android,Voucher giảm  48%,1.011.421 ₫,Hà Nội,https://img.lazcdn.com/g/p/03d186de6313ee48550006a22d1ce7af.jpg_200x200q80.avif
https://www.lazada.vn/products/pdp-i3136556942.html,"điện thoại 0PP0 Ren0 10pr0 5G (12GB/256GB) | Cấu hình Cao Chiến mọi Game mượt - Hàng chính hãng Bảo hành 12 tháng""",Voucher giảm  50%,1.100.000 ₫,Lạng Sơn,https://img.lazcdn.com/g/p/8acf046fca9c180c128ddfd1239db733.jpg_200x200q80.avif
https://www.lazada.vn/products/pdp-i3132297523.html,"Oukitel WP28S Điện thoại SIÊU BỀN(chống nước,chống sốc,pin 10600mAh, Màn hình 6,52"" HD, Camera 13MP ,Android 14,NFC)",,1.090.000 ₫,Hà Nội,https://img.lazcdn.com/g/p/e36fb21ec1518c4be14f505986c56369.jpg_200x200q80.avif
https://www.lazada.vn/products/pdp-i3136591814.html,điện thoại 0PP0 A93 5G (8GB/128GB) | Cấu hình Cao Chiến mọi Game mượt - Hàng chính hãng Bảo hành 12 tháng,Voucher giảm  50%,750.000 ₫,Lạng Sơn,https://img.lazcdn.com/g/p/ff9684b8acfbb55477c1e65c3b3c1771.jpg_200x200q80.avif
https://www.lazada.vn/products/pdp-i3136986821.html,điện thoại 0PP0 Ren012 5G (12GB/256GB) | Cấu hình Cao Chiến mọi Game mượt - Hàng chính hãng Bảo hành 12 tháng,Voucher giảm  50%,950.000 ₫,Hà Nội,https://img.lazcdn.com/g/p/88036aff56da54e1dafcb8a56ec0f5bd.jpg_200x200q80.avif
https://www.lazada.vn/products/pdp-i3137104751.html,"Điện thoại SS 22ut máy 2sim ram 12G/256G Chính Hãng, bảo hành 12 tháng máy mới 100%",Voucher giảm  50%,1.075.000 ₫,Hà Nội,https://img.lazcdn.com/g/p/549fc3fa7ee835d11af459d03d8cbd37.jpg_200x200q80.avif
https://www.lazada.vn/products/pdp-i3065872797.html,Điện thoại samsung galaxy j6 plus 2018 máy cũ tân trang đẹp trên 95%,Voucher giảm  55%,495.000 ₫,Hà Nội,https://img.lazcdn.com/g/p/8d4bf8fd22df510a8e434123f8322db0.jpg_200x200q80.avif
https://www.lazada.vn/products/pdp-i3138892404.html,"Oukitel WP32 Pro siêu bền(RAM 24Gb(6GB + 18GB),ROM 256GB,NFC,Màn hình 6.0 inch, Android 14,T606 Octa Core, OTG)",Voucher giảm  50%,1.159.000 ₫,Hải Phòng,https://img.lazcdn.com/g/p/95323c8fa063cfce9ffa21be25eadbfe.png_200x200q80.avif
https://www.lazada.vn/products/pdp-i3137084841.html,"Điện thoại SS 23ut máy 2sim ram 12G/512G Chính Hãng, mới 100% bảo hành 12 tháng toàn quốc",Voucher giảm  50%,1.100.000 ₫,Hà Nội,https://img.lazcdn.com/g/p/e170e944b99f815e25255d8df549d265.jpg_200x200q80.avif
https://www.lazada.vn/products/pdp-i3136787473.html,"Điện thoại SS 23ut máy 2sim ram 12G/512G Chính Hãng, mới 100% bảo hành 12 tháng toàn quốc",Voucher giảm  50%,1.100.000 ₫,Hồ Chí Minh,https://img.lazcdn.com/g/p/e170e944b99f815e25255d8df549d265.jpg_200x200q80.avif
https://www.lazada.vn/products/pdp-i3137030861.html,"Điện thoại Redmi_n0te 10pr0 Ram 8GB/128GB pin 5020 mAh máy chính hãng, bảo hành 12 tháng",Voucher giảm  50%,810.000 ₫,Hà Nội,https://img.lazcdn.com/g/p/2e3db16dc75b277df74c57c0515a4e6a.jpg_200x200q80.avif
https://www.lazada.vn/products/pdp-i3137051698.html,"Điện thoại Redmi_n0te 12 Ram 8GB/128GB pin 5000 mAh Chính Hãng, mới 100% bảo hành 12 tháng toàn quốc",Voucher giảm  50%,805.000 ₫,Hà Nội,https://img.lazcdn.com/g/p/007c3af28afea99fb048a87be68d07c9.jpg_200x200q80.avif
https://www.lazada.vn/products/pdp-i3137112734.html,"Điện thoại siêu phẩm SS_ A72 5G (8GB/256GB) hàng chính hãng mới 100%, Bảo hành chính hãng 12 tháng trên toàn quốc",Voucher giảm  50%,695.000 ₫,Hà Nội,https://img.lazcdn.com/g/p/5902f9c37479817cea7fcb870f00bb93.jpg_200x200q80.avif
https://www.lazada.vn/products/pdp-i3138796342.html,"Điện thoại  Redmi_n0te 12 Ram 8GB/128GB pin 5000 mAh máy chính hãng, bảo hành 12 tháng",Voucher giảm  50%,800.000 ₫,Hải Phòng,https://img.lazcdn.com/g/p/007c3af28afea99fb048a87be68d07c9.jpg_200x200q80.avif
https://www.lazada.vn/products/pdp-i3137042763.html,"điện thoại 0PP0 Ren08pr0 5G (12GB/256GB) | Chính Hãng, mới 100% bảo hành 12 tháng toàn quốc",Voucher giảm  50%,905.000 ₫,Hà Nội,https://img.lazcdn.com/g/p/e78309226d73fec5f8c33fc0856f35be.jpg_200x200q80.avif
https://www.lazada.vn/products/pdp-i3137100245.html,"Điện thoại chắc chắn Oukitel WP28 S (Màn hình HD 6,52"",pin 10600mAh,NFC,Ram 16GB(4+12),Rom 128GB, Android 14, Camera13M)",Voucher giảm  50%,1.009.000 ₫,Hà Nội,https://img.lazcdn.com/g/p/939d435e2e7f9dd5c3dbb518d932dd6f.jpg_200x200q80.avif
https://www.lazada.vn/products/pdp-i3132279474.html,"Điện thoại Ss M51 2sim ram 8G/128G, Hàng Chính Hãng, bảo hành 12 tháng Chụp ảnh đẹp, VÂN TAY OK",,700.000 ₫,Quảng Ngãi,https://img.lazcdn.com/g/p/09690e5a3d594637b503730822509ecc.jpg_200x200q80.avif
https://www.lazada.vn/products/pdp-i3136674348.html,điện thoại 0PP0 A57 (128GB) | Cấu hình Cao Chiến mọi Game mượt - Hàng chính hãng Bảo hành 12 tháng,Voucher giảm  50%,730.000 ₫,Lạng Sơn,https://img.lazcdn.com/g/p/857100c619ff722fa2778d31fb3f04a4.jpg_200x200q80.avif
https://www.lazada.vn/products/pdp-i3136807320.html,"Điện thoại SS 22ut máy 2sim ram 12G/256G Chính Hãng, bảo hành 12 tháng máy mới 100%",Voucher giảm  50%,1.075.000 ₫,Hồ Chí Minh,https://img.lazcdn.com/g/p/549fc3fa7ee835d11af459d03d8cbd37.jpg_200x200q80.avif
https://www.lazada.vn/products/pdp-i3132332194.html,"Điện thoại SS 22ut máy 2sim ram 12G/256G Chính Hãng, bảo hành 12 tháng máy mới 100%",,1.075.000 ₫,Hà Nội,https://img.lazcdn.com/g/p/549fc3fa7ee835d11af459d03d8cbd37.jpg_200x200q80.avif
https://www.lazada.vn/products/pdp-i3136680914.html,"Điện thoại xia0mi. Mi 13 Utra 912gb/256gb) Chính Hãng, mới 100% bảo hành 12 tháng toàn quốc",Voucher giảm  50%,850.000 ₫,Hồ Chí Minh,https://img.lazcdn.com/g/p/78967ecfdc37b80cd77d387101622de1.jpg_200x200q80.avif
https://www.lazada.vn/products/pdp-i3136626453.html,điện thoại 0PP0 A92 (8GB/128GB) | Cấu hình Cao Chiến mọi Game mượt - Hàng chính hãng Bảo hành 12 tháng,Voucher giảm  50%,720.000 ₫,Lạng Sơn,https://img.lazcdn.com/g/p/6511a36f6bd5b3f1a264643cd4166036.jpg_200x200q80.avif
https://www.lazada.vn/products/pdp-i3137161376.html,"Điện thoại Red.mi Note 11 pro 2sim ram 8G/128G, Chính Hãng, mới 100% bảo hành 12 tháng toàn quốc",Voucher giảm  50%,800.000 ₫,Hà Nội,https://img.lazcdn.com/g/p/8e7c9fdb8de580d820255bf4dcede2e1.jpg_200x200q80.avif
https://www.lazada.vn/products/pdp-i3137102252.html,"Oukitel WP32 Pro siêu bền(RAM 24Gb(6GB + 18GB),ROM 256GB,NFC,Màn hình 6.0 inch, Android 14,T606 Octa Core, OTG)",Voucher giảm  50%,1.159.000 ₫,Hà Nội,https://img.lazcdn.com/g/p/95323c8fa063cfce9ffa21be25eadbfe.png_200x200q80.avif
https://www.lazada.vn/products/pdp-i3136754506.html,"điện thoại 0PP0 Ren012 5G (12GB/256GB) | Chính Hãng, mới 100% bảo hành 12 tháng toàn quốc",Voucher giảm  50%,950.000 ₫,Hồ Chí Minh,https://img.lazcdn.com/g/p/31027d98f5daf81a4ec880ae102ea46f.jpg_200x200q80.avif
https://www.lazada.vn/products/pdp-i2367848208.html,♙☍♙ Bling Gradient miękki futerał do Huawei P20 P30 Pro P40 Lite E Mate 20 Honor 10 8X 8A 8S 9A 9S 9C 20S P Smart inteligentny Z 2019 Y5 Y6 Y7 okładka,,148.175 ₫,China,https://img.lazcdn.com/g/p/27d2276da838510f3156d10069c79450.jpg_200x200q80.avif
https://www.lazada.vn/products/pdp-i3138736472.html,điện thoại 0PP0 Ren08pr0 5G (12GB/256GB) | Cấu hình Cao Chiến mọi Game mượt - Hàng chính hãng Bảo hành 12 tháng,Voucher giảm  50%,900.000 ₫,Hải Phòng,https://img.lazcdn.com/g/p/674c91cf325950e41cd7550b3f1864cd.jpg_200x200q80.avif
https://www.lazada.vn/products/pdp-i3136718783.html,"Điện thoại Redmi_n0te 12 Ram 8GB/128GB pin 5000 mAh Chính Hãng, mới 100% bảo hành 12 tháng toàn quốc",Voucher giảm  50%,805.000 ₫,Hồ Chí Minh,https://img.lazcdn.com/g/p/007c3af28afea99fb048a87be68d07c9.jpg_200x200q80.avif
https://www.lazada.vn/products/pdp-i3132331176.html,"Điện thoại Red.mi Note 11 pro 2sim ram 8G/128G, Chính Hãng, mới 100% bảo hành 12 tháng toàn quốc",,800.000 ₫,Hà Nội,https://img.lazcdn.com/g/p/8e7c9fdb8de580d820255bf4dcede2e1.jpg_200x200q80.avif
https://www.lazada.vn/products/pdp-i3137098750.html,"Điện thoại xia0mi. Mi 13 Utra 912gb/256gb) Chính Hãng, mới 100% bảo hành 12 tháng toàn quốc",Voucher giảm  50%,850.000 ₫,Hà Nội,https://img.lazcdn.com/g/p/78967ecfdc37b80cd77d387101622de1.jpg_200x200q80.avif
https://www.lazada.vn/products/pdp-i3138870162.html,"Điện thoại Oukitel WP19 Pin 21000mAh, Vua pin siêu bền, Ram 8G Rom 256G Chính Hãng (tặng cáp bảo vệ sạc)",Voucher giảm  50%,959.000 ₫,Hải Phòng,https://img.lazcdn.com/g/p/5c38be3cbe7e4ccfbf3e77a84fc4878d.jpg_200x200q80.avif
https://www.lazada.vn/products/pdp-i3137033535.html,"Điện thoại siêu phẩm SS_ A72 5G 128GB-Chính hãng newseal 100%, Bảo hành chính hãng 12 tháng.",Voucher giảm  50%,820.000 ₫,Hà Nội,https://img.lazcdn.com/g/p/5902f9c37479817cea7fcb870f00bb93.jpg_200x200q80.avif
https://www.lazada.vn/products/pdp-i3132365160.html,"Điện thoại SS 23ut máy 2sim ram 12G/512G Chính Hãng, mới 100% bảo hành 12 tháng toàn quốc",,1.100.000 ₫,Hà Nội,https://img.lazcdn.com/g/p/2b15a212d00b2770d65881cab3033d0e.jpg_200x200q80.avif
https://www.lazada.vn/products/pdp-i3136786500.html,"điện thoại 0PP0 Ren08pr0 5G (12GB/256GB) | Chính Hãng, mới 100% bảo hành 12 tháng toàn quốc",Voucher giảm  50%,905.000 ₫,Hồ Chí Minh,https://img.lazcdn.com/g/p/e78309226d73fec5f8c33fc0856f35be.jpg_200x200q80.avif
https://www.lazada.vn/products/pdp-i3138891406.html,"Điện thoại Ss M51 2sim ram 8G/128G, Cấu hình Cao Chiến mọi Game mượt, Chụp ảnh đẹp, VÂN TAY OK",Voucher giảm  50%,700.000 ₫,Hải Phòng,https://img.lazcdn.com/g/p/09690e5a3d594637b503730822509ecc.jpg_200x200q80.avif
https://www.lazada.vn/products/pdp-i3138804331.html,"Điện thoại siêu phẩm SS_ A55 5G 128GB-Chính hãng newseal 100%, Bảo hành chính hãng 12 tháng.",Voucher giảm  50%,1.100.000 ₫,Hải Phòng,https://img.lazcdn.com/g/p/1d3dc590396f33e0b4fe9062d507d14f.jpg_200x200q80.avif
https://www.lazada.vn/products/pdp-i3137199036.html,"Điện thoại SS A32 máy 2sim ram 6G/128G Chính Hãng, mới 100% bảo hành 12 tháng toàn quốc",Voucher giảm  50%,750.000 ₫,Hà Nội,https://img.lazcdn.com/g/p/928122795ae5be4be85f3a16fb55a5ea.jpg_200x200q80.avif
https://www.lazada.vn/products/pdp-i3136776479.html,"Điện thoại siêu phẩm SS_ A72 5G (8GB/256GB) hàng chính hãng mới 100%, Bảo hành chính hãng 12 tháng trên toàn quốc",Voucher giảm  50%,695.000 ₫,Hồ Chí Minh,https://img.lazcdn.com/g/p/5902f9c37479817cea7fcb870f00bb93.jpg_200x200q80.avif
https://www.lazada.vn/products/pdp-i3137040961.html,"Điện thoại Ss M51 2sim ram 8G/128G, Hàng Chính Hãng, bảo hành 12 tháng Chụp ảnh đẹp, VÂN TAY OK",Voucher giảm  50%,700.000 ₫,Hà Nội,https://img.lazcdn.com/g/p/09690e5a3d594637b503730822509ecc.jpg_200x200q80.avif
https://www.lazada.vn/products/pdp-i3132200934.html,"Điện thoại xia0mi. Mi 13 Utra 912gb/256gb) Chính Hãng, mới 100% bảo hành 12 tháng toàn quốc",,850.000 ₫,Hà Nội,https://img.lazcdn.com/g/p/78967ecfdc37b80cd77d387101622de1.jpg_200x200q80.avif
https://www.lazada.vn/products/pdp-i3137202029.html,"điện thoại 0PP0 Ren012 5G (12GB/256GB) | Chính Hãng, mới 100% bảo hành 12 tháng toàn quốc",Voucher giảm  50%,950.000 ₫,Hà Nội,https://img.lazcdn.com/g/p/31027d98f5daf81a4ec880ae102ea46f.jpg_200x200q80.avif
https://www.lazada.vn/products/pdp-i3138928072.html,"Điện thoại oukitel  wp21 (Ram 12Gb,Rom 256Gb ,chống sốc,chống nước,pin khủng, pin 9.800mAh)",Voucher giảm  50%,1.109.000 ₫,Hải Phòng,https://img.lazcdn.com/g/p/14502e16da2f013d6b77bf07b5f08305.jpg_200x200q80.avif
https://www.lazada.vn/products/pdp-i3136223444.html,"Điện thoại siêu phẩm SS_ A55 5G (8Gb/128GB)-hàng chính hãng mới 100%, Bảo hành chính hãng 12 tháng.trên toàn quốc",Voucher giảm  50%,1.100.000 ₫,Đăk Lăk,https://img.lazcdn.com/g/p/1d3dc590396f33e0b4fe9062d507d14f.jpg_200x200q80.avif
https://www.lazada.vn/products/pdp-i3136803339.html,"Điện thoại Redmi_n0te 10pr0 Ram 8GB/128GB pin 5020 mAh máy chính hãng, bảo hành 12 tháng",Voucher giảm  50%,810.000 ₫,Hồ Chí Minh,https://img.lazcdn.com/g/p/2e3db16dc75b277df74c57c0515a4e6a.jpg_200x200q80.avif
https://www.lazada.vn/products/pdp-i3139016941.html,"Điện Thoại 5G 2024 - S24 Ultra 7.3"" 16GB/1TB | Pin Khủng + 2 SIM - Ưu Đãi Cho HSSV",Voucher giảm  50%,1.111.000 ₫,Hà Nội,https://img.lazcdn.com/g/p/e9d1b1dd8250b189c7b501b4aef7415b.jpg_200x200q80.avif
https://www.lazada.vn/products/pdp-i3136332225.html,"Điện thoại SS 23ut máy 2sim ram 12G/512G Chính Hãng, mới 100% bảo hành 12 tháng toàn quốc",Voucher giảm  50%,1.100.000 ₫,Đăk Lăk,https://img.lazcdn.com/g/p/e170e944b99f815e25255d8df549d265.jpg_200x200q80.avif
https://www.lazada.vn/products/pdp-i3138920796.html,Mới Điện thoại di động S24 Ultra smartphone 6.8inch Full Screen 6+128GB giá rẻ cho học sinh Miễn phí vận chuyển COD,Voucher giảm  50%,1.111.000 ₫,Hà Nội,https://img.lazcdn.com/g/p/9271980f80d7345f4ad5e0585f5e899f.jpg_200x200q80.avif
https://www.lazada.vn/products/pdp-i3138862838.html,điện thoại 0PP0 Ren012 5G (12GB/256GB) | Cấu hình Cao Chiến mọi Game mượt - Hàng chính hãng Bảo hành 12 tháng,Voucher giảm  50%,950.000 ₫,Hải Phòng,https://img.lazcdn.com/g/p/88036aff56da54e1dafcb8a56ec0f5bd.jpg_200x200q80.avif
https://www.lazada.vn/products/pdp-i3136254743.html,"Điện thoại SS A32 máy 2sim ram 6G/128G Chính Hãng, mới 100% bảo hành 12 tháng toàn quốc",Voucher giảm  50%,750.000 ₫,Đăk Lăk,https://img.lazcdn.com/g/p/928122795ae5be4be85f3a16fb55a5ea.jpg_200x200q80.avif
https://www.lazada.vn/products/pdp-i2624677061.html,ĐIỆN THOẠI SAMSUNG J6 PLUS 3/32Gb còn mới 90%,Voucher giảm  32%,745.000 ₫,Bình Định,https://img.lazcdn.com/g/p/10a0b61700c8f9053a3c2f81f4547543.jpg_200x200q80.avif
https://www.lazada.vn/products/pdp-i3136315241.html,"Điện thoại xia0mi. Mi 13 Utra 912gb/256gb) Chính Hãng, mới 100% bảo hành 12 tháng toàn quốc",Voucher giảm  50%,850.000 ₫,Đăk Lăk,https://img.lazcdn.com/g/p/78967ecfdc37b80cd77d387101622de1.jpg_200x200q80.avif
https://www.lazada.vn/products/pdp-i3139121458.html,Điện thoại Giá rẻ phổ thông S22 Ultra Màn hình FullHD Android Máy ảnh HD Cuộc gọi Chơi trò chơi Xem TV,Voucher giảm  50%,829.000 ₫,Hà Nội,https://img.lazcdn.com/g/p/2f2a16e8abbccc486111fd51dd8eb178.jpg_200x200q80.avif
https://www.lazada.vn/products/pdp-i3132269595.html,"Điện thoại SS A32 máy 2sim ram 6G/128G Chính Hãng, mới 100% bảo hành 12 tháng toàn quốc",,750.000 ₫,Hà Nội,https://img.lazcdn.com/g/p/928122795ae5be4be85f3a16fb55a5ea.jpg_200x200q80.avif
https://www.lazada.vn/products/pdp-i3136324242.html,"Điện thoại siêu phẩm SS_ A72 5G (8GB/256GB) hàng chính hãng mới 100%, Bảo hành chính hãng 12 tháng trên toàn quốc",Voucher giảm  50%,695.000 ₫,Đăk Lăk,https://img.lazcdn.com/g/p/5902f9c37479817cea7fcb870f00bb93.jpg_200x200q80.avif
https://www.lazada.vn/products/pdp-i3132300243.html,"Điện thoại SIÊU BỀN oukitel wp38(chống va đập,chống nước, Pin 10600 mAh,Ram 12Gb(6+6),Rom 256Gb,Màn hình 6.52 in,NFC)",,900.000 ₫,Hà Nội,https://img.lazcdn.com/g/p/0686787e1089e24efed41330ff931d78.jpg_200x200q80.avif
https://www.lazada.vn/products/pdp-i3136616903.html,"Điện thoại Red.mi Note 14  2sim ram 8G/256G, Cấu hình mạnh, cày game nặng siêu mượt, máy chính hãng, bảo hành 12 tháng",Voucher giảm  50%,1.100.000 ₫,Lạng Sơn,https://img.lazcdn.com/g/p/6916d972afb2767ad53265669d861ddc.jpg_200x200q80.avif
https://www.lazada.vn/products/pdp-i3138822265.html,"Điện thoại SS A32 máy 2sim ram 6G/128G Chính Hãng, VÂN TAY OK",Voucher giảm  50%,800.000 ₫,Hải Phòng,https://img.lazcdn.com/g/p/724767a6ee1a8450f63d74b616647f8d.jpg_200x200q80.avif
https://www.lazada.vn/products/pdp-i3138670646.html,"Điện thoại chắc chắn Oukitel WP28 S (Màn hình HD 6,52"",pin 10600mAh,NFC,Ram 16GB(4+12),Rom 128GB, Android 14, Camera13M)",Voucher giảm  50%,1.009.000 ₫,Hải Phòng,https://img.lazcdn.com/g/p/939d435e2e7f9dd5c3dbb518d932dd6f.jpg_200x200q80.avif
https://www.lazada.vn/products/pdp-i3138675639.html,"Điện thoại siêu phẩm SS_ A72 5G 128GB-Chính hãng newseal 100%, Bảo hành chính hãng 12 tháng.",Voucher giảm  50%,820.000 ₫,Hải Phòng,https://img.lazcdn.com/g/p/5902f9c37479817cea7fcb870f00bb93.jpg_200x200q80.avif
https://www.lazada.vn/products/pdp-i3136999740.html,"Điện thoại  Redmi_n0te 12 Ram 8GB/128GB pin 5000 mAh máy chính hãng, bảo hành 12 tháng",Voucher giảm  50%,800.000 ₫,Hà Nội,https://img.lazcdn.com/g/p/007c3af28afea99fb048a87be68d07c9.jpg_200x200q80.avif
https://www.lazada.vn/products/pdp-i3133140004.html,"Điện thoại Red.mi Note 14  2sim ram 8G/256G, Cấu hình mạnh, cày game nặng siêu mượt, máy chính hãng, bảo hành 12 tháng",Voucher giảm  50%,550.000 ₫,Thanh Hóa,https://img.lazcdn.com/g/p/6916d972afb2767ad53265669d861ddc.jpg_200x200q80.avif
https://www.lazada.vn/products/pdp-i3136994740.html,"Điện thoại Red.mi Note 11 pro 2sim ram 8G/128G, Cấu hình mạnh, cày game nặng siêu mượt, VÂN TAY OK",Voucher giảm  50%,800.000 ₫,Hà Nội,https://img.lazcdn.com/g/p/f76a01f1fcc8604a703c5fe313be751a.jpg_200x200q80.avif
https://www.lazada.vn/products/pdp-i3137303129.html,"Điện thoại  Redmi_n0te 12 Ram 8GB/128GB pin 5000 mAh máy chính hãng, bảo hành 12 tháng",Voucher giảm  50%,800.000 ₫,Hồ Chí Minh,https://img.lazcdn.com/g/p/007c3af28afea99fb048a87be68d07c9.jpg_200x200q80.avif
https://www.lazada.vn/products/pdp-i3137251265.html,"Điện thoại siêu phẩm SS_ A55 5G 128GB-Chính hãng newseal 100%, Bảo hành chính hãng 12 tháng.",Voucher giảm  50%,1.100.000 ₫,Hồ Chí Minh,https://img.lazcdn.com/g/p/1d3dc590396f33e0b4fe9062d507d14f.jpg_200x200q80.avif
https://www.lazada.vn/products/pdp-i3138722466.html,"Điện thoại Red.mi Note 11 pro 2sim ram 8G/128G, Cấu hình mạnh, cày game nặng siêu mượt, VÂN TAY OK",Voucher giảm  50%,800.000 ₫,Hải Phòng,https://img.lazcdn.com/g/p/f76a01f1fcc8604a703c5fe313be751a.jpg_200x200q80.avif
https://www.lazada.vn/products/pdp-i3137074365.html,"Điện thoại Ss M51 2sim ram 8G/128G, Cấu hình Cao Chiến mọi Game mượt, Chụp ảnh đẹp, VÂN TAY OK",Voucher giảm  50%,700.000 ₫,Hà Nội,https://img.lazcdn.com/g/p/09690e5a3d594637b503730822509ecc.jpg_200x200q80.avif
https://www.lazada.vn/products/pdp-i3132236834.html,"Điện thoại siêu phẩm SS_ A72 5G (8GB/256GB) hàng chính hãng mới 100%, Bảo hành chính hãng 12 tháng trên toàn quốc",,695.000 ₫,Quảng Ngãi,https://img.lazcdn.com/g/p/5902f9c37479817cea7fcb870f00bb93.jpg_200x200q80.avif
https://www.lazada.vn/products/pdp-i3139975345.html,điện thoại 0PP0 Ren012 5G (12GB/256GB) | Cấu hình Cao Chiến mọi Game mượt - Hàng chính hãng Bảo hành 12 tháng,Voucher giảm  50%,950.000 ₫,Hà Nội,https://img.lazcdn.com/g/p/88036aff56da54e1dafcb8a56ec0f5bd.jpg_200x200q80.avif
https://www.lazada.vn/products/pdp-i3134839385.html,điện thoại 0PP0 A53 (128GB) |Cấu hình Cao Chiến mọi Game mượt - Hàng chính hãng Bảo hành 12 tháng,,650.000 ₫,Tiền Giang,https://img.lazcdn.com/g/p/ea96c7eb07112f2faf8282e6d3bdac3d.jpg_200x200q80.avif
https://www.lazada.vn/products/pdp-i3139975339.html,"Điện thoại Redmi_n0te 10pr0 Ram 8GB/128GB pin 5020 mAh máy chính hãng, bảo hành 12 tháng",Voucher giảm  50%,800.000 ₫,Hà Nội,https://img.lazcdn.com/g/p/2e3db16dc75b277df74c57c0515a4e6a.jpg_200x200q80.avif
https://www.lazada.vn/products/pdp-i3137122860.html,"Điện thoại Red.mi Note 11 pro 2sim ram 8G/128G, Cấu hình mạnh, cày game nặng siêu mượt, VÂN TAY OK",Voucher giảm  50%,800.000 ₫,Hồ Chí Minh,https://img.lazcdn.com/g/p/f76a01f1fcc8604a703c5fe313be751a.jpg_200x200q80.avif
https://www.lazada.vn/products/pdp-i3136356121.html,"điện thoại 0PP0 Ren08pr0 5G (12GB/256GB) | Chính Hãng, mới 100% bảo hành 12 tháng toàn quốc",Voucher giảm  50%,905.000 ₫,Đăk Lăk,https://img.lazcdn.com/g/p/e78309226d73fec5f8c33fc0856f35be.jpg_200x200q80.avif
https://www.lazada.vn/products/pdp-i3132378065.html,"Điện thoại Redmi_n0te 12 Ram 8GB/128GB pin 5000 mAh Chính Hãng, mới 100% bảo hành 12 tháng toàn quốc",,805.000 ₫,Hà Nội,https://img.lazcdn.com/g/p/007c3af28afea99fb048a87be68d07c9.jpg_200x200q80.avif
https://www.lazada.vn/products/pdp-i3137092889.html,"Điện thoại Ss M51 2sim ram 8G/128G, Cấu hình Cao Chiến mọi Game mượt, Chụp ảnh đẹp, VÂN TAY OK",Voucher giảm  50%,700.000 ₫,Hồ Chí Minh,https://img.lazcdn.com/g/p/09690e5a3d594637b503730822509ecc.jpg_200x200q80.avif
https://www.lazada.vn/products/pdp-i3138817299.html,"Điện thoại Redmi_n0te 10pr0 Ram 8GB/128GB pin 5020 mAh máy chính hãng, bảo hành 12 tháng",Voucher giảm  50%,800.000 ₫,Hải Phòng,https://img.lazcdn.com/g/p/2e3db16dc75b277df74c57c0515a4e6a.jpg_200x200q80.avif
https://www.lazada.vn/products/pdp-i3137143863.html,"Điện thoại siêu phẩm SS_ A72 5G 128GB-Chính hãng newseal 100%, Bảo hành chính hãng 12 tháng.",Voucher giảm  50%,820.000 ₫,Hồ Chí Minh,https://img.lazcdn.com/g/p/5902f9c37479817cea7fcb870f00bb93.jpg_200x200q80.avif
https://www.lazada.vn/products/pdp-i3136821199.html,"Điện thoại Red.mi Note 11 pro 2sim ram 8G/128G, Chính Hãng, mới 100% bảo hành 12 tháng toàn quốc",Voucher giảm  50%,800.000 ₫,Thái Bình,https://img.lazcdn.com/g/p/8e7c9fdb8de580d820255bf4dcede2e1.jpg_200x200q80.avif
https://www.lazada.vn/products/pdp-i3139435613.html,Điện thoại X.i.ao.m.i R.ed.mi.9A 2GB/32GB - Màn hình 6.53inch - Pin khủng.5000mah,Voucher giảm  44%,899.000 ₫,Hồ Chí Minh,https://img.lazcdn.com/g/p/80b6dd08c0fe4bb110a3874841184285.jpg_200x200q80.avif
https://www.lazada.vn/products/pdp-i3139969369.html,"Điện thoại siêu phẩm SS_ A55 5G 128GB-Chính hãng newseal 100%, Bảo hành chính hãng 12 tháng.",Voucher giảm  50%,1.100.000 ₫,Hà Nội,https://img.lazcdn.com/g/p/1d3dc590396f33e0b4fe9062d507d14f.jpg_200x200q80.avif
https://www.lazada.vn/products/pdp-i3139131380.html,Chính hãng S22 Ultra Smart Game bộ nhớ lớn 12+256GB Điện thoại 6.7inch WiFi 2 SIM Android máy ảnh HDgiá rẻ,Voucher giảm  50%,829.000 ₫,Hà Nội,https://img.lazcdn.com/g/p/6735baa6efed6ebce04a87b5f3bbe71d.jpg_200x200q80.avif
https://www.lazada.vn/products/pdp-i3136342289.html,"Điện thoại Ss M51 2sim ram 8G/128G, Hàng Chính Hãng, bảo hành 12 tháng Chụp ảnh đẹp, VÂN TAY OK",Voucher giảm  50%,700.000 ₫,Đăk Lăk,https://img.lazcdn.com/g/p/09690e5a3d594637b503730822509ecc.jpg_200x200q80.avif
https://www.lazada.vn/products/pdp-i3139810693.html,"Oukitel WP32 Pro siêu bền(RAM 24Gb(6GB + 18GB),ROM 256GB,NFC,Màn hình 6.0 inch, Android 14,T606 Octa Core, OTG)",Voucher giảm  50%,1.159.000 ₫,Hà Nội,https://img.lazcdn.com/g/p/3044e756ab9ee3bef13162d3d04a2b48.jpg_200x200q80.avif
https://www.lazada.vn/products/pdp-i3136279346.html,"Điện thoại Red.mi Note 11 pro 2sim ram 8G/128G, Chính Hãng, mới 100% bảo hành 12 tháng toàn quốc",Voucher giảm  50%,800.000 ₫,Đăk Lăk,https://img.lazcdn.com/g/p/8e7c9fdb8de580d820255bf4dcede2e1.jpg_200x200q80.avif
https://www.lazada.vn/products/pdp-i3136823237.html,"Oukitel WP28S Điện thoại SIÊU BỀN(chống nước,chống sốc,pin 10600mAh, Màn hình 6,52"" HD, Camera 13MP ,Android 14,NFC)",Voucher giảm  46%,1.090.000 ₫,Hồ Chí Minh,https://img.lazcdn.com/g/p/e36fb21ec1518c4be14f505986c56369.jpg_200x200q80.avif
https://www.lazada.vn/products/pdp-i3136658238.html,điện thoại 0PP0 F11 (6GB/64GB) | Cấu hình Cao Chiến mọi Game mượt - Hàng chính hãng Bảo hành 12 tháng,Voucher giảm  50%,650.000 ₫,Lạng Sơn,https://img.lazcdn.com/g/p/db408caf790633428162ea7edf23d46f.jpg_200x200q80.avif
https://www.lazada.vn/products/pdp-i3139039831.html,S24 Ultra 5G 16GB+1TB Phiên bản gốc 7.3 inch Pin dung lượng lớn 7800mAh Giá rẻ Vận chuyển miễn phí,Voucher giảm  50%,1.111.000 ₫,Hà Nội,https://img.lazcdn.com/g/p/9a922c48669018657fe392edef654846.jpg_200x200q80.avif
https://www.lazada.vn/products/pdp-i2618496413.html,test测试  12+512GB điên thoại Thẻ 2 sim viettel giá rẻ giá rẻ học sinh Android Mobile Pin Lớn 5600mAh Bán giá rẻ Tiếng Việt dt giá rẻ,Voucher giảm  48%,994.628 ₫,Hà Nội,https://img.lazcdn.com/g/p/26f3c461d93b11a7c78a761effc91c6f.jpg_200x200q80.avif
https://www.lazada.vn/products/pdp-i3137047405.html,"Điện thoại SS A32 máy 2sim ram 6G/128G Chính Hãng, VÂN TAY OK",Voucher giảm  50%,800.000 ₫,Hà Nội,https://img.lazcdn.com/g/p/724767a6ee1a8450f63d74b616647f8d.jpg_200x200q80.avif
https://www.lazada.vn/products/pdp-i3137260233.html,điện thoại 0PP0 Ren012 5G (12GB/256GB) | Cấu hình Cao Chiến mọi Game mượt - Hàng chính hãng Bảo hành 12 tháng,Voucher giảm  50%,950.000 ₫,Hồ Chí Minh,https://img.lazcdn.com/g/p/88036aff56da54e1dafcb8a56ec0f5bd.jpg_200x200q80.avif
https://www.lazada.vn/products/pdp-i3139928273.html,"Điện thoại Red.mi Note 11 pro 2sim ram 8G/128G, Cấu hình mạnh, cày game nặng siêu mượt, VÂN TAY OK",Voucher giảm  50%,800.000 ₫,Hà Nội,https://img.lazcdn.com/g/p/a4a317aaa363f909b0125c001e29efa0.jpg_200x200q80.avif
https://www.lazada.vn/products/pdp-i1653128273.html,"Điện thoại cảm ứng giá rẻ Samsung Galaxy J2 prime/G532 (1,5/8GB) 2 sim chính hãng màn hình lớn",Voucher giảm  7%,420.000 ₫,Yên Bái,https://img.lazcdn.com/g/p/d76f42e27822f7085eefd5efcbc0fbf4.png_200x200q80.avif
https://www.lazada.vn/products/pdp-i3134872237.html,"điện thoại 0PP0 Ren0 10pr0 5G (12GB/256GB) | Cấu hình Cao Chiến mọi Game mượt - Hàng chính hãng Bảo hành 12 tháng""",,1.100.000 ₫,Tiền Giang,https://img.lazcdn.com/g/p/8acf046fca9c180c128ddfd1239db733.jpg_200x200q80.avif
https://www.lazada.vn/products/pdp-i3133781311.html,"Điện thoại SS 23ut máy 2sim ram 12G/512G Chính Hãng, mới 100% bảo hành 12 tháng toàn quốc",,1.100.000 ₫,Tiền Giang,https://img.lazcdn.com/g/p/e170e944b99f815e25255d8df549d265.jpg_200x200q80.avif
https://www.lazada.vn/products/pdp-i3051561753.html,Điện thoại Realme C2 2SIM Cấu hình Ram 2/32G Màn hình tràn viền Pin Trâu,Voucher giảm  50%,695.466 ₫,Hồ Chí Minh,https://img.lazcdn.com/g/p/e2cf29b6947eb9f52be54464d0267127.jpg_200x200q80.avif
https://www.lazada.vn/products/pdp-i3136292664.html,"điện thoại 0PP0 Ren012 5G (12GB/256GB) | Chính Hãng, mới 100% bảo hành 12 tháng toàn quốc",Voucher giảm  50%,950.000 ₫,Đăk Lăk,https://img.lazcdn.com/g/p/31027d98f5daf81a4ec880ae102ea46f.jpg_200x200q80.avif
https://www.lazada.vn/products/pdp-i3139929713.html,"Điện thoại Ss M51 2sim ram 8G/128G, Cấu hình Cao Chiến mọi Game mượt, Chụp ảnh đẹp, VÂN TAY OK",Voucher giảm  50%,700.000 ₫,Hà Nội,https://img.lazcdn.com/g/p/09690e5a3d594637b503730822509ecc.jpg_200x200q80.avif
https://www.lazada.vn/products/pdp-i3139074244.html,S23 Ultra HD điện thoại 7.3 inch bộ nhớ lớn 16 + 1TB Android điện thoại máy ảnh 48+108MP HD Pixel điện thoại di động,Voucher giảm  50%,928.000 ₫,Hà Nội,https://img.lazcdn.com/g/p/6c801c701ec143648e423fcb82772dcc.jpg_200x200q80.avif
https://www.lazada.vn/products/pdp-i2251997951.html,Hộp Thoại IDF 50 đôi đầy đủ đế gắn và phiến,,247.000 ₫,Hà Nội,https://img.lazcdn.com/g/p/acbd3b20b7d6a1e4ab7979e1e368ea82.jpg_200x200q80.avif
https://www.lazada.vn/products/pdp-i1634338861.html,"Điện thoại cũ SS J5 Prime ram 2gb/16gb , máy đẹp giá rẻ",Voucher giảm  9%,429.000 ₫,Nam Định,https://img.lazcdn.com/g/ff/kf/S7aabe5ee147741e585b78473428a26c7U.jpg_200x200q80.avif
https://www.lazada.vn/products/pdp-i3139974329.html,"Điện thoại oukitel  wp21 (Ram 12Gb,Rom 256Gb ,chống sốc,chống nước,pin khủng, pin 9.800mAh)",Voucher giảm  50%,1.109.000 ₫,Hà Nội,https://img.lazcdn.com/g/p/14502e16da2f013d6b77bf07b5f08305.jpg_200x200q80.avif
https://www.lazada.vn/products/pdp-i3139850511.html,"Điện thoại SS A32 máy 2sim ram 6G/128G Chính Hãng, VÂN TAY OK",Voucher giảm  50%,800.000 ₫,Hà Nội,https://img.lazcdn.com/g/p/724767a6ee1a8450f63d74b616647f8d.jpg_200x200q80.avif
https://www.lazada.vn/products/pdp-i2380187050.html,Samsung j7 pro chính hãng,Voucher giảm  14%,850.000 ₫,Quảng Ngãi,https://img.lazcdn.com/g/p/0b5495d07ecb676b8443876b732ff9b3.jpg_200x200q80.avif
https://www.lazada.vn/products/pdp-i3110066406.html,Samsung Galaxy Z Flip3 5G 8/128GB Màn sáng đẹp Không ám / không chấm mực Đẹp tuyển chọn Kèm Phụ Kiện,,5.990.000 ₫,Hà Nội,https://img.lazcdn.com/g/p/d855cf7f0485c1c03b9395440c77ec48.jpg_200x200q80.avif
https://www.lazada.vn/products/pdp-i3139807613.html,"Điện thoại Oukitel WP19 Pin 21000mAh, Vua pin siêu bền, Ram 8G Rom 256G Chính Hãng (tặng cáp bảo vệ sạc)",Voucher giảm  50%,959.000 ₫,Hà Nội,https://img.lazcdn.com/g/p/5c38be3cbe7e4ccfbf3e77a84fc4878d.jpg_200x200q80.avif
https://www.lazada.vn/products/pdp-i3139988168.html,điện thoại 0PP0 Ren08pr0 5G (12GB/256GB) | Cấu hình Cao Chiến mọi Game mượt - Hàng chính hãng Bảo hành 12 tháng,Voucher giảm  50%,900.000 ₫,Hà Nội,https://img.lazcdn.com/g/p/674c91cf325950e41cd7550b3f1864cd.jpg_200x200q80.avif
https://www.lazada.vn/products/pdp-i2252128013.html,Hộp thoại IDF 100 đôi đầy đủ đế gắn và phiến,,453.000 ₫,Hà Nội,https://img.lazcdn.com/g/p/0853ab5c4086c673c644c09fb709e45f.jpg_200x200q80.avif
https://www.lazada.vn/products/pdp-i3139955502.html,"Điện thoại  Redmi_n0te 12 Ram 8GB/128GB pin 5000 mAh máy chính hãng, bảo hành 12 tháng",Voucher giảm  50%,800.000 ₫,Hà Nội,https://img.lazcdn.com/g/p/007c3af28afea99fb048a87be68d07c9.jpg_200x200q80.avif
https://www.lazada.vn/products/pdp-i2612370474.html,điện thoại 5s,,740.000 ₫,Bến Tre,https://img.lazcdn.com/g/ff/kf/S9beaae070a37430fb8fc6635e0bcca02l.jpg_200x200q80.avif
https://www.lazada.vn/products/pdp-i2583607697.html,Sạc nhanh Bán giá rẻ Bộ nhớ 8+128GB handphone mướt game Mobile Bảo hành miễn phí điện thoại pin trâu Sạc nhanh điện thoại thông minh Mạng 4G điện thoại giá siêu rẻ Pin Lớn 4800mAh giá rẻ học sinh Camera 18+8MP Rino4  Androi,Voucher giảm  49%,1.107.836 ₫,Hà Nội,https://img.lazcdn.com/g/p/07d342c3396f8281209394b2c0b0f890.jpg_200x200q80.avif
https://www.lazada.vn/products/pdp-i3082331443.html,mới nguyên bản Camera 108/50MP  điện thoại thông minh đánh mọi gaming nặng chất đt thông minh giá rẻ Bộ nhớ 12+512GB điện thoại giá 1kk Vi xử lý 10 nhân Mới 100% Siêu CPU Điện thoại tầm trung Cấu hình mạnh đỉnh Điện,Voucher giảm  48%,1.353.972 ₫,Hà Nội,https://img.lazcdn.com/g/p/a087d9bfa307d4e466610d037fdda1ab.jpg_200x200q80.avif
https://www.lazada.vn/products/pdp-i2788401880.html,"điện thoại Samsung Galaxy A50 máy 2sim Ram 4G/64G Chính Hãng, lướt Wed Tiktok Facebook Youtube chất, Bảo hành 12 tháng",Voucher giảm  44%,730.000 ₫,Hồ Chí Minh,https://img.lazcdn.com/g/p/d947cd36b4638b98cbbd01269c59a3f1.jpg_200x200q80.avif
https://www.lazada.vn/products/pdp-i3136202560.html,"Điện thoại SS 22ut máy 2sim ram 12G/256G Chính Hãng, bảo hành 12 tháng máy mới 100%",Voucher giảm  50%,1.075.000 ₫,Đăk Lăk,https://img.lazcdn.com/g/p/549fc3fa7ee835d11af459d03d8cbd37.jpg_200x200q80.avif
https://www.lazada.vn/products/pdp-i2252125017.html,Hộp Thoại IDF 30 đôi đầy đủ đế gắn và phiến,,206.000 ₫,Hà Nội,https://img.lazcdn.com/g/p/c294035a6b6f98b348553e2038bef04d.jpg_200x200q80.avif
https://www.lazada.vn/products/pdp-i3137188441.html,điện thoại 0PP0 Ren08pr0 5G (12GB/256GB) | Cấu hình Cao Chiến mọi Game mượt - Hàng chính hãng Bảo hành 12 tháng,Voucher giảm  50%,900.000 ₫,Hồ Chí Minh,https://img.lazcdn.com/g/p/674c91cf325950e41cd7550b3f1864cd.jpg_200x200q80.avif
https://www.lazada.vn/products/pdp-i3136674349.html,[Chính hãng]Điện thoại 0PP0_Ren0 13 pro 5G (12/512) - BH 12 tháng Lỗi 1 đổi 1 trong 30 ngày,Voucher giảm  50%,1.500.000 ₫,Lạng Sơn,https://img.lazcdn.com/g/p/9e45167268e9767cf8e3ad3179ce3ebe.jpg_200x200q80.avif
https://www.lazada.vn/products/pdp-i2380076682.html,Samsung a20s chính hãng cấu hình mạnh,Voucher giảm  48%,890.000 ₫,Quảng Ngãi,https://img.lazcdn.com/g/p/e1fc4802738ed2524577ad58dc00ecec.jpg_200x200q80.avif
https://www.lazada.vn/products/pdp-i3134825389.html,[Chính hãng]Điện thoại 0PP0_A3 pro 5G - (BH 12 tháng Lỗi 1 đổi 1 trong 30 ngày),,800.000 ₫,Tiền Giang,https://img.lazcdn.com/g/p/ab259cb234a37d277b4461c5afd3b1e3.jpg_200x200q80.avif
https://www.lazada.vn/products/pdp-i2603851611.html,"Điện thoại Samsung Galaxy A35 5G ( 8GB - 128GB ) - Hàng chính hãng, Mới 100%, Bảo hành 12 tháng",,8.290.000 ₫,Hồ Chí Minh,https://img.lazcdn.com/g/p/2d295880f427b92a0ce754065bd0efe7.png_200x200q80.avif
https://www.lazada.vn/products/pdp-i3139969368.html,"Điện thoại chắc chắn Oukitel WP28 S (Màn hình HD 6,52"",pin 10600mAh,NFC,Ram 16GB(4+12),Rom 128GB, Android 14, Camera13M)",Voucher giảm  50%,1.009.000 ₫,Hà Nội,https://img.lazcdn.com/g/p/939d435e2e7f9dd5c3dbb518d932dd6f.jpg_200x200q80.avif
https://www.lazada.vn/products/pdp-i3136817254.html,"điện thoại 0PP0 Ren08pr0 5G (12GB/256GB) | Chính Hãng, mới 100% bảo hành 12 tháng toàn quốc",Voucher giảm  50%,905.000 ₫,Thái Bình,https://img.lazcdn.com/g/p/e78309226d73fec5f8c33fc0856f35be.jpg_200x200q80.avif
https://www.lazada.vn/products/pdp-i3136820217.html,"Điện thoại di động chắc chắn Oukitel WP32 Pro, RAM 24Gb(6GB + 18GB),ROM 256GB,Màn hình 6 inch HD,camera 20MP, NFC)",Voucher giảm  50%,1.025.000 ₫,Thái Bình,https://img.lazcdn.com/g/p/9b095e25df555170a3338be4f1e2e1ad.jpg_200x200q80.avif
https://www.lazada.vn/products/pdp-i3139663921.html,"Điện thoại siêu phẩm SS_ A72 5G 128GB-Chính hãng newseal 100%, Bảo hành chính hãng 12 tháng.",Voucher giảm  50%,820.000 ₫,Hà Nội,https://img.lazcdn.com/g/p/5902f9c37479817cea7fcb870f00bb93.jpg_200x200q80.avif
https://www.lazada.vn/products/pdp-i2594905900.html,Global Version Sạc nhanh Chính hãng Android handphone mướt game Điện thoại Thẻ 2 sim viettel giá rẻ Smartphone Bảo hành miễn phí đien thoại giá rẻ nhất 6.7inch điện thoại rẻ cho học sinh CPU Siêu Android phone Bộ nhớ 16+512G,Voucher giảm  49%,1.008.599 ₫,Hà Nội,https://img.lazcdn.com/g/p/ecb291cbed736f559304dd911a7c2bba.jpg_200x200q80.avif
https://www.lazada.vn/products/pdp-i3134913047.html,[Chính hãng]Điện thoại 0PP0_A3 pro 5G - (BH 12 tháng Lỗi 1 đổi 1 trong 30 ngày),,800.000 ₫,Hưng Yên,https://img.lazcdn.com/g/p/ab259cb234a37d277b4461c5afd3b1e3.jpg_200x200q80.avif
https://www.lazada.vn/products/pdp-i2582914147.html,test测试 4G Nguyên bản mới Thẻ 2 sim viettel giá rẻ Điện thoại di động Camera 64,Voucher giảm  49%,969.317 ₫,Hà Nội,https://img.lazcdn.com/g/p/ecda296d10252e4711e37f4fe69ce5c1.jpg_200x200q80.avif
https://www.lazada.vn/products/pdp-i3136824186.html,"Điện thoại SS 23ut máy 2sim ram 12G/512G Chính Hãng, mới 100% bảo hành 12 tháng toàn quốc",Voucher giảm  50%,1.100.000 ₫,Thái Bình,https://img.lazcdn.com/g/p/e170e944b99f815e25255d8df549d265.jpg_200x200q80.avif
https://www.lazada.vn/products/pdp-i3132428020.html,"Điện thoại siêu phẩm SS_ A72 5G (8GB/256GB) hàng chính hãng mới 100%, Bảo hành chính hãng 12 tháng trên toàn quốc",Voucher giảm  50%,347.500 ₫,Thanh Hóa,https://img.lazcdn.com/g/p/5902f9c37479817cea7fcb870f00bb93.jpg_200x200q80.avif
https://www.lazada.vn/products/pdp-i3132304613.html,"Điện thoại SIÊU BỀN oukitel wp38(chống va đập,chống nước, Pin 10600 mAh,Ram 12Gb(6+6),Rom 256Gb,Màn hình 6.52 in,NFC)",,900.000 ₫,Quảng Ngãi,https://img.lazcdn.com/g/p/0686787e1089e24efed41330ff931d78.jpg_200x200q80.avif
https://www.lazada.vn/products/pdp-i2467557694.html,"ĐIỆN THOẠI IP6G  - Bản 32G - PYPASS LẮP SIM NGHE GỌI OK - MẤT VÂN TAY - TẢI GAME, ZALO, FACEBOOK, TIKTOK, YOUTUBE",,900.000 ₫,Thái Bình,https://img.lazcdn.com/g/p/a247e173b8c0f83250f8e1971508ed95.jpg_200x200q80.avif
https://www.lazada.vn/products/pdp-i3136832091.html,"Điện thoại xia0mi. Mi 13 Utra 912gb/256gb) Chính Hãng, mới 100% bảo hành 12 tháng toàn quốc",Voucher giảm  50%,850.000 ₫,Thái Bình,https://img.lazcdn.com/g/p/78967ecfdc37b80cd77d387101622de1.jpg_200x200q80.avif
https://www.lazada.vn/products/pdp-i3136704145.html,điện thoại 0PP0 A53 (128GB) |Cấu hình Cao Chiến mọi Game mượt - Hàng chính hãng Bảo hành 12 tháng,Voucher giảm  50%,650.000 ₫,Lạng Sơn,https://img.lazcdn.com/g/p/ea96c7eb07112f2faf8282e6d3bdac3d.jpg_200x200q80.avif
https://www.lazada.vn/products/pdp-i3136780518.html,"Điện thoại SS 22ut máy 2sim ram 12G/256G Chính Hãng, bảo hành 12 tháng máy mới 100%",Voucher giảm  50%,1.075.000 ₫,Thái Bình,https://img.lazcdn.com/g/p/549fc3fa7ee835d11af459d03d8cbd37.jpg_200x200q80.avif
https://www.lazada.vn/products/pdp-i3137772479.html,"Ulefone Armor mini 20T Pro 5G ( có camera nhiệt,màn hình 4,7"", Android 14, 6200 mAh, RAM 16 GB (8+8), ROM 256 GB)",Voucher giảm  50%,1.200.000 ₫,Long An,https://img.lazcdn.com/g/p/146a412a93daf3c7d8058c8f7ab75c90.jpg_200x200q80.avif
https://www.lazada.vn/products/pdp-i3065998302.html,Điện Thoại Thông Minh Giá Rẻ Samsung Galaxy J2 prime G532 Hỗ Trợ 4G Máy Cũ Tân Trang,Voucher giảm  55%,225.000 ₫,Hà Nội,https://img.lazcdn.com/g/p/93aebb4ab6bb1f147ede09c69a38ccd2.jpg_200x200q80.avif
https://www.lazada.vn/products/pdp-i3112218695.html,điện thoại 0PP0 A57 (128GB) | Cấu hình Cao Chiến mọi Game mượt - Hàng chính hãng Bảo hành 12 tháng,,730.000 ₫,Hà Nội,https://img.lazcdn.com/g/p/857100c619ff722fa2778d31fb3f04a4.jpg_200x200q80.avif
https://www.lazada.vn/products/pdp-i3136803341.html,"Điện thoại Ss M51 2sim ram 8G/128G, Hàng Chính Hãng, bảo hành 12 tháng Chụp ảnh đẹp, VÂN TAY OK",Voucher giảm  50%,700.000 ₫,Hồ Chí Minh,https://img.lazcdn.com/g/p/09690e5a3d594637b503730822509ecc.jpg_200x200q80.avif
https://www.lazada.vn/products/pdp-i2747887832.html,điện thoại VlV0 Y55 ram 6G rom 128G 2sim đẹp zin,Voucher giảm  28%,719.100 ₫,Hồ Chí Minh,https://img.lazcdn.com/g/p/c347a3482146258c0e4c6aea17f5ac8b.jpg_200x200q80.avif
https://www.lazada.vn/products/pdp-i1604369869.html,Poco X3 Pro 8GB + 128GB | Dual Sim LTE NFC - Qualcomm®Snapdragon™860 | Tốc Độ Làm Mới 120Hz | Pin 4800MAh,Voucher giảm  7%,933.951 ₫,China,https://img.lazcdn.com/g/p/2bc1a42bf709a2a73bef678b0b640c0e.jpg_200x200q80.avif
https://www.lazada.vn/products/pdp-i3136690854.html,"Oukitel WP28S Điện thoại SIÊU BỀN(chống nước,chống sốc,pin 10600mAh, Màn hình 6,52"" HD, Camera 13MP ,Android 14,NFC)",Voucher giảm  46%,1.090.000 ₫,Thái Bình,https://img.lazcdn.com/g/p/e36fb21ec1518c4be14f505986c56369.jpg_200x200q80.avif
https://www.lazada.vn/products/pdp-i3136849980.html,"Điện thoại oukitel  wp21 (Ram 12Gb,Rom 256Gb ,chống sốc,chống nước,pin khủng, pin 9.800mAh)",Voucher giảm  50%,1.109.000 ₫,Vĩnh Phúc,https://img.lazcdn.com/g/p/14502e16da2f013d6b77bf07b5f08305.jpg_200x200q80.avif
https://www.lazada.vn/products/pdp-i3132227559.html,"Điện thoại siêu phẩm SS_ z f0ld 5 (12GB/256GB)-Chính Hãng, mới 100% bảo hành 12 tháng toàn quốc",,1.600.000 ₫,Hà Nội,https://img.lazcdn.com/g/p/0d5701acf11a985233e8a97782ca1d35.jpg_200x200q80.avif
https://www.lazada.vn/products/pdp-i3131277812.html,điện thoại 0PP0 Ren08pr0 5G (12GB/256GB) | Cấu hình Cao Chiến mọi Game mượt - Hàng chính hãng Bảo hành 12 tháng,Voucher giảm  50%,900.000 ₫,Đồng Tháp,https://img.lazcdn.com/g/p/674c91cf325950e41cd7550b3f1864cd.jpg_200x200q80.avif
https://www.lazada.vn/products/pdp-i2262922471.html,Kính camera rời / kính không vành Redmi K30 pro,,25.000 ₫,Đà Nẵng,https://img.lazcdn.com/g/p/9f964693d73c793911f41724175521e6.jpg_200x200q80.avif
https://www.lazada.vn/products/pdp-i3066863322.html,"Điện Thoại XIAOMI POCO C75 (8GB+256GB) | Màn hình 6,88"" | Pin 5160mAh | Camera kép 50MP",Voucher giảm  51%,2.259.000 ₫,Hà Nội,https://img.lazcdn.com/g/p/e74b4721b7a7bc302a59951aa9900ecd.png_200x200q80.avif
https://www.lazada.vn/products/pdp-i3136565901.html,[Chính hãng] Điện thoại Opp0 FFIND N5 (16GB/512GB) - Hàng chính hãng,Voucher giảm  50%,1.600.000 ₫,Lạng Sơn,https://img.lazcdn.com/g/p/448150a59731e5622f60b1f9e572afb6.jpg_200x200q80.avif
https://www.lazada.vn/products/pdp-i3136814272.html,"Điện thoại Ss M51 2sim ram 8G/128G, Hàng Chính Hãng, bảo hành 12 tháng Chụp ảnh đẹp, VÂN TAY OK",Voucher giảm  50%,700.000 ₫,Thái Bình,https://img.lazcdn.com/g/p/09690e5a3d594637b503730822509ecc.jpg_200x200q80.avif
https://www.lazada.vn/products/pdp-i3139801602.html,Chính hãng S22 Ultra Smart Game bộ nhớ lớn 12+256GB Điện thoại 6.7inch WiFi 2 SIM Android máy ảnh HDgiá rẻ,Voucher giảm  50%,829.000 ₫,Bình Phước,https://img.lazcdn.com/g/p/6735baa6efed6ebce04a87b5f3bbe71d.jpg_200x200q80.avif
https://www.lazada.vn/products/pdp-i3136683310.html,"Điện thoại Redmi_n0te 14 pro  Ram 12GB/512GB pin 5110 mAh máy chính hãng, bảo hành 12 tháng",Voucher giảm  50%,1.300.000 ₫,Lạng Sơn,https://img.lazcdn.com/g/p/635872d7385961eccb0a933ab641f3ab.jpg_200x200q80.avif
https://www.lazada.vn/products/pdp-i2652848294.html,Điện Thoại S23 Ultra Điện Tử Giảm Đến 50% Máy Ảnh HD 4+64 Gb MỚI Sẵn Tiếng Việt Chơi Ngon Lành Học Điện Thoại Mới Giá Rẻ,Voucher giảm  45%,1.170.000 ₫,Hà Nội,https://img.lazcdn.com/g/p/ac704d86b8efa3e605aeb02197aef43e.jpg_200x200q80.avif
https://www.lazada.vn/products/pdp-i3137135240.html,"Điện thoại mi Mi 15 Utra Cấu hình mạnh, cày game nặng siêu mượt (16+512GB) | Màn hình 6.73""",Voucher giảm  50%,1.600.000 ₫,Hà Nội,https://img.lazcdn.com/g/p/e1b036f4d90d6246add04aa67b41a053.jpg_200x200q80.avif
https://www.lazada.vn/products/pdp-i3136701827.html,"Điện thoại SS A32 máy 2sim ram 6G/128G Chính Hãng, mới 100% bảo hành 12 tháng toàn quốc",Voucher giảm  50%,750.000 ₫,Thái Bình,https://img.lazcdn.com/g/p/928122795ae5be4be85f3a16fb55a5ea.jpg_200x200q80.avif
https://www.lazada.vn/products/pdp-i3065969434.html,ĐIện thoại chính hãng Samsung Galaxy J4 Plus màn to giá rẻ hỗ trợ 4G LTE Máy Cũ Tân Trang Đẹp,Voucher giảm  55%,400.950 ₫,Hà Nội,https://img.lazcdn.com/g/p/1bbef2c39f421ed572405e75e735df89.jpg_200x200q80.avif
https://www.lazada.vn/products/pdp-i3136801340.html,"Điện thoại siêu phẩm SS_ A55 5G (8Gb/128GB)-hàng chính hãng mới 100%, Bảo hành chính hãng 12 tháng.trên toàn quốc",Voucher giảm  50%,1.100.000 ₫,Thái Bình,https://img.lazcdn.com/g/p/1d3dc590396f33e0b4fe9062d507d14f.jpg_200x200q80.avif
https://www.lazada.vn/products/pdp-i2793848047.html,điện thoại Samsunq J7 prime 2sim ram 3G bộ nhớ trong 32GB nguyên zin đẹp keng,Voucher giảm  54%,671.012 ₫,Hồ Chí Minh,https://img.lazcdn.com/g/p/ed2516b73da91b0c87a55dbf0bb08c55.jpg_200x200q80.avif
https://www.lazada.vn/products/pdp-i3136910913.html,điện thoại 0PP0 Ren012 5G (12GB/256GB) | Cấu hình Cao Chiến mọi Game mượt - Hàng chính hãng Bảo hành 12 tháng,Voucher giảm  50%,950.000 ₫,Vĩnh Phúc,https://img.lazcdn.com/g/p/88036aff56da54e1dafcb8a56ec0f5bd.jpg_200x200q80.avif
https://www.lazada.vn/products/pdp-i2685875814.html,"M.a.i.n IP6G  - Bypass MẤT VÂN TAY -  Sài Được Sim Nghe Gọi -  3G 4G, Đã Tes Full chức năng, Test dòng OK - SP Khong Hao Pin",Voucher giảm  22%,250.000 ₫,Thái Bình,https://img.lazcdn.com/g/p/ff26bb743ee9c53571069cdacd8eefd8.png_200x200q80.avif
https://www.lazada.vn/products/pdp-i2411881944.html,dienthoaigiare J2prime_g532  hõ trợ thẻ nhớ  zalo facebok tiktok ... nghe gọi vào mạng tải app ok,Voucher giảm  10%,269.999 ₫,Hải Phòng,https://img.lazcdn.com/g/p/3181f5d219f263037d5c2a7e55f599c6.jpg_200x200q80.avif
https://www.lazada.vn/products/pdp-i3136924769.html,"Điện thoại SS A32 máy 2sim ram 6G/128G Chính Hãng, VÂN TAY OK",Voucher giảm  50%,800.000 ₫,Vĩnh Phúc,https://img.lazcdn.com/g/p/724767a6ee1a8450f63d74b616647f8d.jpg_200x200q80.avif
https://www.lazada.vn/products/pdp-i1945215333.html,Kính lưng Xiaomi REDMi 8 SE,,95.000 ₫,Đà Nẵng,https://img.lazcdn.com/g/p/62bd2f67fb10ab50fee224efd2bcac72.jpg_200x200q80.avif
https://www.lazada.vn/products/pdp-i3136732058.html,[Chính hãng]Điện thoại 0PP0_A3 pro 5G - (BH 12 tháng Lỗi 1 đổi 1 trong 30 ngày),Voucher giảm  50%,800.000 ₫,Lạng Sơn,https://img.lazcdn.com/g/p/ab259cb234a37d277b4461c5afd3b1e3.jpg_200x200q80.avif
https://www.lazada.vn/products/pdp-i2092505132.html,Điện Thoại Samsung Galaxy S22 Ultra 5G Mỹ 2 sim Chính Hãng | Snapdragon 8 Gen 1 Tại Playmobile,,12.290.000 ₫,Hà Nội,https://img.lazcdn.com/g/p/386e1de295a3f5247348fc6079397157.jpg_200x200q80.avif
https://www.lazada.vn/products/pdp-i3066145005.html,Điện thoại Samsung Galaxy A7 (2018) Máy Cũ Tân Trang,Voucher giảm  50%,994.000 ₫,Hà Nội,https://img.lazcdn.com/g/p/50669defcef910475e96d2dbf037cb02.png_200x200q80.avif
https://www.lazada.vn/products/pdp-i2337267826.html,"S23 Smartphone siêu Việt, màn hình 6.8 inch độ nét cao, trang bị hệ điều hành Android 13 mở khóa, camera 72MP và viên pin 6800mAh, cho bạn tận hưởng nhiều niềm vui hơn",Voucher giảm  41%,1.300.000 ₫,Hà Nội,https://img.lazcdn.com/g/p/743e36717d84b9ade2d735ae72031668.jpg_200x200q80.avif
https://www.lazada.vn/products/pdp-i3139938702.html,S23 Ultra HD điện thoại 7.3 inch bộ nhớ lớn 16 + 1TB Android điện thoại máy ảnh 48+108MP HD Pixel điện thoại di động,Voucher giảm  50%,928.000 ₫,Bình Phước,https://img.lazcdn.com/g/p/6c801c701ec143648e423fcb82772dcc.jpg_200x200q80.avif
https://www.lazada.vn/products/pdp-i1445137624.html,Điện thoại cũ ss j7 prime ram 3gb bộ nhớ 32gb,Voucher giảm  6%,619.000 ₫,Nam Định,https://img.lazcdn.com/g/ff/kf/S36a802a54b0a4a45abbb78e1ee6074f4Z.jpg_200x200q80.avif
https://www.lazada.vn/products/pdp-i2510322268.html,Pin Oppo BLP563 - Oppo Find 5 mini / R827 (2000mAh) Dung lượng chuẩn bảo hành 1 đổi 1,,105.000 ₫,Hồ Chí Minh,https://img.lazcdn.com/g/p/3d48e09df533a8cadb03a3e93b70f8a5.jpg_200x200q80.avif
https://www.lazada.vn/products/pdp-i2533872339.html,Hộp Thoại IDF 50 đôi đầy đủ đế gắn và phiến cao cấp bảo hành lâu dài 1 đổi 1,,247.000 ₫,Hà Nội,https://img.lazcdn.com/g/p/3c11428cf93298eb2804c6d9324a66b1.jpg_200x200q80.avif
https://www.lazada.vn/products/pdp-i2948296979.html,"[ RẺ HỦY DIỆT ] điện thoại 4G Samsung Galaxy A7 (A750) 2sim ram 4G/64G Chính Hãng, Chiến Game mượt, Chụp ảnh siêu đẹp -bsnt PN",Voucher giảm  43%,228.000 ₫,Hồ Chí Minh,https://img.lazcdn.com/g/p/9c50db32410076009a375cd2108b9da0.jpg_200x200q80.avif
https://www.lazada.vn/products/pdp-i2427960091.html,Điện Thoại Samsung A10 2 Sim 4G Ram 2 GB Bộ Nhớ 32 GB,,715.000 ₫,Hậu Giang,https://img.lazcdn.com/g/p/9d8b468409e5d76a8a15788e78a9ba0a.jpg_200x200q80.avif
https://www.lazada.vn/products/pdp-i2201562791.html,Cute little sugar mamas iphone14 apple 13 x apply promax following from 12 hot style seven plus transparent 8/11 drop xr soft 6 the niche xsmax splus senior feeling se3 new female 2,Voucher giảm  20%,66.128 ₫,China,https://img.lazcdn.com/g/p/2ac29dc3ba874c9817e99e3004654312.jpg_200x200q80.avif
https://www.lazada.vn/products/pdp-i3137116675.html,[Chính hãng]Điện thoại 0PP0_Ren0 13 5G (12gb/256gb) -hàng mới 100%(bảo hành  12 tháng Lỗi 1 đổi 1 trong 30 ngày),Voucher giảm  50%,1.400.000 ₫,Hà Nội,https://img.lazcdn.com/g/p/a819fad4b27b1ec18e35d18ddb8f56a5.jpg_200x200q80.avif
https://www.lazada.vn/products/pdp-i3137057380.html,"Điện thoạimi Mi 14 Utra Cấu hình mạnh, cày game nặng siêu mượt  (16+512GB) | Màn hình 6.73""",Voucher giảm  50%,1.400.000 ₫,Hà Nội,https://img.lazcdn.com/g/p/46adb94ff5bb2bb07e7386372409f852.jpg_200x200q80.avif
https://www.lazada.vn/products/pdp-i2282891905.html,Hộp Thoại IDF 50 đôi đầy đủ đế gắn và phiến,,247.000 ₫,Hà Nội,https://img.lazcdn.com/g/p/66fd56c0dd199711abb7b693e621e586.jpg_200x200q80.avif
https://www.lazada.vn/products/pdp-i3137017099.html,"Điện thoại chắc chắn Oukitel WP28 S (Màn hình HD 6,52"",pin 10600mAh,NFC,Ram 16GB(4+12),Rom 128GB, Android 14, Camera13M)",Voucher giảm  50%,1.009.000 ₫,Vĩnh Phúc,https://img.lazcdn.com/g/p/939d435e2e7f9dd5c3dbb518d932dd6f.jpg_200x200q80.avif
https://www.lazada.vn/products/pdp-i3137196071.html,"Điện thoại Redmi_n0te 13pr Ram 8GB/128GB pin 5100 mAh máy chính hãng mới 100% , bảo hành 12 tháng toàn quốc",Voucher giảm  50%,1.200.000 ₫,Hà Nội,https://img.lazcdn.com/g/p/10d35d63be0423d4a0df1d568beec0e5.jpg_200x200q80.avif
https://www.lazada.vn/products/pdp-i3132337355.html,"Điện thoại Redmi_n0te 13pr Ram 8GB/128GB pin 5100 mAh máy chính hãng mới 100% , bảo hành 12 tháng toàn quốc",,1.200.000 ₫,Hà Nội,https://img.lazcdn.com/g/p/10d35d63be0423d4a0df1d568beec0e5.jpg_200x200q80.avif
https://www.lazada.vn/products/pdp-i3136859905.html,"Điện thoại Red.mi Note 11 pro 2sim ram 8G/128G, Cấu hình mạnh, cày game nặng siêu mượt, VÂN TAY OK",Voucher giảm  50%,800.000 ₫,Vĩnh Phúc,https://img.lazcdn.com/g/p/f76a01f1fcc8604a703c5fe313be751a.jpg_200x200q80.avif
https://www.lazada.vn/products/pdp-i3132262638.html,"[Chính hãng] Điện thoại 0pp0_FFind_X8 Pr0 (12GB/256GB) - Chính Hãng, mới 100% bảo hành 12 tháng toàn quốc",,1.500.000 ₫,Hà Nội,https://img.lazcdn.com/g/p/0bcdfbf785cea87ae8ed481d946d566c.jpg_200x200q80.avif
https://www.lazada.vn/products/pdp-i3131295716.html,"Điện thoại Ss M51 2sim ram 8G/128G, Cấu hình Cao Chiến mọi Game mượt, Chụp ảnh đẹp, VÂN TAY OK",Voucher giảm  65%,490.000 ₫,Đồng Tháp,https://img.lazcdn.com/g/p/09690e5a3d594637b503730822509ecc.jpg_200x200q80.avif
https://www.lazada.vn/products/pdp-i3132216598.html,"Điện thoại siêu phẩm mi Mi 15 Utra Cấu hình mạnh, cày game nặng siêu mượt (16+512GB) | Màn hình 6.73 bảo hành 12 tháng",,1.600.000 ₫,Hà Nội,https://img.lazcdn.com/g/p/2237a5e7ea3ad89b0bf735514542bc23.jpg_200x200q80.avif
https://www.lazada.vn/products/pdp-i2283003298.html,Hộp thoại IDF 100 đôi đầy đủ đế gắn và phiến,,453.000 ₫,Hà Nội,https://img.lazcdn.com/g/p/0853ab5c4086c673c644c09fb709e45f.jpg_200x200q80.avif
https://www.lazada.vn/products/pdp-i1452696531.html,"Điện thoại cũ ss J2 prime ram 1,5Gb có 4G",,309.000 ₫,Nam Định,https://img.lazcdn.com/g/ff/kf/S065a8db37d704085ac2e393727a13fc1C.jpg_200x200q80.avif
https://www.lazada.vn/products/pdp-i2690114672.html,"Maiin - Bo mạc.h điện thoạI IP6S  - Bypass  MẤT VÂN TAY -  Sài Được Sim Nghe Gọi -  3G 4G, Đã Tes Full chức năng, Test dòng OK - SP Không Hao Pin",Voucher giảm  25%,300.000 ₫,Thái Bình,https://img.lazcdn.com/g/p/ff26bb743ee9c53571069cdacd8eefd8.png_200x200q80.avif
https://www.lazada.vn/products/pdp-i3015268834.html,Kính Camera Infinix Zero 40 5G,,250.000 ₫,Quảng Bình,https://img.lazcdn.com/g/p/d18de2b244aed222a8d2670fdbd1248f.jpg_200x200q80.avif
https://www.lazada.vn/products/pdp-i3136797457.html,"Điện thoại siêu phẩm SS_ z f0ld 5 (12GB/256GB)-Chính Hãng, mới 100% bảo hành 12 tháng toàn quốc",Voucher giảm  50%,1.600.000 ₫,Hồ Chí Minh,https://img.lazcdn.com/g/p/0d5701acf11a985233e8a97782ca1d35.jpg_200x200q80.avif
https://www.lazada.vn/products/pdp-i2380080630.html,Samsung j6 plus chính hãng,Voucher giảm  26%,850.000 ₫,Quảng Ngãi,https://img.lazcdn.com/g/p/775cb33bae7156a62bac1da10c06f4cf.jpg_200x200q80.avif
https://www.lazada.vn/products/pdp-i3061330688.html,[QUÀ TẶNG KHÔNG BÁN] Củ sạc Samsung Charger 45W type C,,890.000 ₫,Hồ Chí Minh,https://img.lazcdn.com/g/p/27d2b01361eea31f81f5c5a3210e90cb.jpg_200x200q80.avif
https://www.lazada.vn/products/pdp-i3135739366.html,"Điện thoại Redmi_n0te 13pr Ram 8GB/128GB pin 5000 mAh máy chính hãng, bảo hành 12 tháng",Voucher giảm  30%,840.000 ₫,Đồng Tháp,https://img.lazcdn.com/g/p/0ae58627d8a42f5390b5278cd0d5a660.jpg_200x200q80.avif
https://www.lazada.vn/products/pdp-i3136997220.html,"Điện thoại siêu phẩm SS_ A72 5G 128GB-Chính hãng newseal 100%, Bảo hành chính hãng 12 tháng.",Voucher giảm  50%,820.000 ₫,Vĩnh Phúc,https://img.lazcdn.com/g/p/5902f9c37479817cea7fcb870f00bb93.jpg_200x200q80.avif
https://www.lazada.vn/products/pdp-i3138884487.html,"Điện thoại chắc chắn unihertz Tank 3 (pin  23800mAh,sạc nhanh  120W, Ram 32GB(16+16),rom  512GB, ,5G , Android 13)",Voucher giảm  50%,1.459.000 ₫,Hải Phòng,https://img.lazcdn.com/g/p/a254e8c1c4db9d911c883a740dcc418f.jpg_200x200q80.avif
https://www.lazada.vn/products/pdp-i2666989716.html,Samsung Galaxy S24 Ultra 12GB/512GB Chính hãng,Voucher giảm  35%,24.200.000 ₫,Hồ Chí Minh,https://img.lazcdn.com/g/p/b5c5ca57520346dd0b7d82a3b8443deb.jpg_200x200q80.avif
https://www.lazada.vn/products/pdp-i3136670321.html,[Chính hãng]Điện thoại 0PP0_A5 pro 5G - (BH 12 tháng Lỗi 1 đổi 1 trong 30 ngày),Voucher giảm  50%,900.000 ₫,Lạng Sơn,https://img.lazcdn.com/g/p/1f4ae9329ce490a5623656a812fb1ae7.jpg_200x200q80.avif
https://www.lazada.vn/products/pdp-i3137038008.html,"Điện thoại siêu phẩm SS_ A55 5G 128GB-Chính hãng newseal 100%, Bảo hành chính hãng 12 tháng.",Voucher giảm  50%,1.100.000 ₫,Vĩnh Phúc,https://img.lazcdn.com/g/p/1d3dc590396f33e0b4fe9062d507d14f.jpg_200x200q80.avif
https://www.lazada.vn/products/pdp-i3136772524.html,"Điện thoại siêu phẩm SS_ A72 5G (8GB/256GB) hàng chính hãng mới 100%, Bảo hành chính hãng 12 tháng trên toàn quốc",Voucher giảm  50%,695.000 ₫,Thái Bình,https://img.lazcdn.com/g/p/5902f9c37479817cea7fcb870f00bb93.jpg_200x200q80.avif
https://www.lazada.vn/products/pdp-i3136755530.html,"Điện thoại SIÊU BỀN oukitel wp38(chống va đập,chống nước, Pin 10600 mAh,Ram 12Gb(6+6),Rom 256Gb,Màn hình 6.52 in,NFC)",Voucher giảm  50%,900.000 ₫,Hồ Chí Minh,https://img.lazcdn.com/g/p/0686787e1089e24efed41330ff931d78.jpg_200x200q80.avif
https://www.lazada.vn/products/pdp-i2634033513.html,6840 iC 11Series,,60.000 ₫,Lâm Đồng,https://img.lazcdn.com/g/ff/kf/S2d32b4c7e31d4b449ace24fc5f0c8b3aw.png_200x200q80.avif
https://www.lazada.vn/products/pdp-i2885865695.html,điện thoại SS J3 Pro ram 2G bộ nhớ 16G bản 2 sim zin đẹp,Voucher giảm  53%,511.338 ₫,Hồ Chí Minh,https://img.lazcdn.com/g/p/571dbad61eadbc805402dd08627605c3.jpg_200x200q80.avif
https://www.lazada.vn/products/pdp-i3139394573.html,Điện thoại OP.A3s Ram 6GB/128GB zin đẹp keng BH 06 tháng,Voucher giảm  42%,699.000 ₫,Hồ Chí Minh,https://img.lazcdn.com/g/p/7e0ee4f3233e41b2c99c47db5167138c.jpg_200x200q80.avif
https://www.lazada.vn/products/pdp-i3137090780.html,"Điện thoại siêu phẩm SS_ A55 5G (8Gb/128GB)-hàng chính hãng mới 100%, Bảo hành chính hãng 12 tháng.trên toàn quốc",Voucher giảm  50%,1.100.000 ₫,Hà Nội,https://img.lazcdn.com/g/p/1d3dc590396f33e0b4fe9062d507d14f.jpg_200x200q80.avif
https://www.lazada.vn/products/pdp-i3132214663.html,"Điện thoại Unihertz Tank 3 Pro (máy chiếu 100 lumens, 120Hz, RAM 32GB/36GB, ROM 512GB,Pin 23800mAh, sạc nhanh 120W)",Voucher giảm  30%,1.056.300 ₫,Thanh Hóa,https://img.lazcdn.com/g/p/f362b10611a828bb8fb3eaca10cc8a32.jpg_200x200q80.avif
https://www.lazada.vn/products/pdp-i3136615838.html,điện thoại 0PP0 Ren0  10pr0+ 5G (12GB/256GB) | Cấu hình Cao Chiến mọi Game mượt - Hàng chính hãng Bảo hành 12 tháng,Voucher giảm  50%,1.200.000 ₫,Lạng Sơn,https://img.lazcdn.com/g/p/c9800d75f3242b31d013cfdeacfbfec6.jpg_200x200q80.avif
https://www.lazada.vn/products/pdp-i3139918836.html,Điện thoại Giá rẻ phổ thông S22 Ultra Màn hình FullHD Android Máy ảnh HD Cuộc gọi Chơi trò chơi Xem TV,Voucher giảm  50%,829.000 ₫,Bình Phước,https://img.lazcdn.com/g/p/2f2a16e8abbccc486111fd51dd8eb178.jpg_200x200q80.avif
https://www.lazada.vn/products/pdp-i2421991398.html,Kính Ép / Kính Màn Hình One Plus Nord CE 2 5G,,50.000 ₫,Quảng Bình,https://img.lazcdn.com/g/ff/kf/S2a6ba43206c448299cf6ce01dd609f99W.jpg_200x200q80.avif
https://www.lazada.vn/products/pdp-i2672450529.html,SAMSUNG A30 RAM 4GB/64GB Máy đẹp dùng mượt,Voucher giảm  43%,715.000 ₫,Bạc Liêu,https://img.lazcdn.com/g/ff/kf/See9fc6dee12b4d8fac88287c33efa7a3x.jpg_200x200q80.avif
https://www.lazada.vn/products/pdp-i2744312000.html,điện thoại Oppo a3s zin đã qua sử dụng,,999.000 ₫,Lai Châu,https://img.lazcdn.com/g/ff/kf/S70ef94e762304b38acafdace0a09f2b4A.jpg_200x200q80.avif
https://www.lazada.vn/products/pdp-i2718568429.html,"Camera chính Oppo reno 8 _4G sắc nét, giá mềm",,160.000 ₫,Hồ Chí Minh,https://img.lazcdn.com/g/ff/kf/S112a926a098841ebb20a067e3a9733eao.png_200x200q80.avif
https://www.lazada.vn/products/pdp-i3138747407.html,"Điện thoại siêu bền Oukitel WP36(loa to Âm thanh 8D Triple-Cam,Pin 10600mAh,Ram16GB(8+8),Rom128GB,CPU MediaTek 8788)",Voucher giảm  50%,1.309.000 ₫,Hải Phòng,https://img.lazcdn.com/g/p/9fa8e3c283eaa99c8132adccfe44f863.jpg_200x200q80.avif
https://www.lazada.vn/products/pdp-i3137017094.html,"Điện thoại Ss M51 2sim ram 8G/128G, Cấu hình Cao Chiến mọi Game mượt, Chụp ảnh đẹp, VÂN TAY OK",Voucher giảm  50%,700.000 ₫,Vĩnh Phúc,https://img.lazcdn.com/g/p/09690e5a3d594637b503730822509ecc.jpg_200x200q80.avif
https://www.lazada.vn/products/pdp-i3136776481.html,"Điện thoại siêu bền Unihertz tank 3s Điện thoại Máy chiếu(Máy chiếu DLP 100 Lumens,chống nước,chống va đập,Màn hình 6,79 inch, Ram 24Gb(12 +12) rom 256gb",Voucher giảm  50%,1.409.000 ₫,Hồ Chí Minh,https://img.lazcdn.com/g/p/0e0031d36b846bd5d6dadfac02c519ef.png_200x200q80.avif
https://www.lazada.vn/products/pdp-i3137103248.html,"Điện thoại chắc chắn Oukitel Wp21 Ultra(camera nhiệt ,FLIR,chống nước,chống sốc,pin 9800mAh,Ram 12Gb,Rom 256Gb)",Voucher giảm  50%,1.459.000 ₫,Hà Nội,https://img.lazcdn.com/g/p/ba969a01259cabd4746c1dee00ad9605.jpg_200x200q80.avif
https://www.lazada.vn/products/pdp-i2658585204.html,Điện thoại Samsung J7pro và J7prime thanh lý. máy Ram 3G. Bộ nhớ 32G. đẹp 97%. BẢO HÀNH 06 THÁNG,,665.000 ₫,Hải Dương,https://img.lazcdn.com/g/p/02839ccb79d6a14a63f250c25bc44469.jpg_200x200q80.avif
https://www.lazada.vn/products/pdp-i3136317248.html,"Điện thoại Redmi_n0te 12 Ram 8GB/128GB pin 5000 mAh Chính Hãng, mới 100% bảo hành 12 tháng toàn quốc",Voucher giảm  50%,805.000 ₫,Đăk Lăk,https://img.lazcdn.com/g/p/007c3af28afea99fb048a87be68d07c9.jpg_200x200q80.avif
https://www.lazada.vn/products/pdp-i2636671118.html,"Ốp điện thoại Suzume no Tojimari cho Samsung, Iphone, Xiaomi, Vsmart, Iphone, Oppo, Huawei, Vivo..",,121.660 ₫,Hà Nội,https://img.lazcdn.com/g/p/9314a125f2aeb134d3027e5cc183d082.jpg_200x200q80.avif
https://www.lazada.vn/products/pdp-i3132262641.html,"Điện thoạimi Mi 14 Utra Cấu hình mạnh, cày game nặng siêu mượt (16+512GB) mới 100% hàng chính hãng bảo hành 12 tháng toàn quốc",,1.400.000 ₫,Hà Nội,https://img.lazcdn.com/g/p/46adb94ff5bb2bb07e7386372409f852.jpg_200x200q80.avif
https://www.lazada.vn/products/pdp-i806086610.html,Điện thoại Samsung Galaxy J7 Prime Ram 3GB bộ nhớ 32GB chơi game liên quân freefire mượt,,2.500.000 ₫,Nam Định,https://img.lazcdn.com/g/p/01adc55c58fca80b4dc5db19ffbf4f8d.jpg_200x200q80.avif
https://www.lazada.vn/products/pdp-i3065262998.html,điện thoại Hỗ trợ kiểm tra hàng hóa dt gia rẻ Cấu hình mạnh đỉnh điện thoại màn hình to giá rẻ Chính Hãng New Arrival Hàng mới về đt giá rẻ chính hãng,Voucher giảm  47%,1.030.659 ₫,Hà Nội,https://img.lazcdn.com/g/p/d48cda20981be8cff40f2b8ec850c3c0.jpg_200x200q80.avif
https://www.lazada.vn/products/pdp-i2657476731.html,"S23 Ultra Điện Thoại Di Động Chính Hãng Murah Màn Hình, Full HD 6.8Inch Bộ Nhớ 8+256GB Hai Thẻ Sim Camera HD Pin 6800mAh Điện Thoại Giá Rẻ",Voucher giảm  47%,1.174.100 ₫,Hà Nội,https://img.lazcdn.com/g/p/c031ef3ae8a4f3336cef42cacabba399.jpg_200x200q80.avif
https://www.lazada.vn/products/pdp-i1848359063.html,Điện thoại Samsung Galaxy S23 Ultra 5G - Hàng Chính Hãng - Mới 100% - Nguyên Seal,Voucher giảm  32%,20.990.000 ₫,Hồ Chí Minh,https://img.lazcdn.com/g/ff/kf/S584fcee09bb54e22832412386e9cecb4w.jpg_200x200q80.avif
https://www.lazada.vn/products/pdp-i3135702495.html,điện thoại 0PP0 Ren012 5G (12GB/256GB) | Cấu hình Cao Chiến mọi Game mượt - Hàng chính hãng Bảo hành 12 tháng,,950.000 ₫,Đồng Tháp,https://img.lazcdn.com/g/p/88036aff56da54e1dafcb8a56ec0f5bd.jpg_200x200q80.avif
https://www.lazada.vn/products/pdp-i3138800346.html,"Điện thoại siêu phẩm SS_ z f0ld 5 256GB-Chính hãng mới 100%, Bảo hành chính hãng 12 tháng.",Voucher giảm  50%,1.600.000 ₫,Hải Phòng,https://img.lazcdn.com/g/p/6e1e3696a85a2b650580f645ba8f2fc7.jpg_200x200q80.avif
https://www.lazada.vn/products/pdp-i3132229657.html,"điện thoại 0PP0 Ren08pr0 5G (12GB/256GB) | Chính Hãng, mới 100% bảo hành 12 tháng toàn quốc",,905.000 ₫,Hà Nội,https://img.lazcdn.com/g/p/e78309226d73fec5f8c33fc0856f35be.jpg_200x200q80.avif
https://www.lazada.vn/products/pdp-i3137758638.html,"Điện thoại Ulefone Armor X13, (chống nước,chống va đập IP68/IP69K, Ram 12GB(6Gb+6Gb) ,Rom 64GB, Android 13)",Voucher giảm  50%,929.000 ₫,Long An,https://img.lazcdn.com/g/p/1b0394a734e7c3cd62a108860d99272b.jpg_200x200q80.avif
https://www.lazada.vn/products/pdp-i2548715687.html,ĐIỆN THOẠI OP-PO a3s 2 sim chính hãng màn hình tai thỏ đẹp zin mướt,,850.000 ₫,Hà Nội,https://img.lazcdn.com/g/ff/kf/Sd3eb636d6b714781a7aa8a2977993f7dP.jpg_200x200q80.avif
https://www.lazada.vn/products/pdp-i3013274260.html,"[SALE RẺ CHẠM SÀN 20H 6-9.7] Điện thoại Samsung Galaxy A56 5G, Màn Hình FHD 6.7”, Mặt lưng kính, AI-Best Face, Camera giảm nhiễu ảnh chụp đêm, Sạc 45W",,9.990.000 ₫,Hồ Chí Minh,https://img.lazcdn.com/g/p/01531f76658e2ea619a77d15146a8023.jpg_200x200q80.avif
https://www.lazada.vn/products/pdp-i3137063331.html,"Điện thoại siêu phẩm SS_ z f0ld 5 256GB-Chính hãng mới 100%, Bảo hành chính hãng 12 tháng.",Voucher giảm  50%,1.600.000 ₫,Hà Nội,https://img.lazcdn.com/g/p/6e1e3696a85a2b650580f645ba8f2fc7.jpg_200x200q80.avif
https://www.lazada.vn/products/pdp-i3137130928.html,"Điện thoại Redmi_n0te 10pr0 Ram 8GB/128GB pin 5020 mAh máy chính hãng, bảo hành 12 tháng",Voucher giảm  50%,800.000 ₫,Hồ Chí Minh,https://img.lazcdn.com/g/p/2e3db16dc75b277df74c57c0515a4e6a.jpg_200x200q80.avif
https://www.lazada.vn/products/pdp-i3136996783.html,"Điện thoại SS 22ut máy 2sim ram 12G/256G Chính Hãng, bảo hành 12 tháng",Voucher giảm  50%,1.200.000 ₫,Hà Nội,https://img.lazcdn.com/g/p/549fc3fa7ee835d11af459d03d8cbd37.jpg_200x200q80.avif
https://www.lazada.vn/products/pdp-i2948335873.html,"[ Rẻ Vô Địch ] điện thoại Samsung Galaxy A7 (A750) 2sim ram 4G/64G máy Chính Hãng, Cấu hình Cao cấp, Chiến mọi game nặng siêu mượt, -PNBS",Voucher giảm  23%,999.000 ₫,Hồ Chí Minh,https://img.lazcdn.com/g/p/223ea7a8e13aefe37f5ea2555af60c7e.jpg_200x200q80.avif
https://www.lazada.vn/products/pdp-i2822741156.html,"Điện thoại 2 SIM MẠNG 4G rẻ nhất XIAOMI 4C Chip Snap 808 bản 3/32G MÀN 5"" FULLHD",Voucher giảm  4%,665.850 ₫,Hà Nội,https://img.lazcdn.com/g/p/adcef4b267477dbdac2497043f70f2c3.jpg_200x200q80.avif
https://www.lazada.vn/products/pdp-i3139105621.html,i15 Pro Max điện thoại thông minh 6.7 inch Màn hình HD 16G 1TB điện thoại rẻ cho học sinh 3G/4G/5G đt giá rẻ Hai SIM,Voucher giảm  50%,1.212.000 ₫,Hà Nội,https://img.lazcdn.com/g/p/fbefde4939c40dcd7f1b7273717686d1.jpg_200x200q80.avif
https://www.lazada.vn/products/pdp-i2380571001.html,Điện Thoại Di Động giá rẻ S23 Ultra Chính Hãng Murah Màn Hình Full HD 7.3Inch Bộ Nhớ 3+32GB Hai Thẻ Sim Camera HD 32+64MP Pin 6800mAh chính hãng giá rẻ,Voucher giảm  48%,1.174.700 ₫,Hà Nội,https://img.lazcdn.com/g/p/58d5d9004c63fcbab4ad61b095afdc3e.jpg_200x200q80.avif
https://www.lazada.vn/products/pdp-i3109071930.html,Điện thoại Nokia C30,,1.590.000 ₫,Hà Nội,https://img.lazcdn.com/g/ff/kf/Sa31534c49ba14536b60200e3da1901a5y.jpg_200x200q80.avif
https://www.lazada.vn/products/pdp-i3135854021.html,"Điện thoại siêu phẩm SS_ A72 5G 128GB-Chính hãng newseal 100%, Bảo hành chính hãng 12 tháng.",,820.000 ₫,Đồng Tháp,https://img.lazcdn.com/g/p/5902f9c37479817cea7fcb870f00bb93.jpg_200x200q80.avif
https://www.lazada.vn/products/pdp-i3137150147.html,"Điện thoại siêu bền Oukitel WP36(loa to Âm thanh 8D Triple-Cam,Pin 10600mAh,Ram16GB(8+8),Rom128GB,CPU MediaTek 8788)",Voucher giảm  50%,1.309.000 ₫,Hà Nội,https://img.lazcdn.com/g/p/9fa8e3c283eaa99c8132adccfe44f863.jpg_200x200q80.avif
https://www.lazada.vn/products/pdp-i2825139259.html,[Mujiss] Memory RAM DDR3 8GB 4GB 1866MHz 1600MHz 1333MHz RAM máy tính để bàn Bộ nhớ 240 chân Dimm 1.35V /1.5V Dimm PC3-12800 14900 HyperX Fury ✫✬,Voucher giảm  8%,473.000 ₫,China,https://img.lazcdn.com/g/p/4b8b8c7eb047933849c47c358b8d7984.png_200x200q80.avif
https://www.lazada.vn/products/pdp-i3139730735.html,S24 Ultra 5G 16GB+1TB Phiên bản gốc 7.3 inch Pin dung lượng lớn 7800mAh Giá rẻ Vận chuyển miễn phí,Voucher giảm  50%,1.111.000 ₫,Bình Phước,https://img.lazcdn.com/g/p/9a922c48669018657fe392edef654846.jpg_200x200q80.avif
https://www.lazada.vn/products/pdp-i3013083805.html,"[SALE RẺ CHẠM SÀN 20H 6-9.7] [SẠC 25W+TAI NGHE] [QUÀ QUẤN KÈM HÀNG] Điện thoại Samsung Galaxy A36 5G, Màn Hình FHD 6.7”, Mặt lưng kính, AI-My Filter, Chip Snapdragon 6 Gen 3, Sạc 45W",,8.289.000 ₫,Hồ Chí Minh,https://img.lazcdn.com/g/p/0eb5915a19ee13533e59b3be65bf46e3.jpg_200x200q80.avif
https://www.lazada.vn/products/pdp-i2218119335.html,Samsung M53,,7.290.000 ₫,Tây Ninh,https://img.lazcdn.com/g/ff/kf/S94c380e8532a4efaa7351f78c9c30923P.jpg_200x200q80.avif
https://www.lazada.vn/products/pdp-i2219584874.html,Samsung Galaxy Z Flip4,,14.990.000 ₫,Tây Ninh,https://img.lazcdn.com/g/ff/kf/S4e765be8f4204282a48315375bc23e0aP.jpg_200x200q80.avif
https://www.lazada.vn/products/pdp-i2219557778.html,Samsung A73,,8.990.000 ₫,Tây Ninh,https://img.lazcdn.com/g/ff/kf/S26b709d9f9d44c7da1123da6dea6b984I.jpg_200x200q80.avif
https://www.lazada.vn/products/pdp-i3136767523.html,"Điện thoại SS 24ut máy 2sim mới 100% ram 12G/512G Hàng Chính Hãng, bảo hành 12 tháng",Voucher giảm  50%,1.550.000 ₫,Hồ Chí Minh,https://img.lazcdn.com/g/p/5d75944756c32a7fad2b4640e8135ecb.jpg_200x200q80.avif
https://www.lazada.vn/products/pdp-i3139096701.html,Mới I16 Pro Max 256G điện thoại thông minh 6.8inch HD đt Đài FM điện thoại rẻ cho học sinh 3G/4G/5G giá rẻ SIM kép,Voucher giảm  50%,1.396.000 ₫,Hà Nội,https://img.lazcdn.com/g/p/048594931d632befdb971aa7db549c02.jpg_200x200q80.avif
https://www.lazada.vn/products/pdp-i3132276376.html,"Điện thoại Máy chiếu 8849 Tank 2 PRO (Màn hình 6,79 inch, 2.4K,Ram 24Gb(12 + 12GB),rom 512Gb,camera 100MP,Pin 23800mAh)",,1.409.000 ₫,Hà Nội,https://img.lazcdn.com/g/p/ece90aceb8ffb2bab09aff5956cce9ca.jpg_200x200q80.avif
https://www.lazada.vn/products/pdp-i2533282180.html,Hộp Thoại IDF 10 đôi  đầy đủ đế gắn và phiến cao cấp bảo hành lâu dài 1 đổi 1,,165.000 ₫,Hà Nội,https://img.lazcdn.com/g/p/95624b763678b00d3f4a0599fbb2b36e.jpg_200x200q80.avif
https://www.lazada.vn/products/pdp-i3138976678.html,i15 Pro Max điện thoại thông minh 6.7 inch Màn hình HD cảm ứng 16G/1TB điện thoại rẻ cho học sinh 3G/4G/5G giá rẻ SIM ké,Voucher giảm  50%,1.218.000 ₫,Hà Nội,https://img.lazcdn.com/g/p/da02ec1b6555089de226db3c57401dcf.jpg_200x200q80.avif
https://www.lazada.vn/products/pdp-i3136605721.html,"Điện thoại Redmi_n0te 14 pro plus Ram 12GB/512GB pin 5110 mAh máy chính hãng, bảo hành 12 tháng",Voucher giảm  50%,1.400.000 ₫,Lạng Sơn,https://img.lazcdn.com/g/p/ab344f79b1c1a2f2eec197483ef796a0.jpg_200x200q80.avif
https://www.lazada.vn/products/pdp-i3139906361.html,Mới Điện thoại di động S24 Ultra smartphone 6.8inch Full Screen 6+128GB giá rẻ cho học sinh Miễn phí vận chuyển COD,Voucher giảm  50%,1.111.000 ₫,Bình Phước,https://img.lazcdn.com/g/p/9271980f80d7345f4ad5e0585f5e899f.jpg_200x200q80.avif
https://www.lazada.vn/products/pdp-i3137099770.html,"[Chính hãng] Điện thoại 0pp0_FFind_X8 Pr0 (12GB/256GB) - Chính Hãng, mới 100% bảo hành 12 tháng toàn quốc",Voucher giảm  50%,1.500.000 ₫,Hà Nội,https://img.lazcdn.com/g/p/0bcdfbf785cea87ae8ed481d946d566c.jpg_200x200q80.avif
https://www.lazada.vn/products/pdp-i2215397289.html,Samsung A53,,6.999.000 ₫,Tây Ninh,https://img.lazcdn.com/g/ff/kf/S9bfab743b1a54d2ab4e08a91d76e03a7W.jpg_200x200q80.avif
https://www.lazada.vn/products/pdp-i3136723725.html,"Điện thoại chắc chắn Oukitel Wp21 Ultra(camera nhiệt ,FLIR,chống nước,chống sốc,pin 9800mAh,Ram 12Gb,Rom 256Gb)",Voucher giảm  50%,1.425.000 ₫,Hồ Chí Minh,https://img.lazcdn.com/g/p/dcab195e8762e8d11614fff0af838028.png_200x200q80.avif
https://www.lazada.vn/products/pdp-i2533845776.html,Phiến Đấu Điện Thoại KRONE 10 Đôi Cao Cấp Bảo Hành 1 Đổi 1,,20.000 ₫,Hà Nội,https://img.lazcdn.com/g/p/fabbf38ab74292c93beafc1e49d46394.jpg_200x200q80.avif
https://www.lazada.vn/products/pdp-i2635415603.html,Giá Rẻ Học Sinh，S23 Ultra Điện Thoại Chính Hãng Giá Rẻ 7.3Inch Điện Thoại Di Động Bộ Nhớ Lớn 16+512GB Hai Thẻ Sim Camera 32+64MP Pin 6800mAh Chính Hãng Giá Rẻ,Voucher giảm  50%,1.237.990 ₫,Hà Nội,https://img.lazcdn.com/g/p/0dd2bff6632c18bcd9358e4b71106f60.jpg_200x200q80.avif
https://www.lazada.vn/products/pdp-i2929695545.html,"[SALE- RẺ HỦY DIỆT ] Điện thoại 4G giá rẻ Samsung Galaxy A50s 2sim ram 4G/64G, Cấu hình Cao Chiến mọi Game mượt, Chụp ảnh đẹp, máy đủ màu ms47",,229.000 ₫,Hồ Chí Minh,https://img.lazcdn.com/g/p/dae617cc5c61978295cc388d702292c7.jpg_200x200q80.avif
https://www.lazada.vn/products/pdp-i3139883443.html,"Điện Thoại 5G 2024 - S24 Ultra 7.3"" 16GB/1TB | Pin Khủng + 2 SIM - Ưu Đãi Cho HSSV",Voucher giảm  50%,1.111.000 ₫,Bình Phước,https://img.lazcdn.com/g/p/e9d1b1dd8250b189c7b501b4aef7415b.jpg_200x200q80.avif
https://www.lazada.vn/products/pdp-i3137191674.html,"Điện thoại SS A32 máy 2sim ram 6G/128G Chính Hãng, VÂN TAY OK",Voucher giảm  50%,800.000 ₫,Hồ Chí Minh,https://img.lazcdn.com/g/p/724767a6ee1a8450f63d74b616647f8d.jpg_200x200q80.avif
https://www.lazada.vn/products/pdp-i3108087935.html,"Vivo y11 6/128g fullbox 
Giá 1080k",,1.080.000 ₫,Hồ Chí Minh,https://img.lazcdn.com/g/ff/kf/Sd5175463df5a420288ae1ce757656804a.jpg_200x200q80.avif
https://www.lazada.vn/products/pdp-i2241242358.html,Samsung s21 5G,,9.900.000 ₫,Tây Ninh,https://img.lazcdn.com/g/ff/kf/S75208029034b4ea6bfec1b04f4d0ebf0N.jpg_200x200q80.avif
https://www.lazada.vn/products/pdp-i3138822264.html,"Unihertz tank 2 Pro (pin 23800 mAh,Ram 24GB(12+12),Rom 512GB,máy chiếu 2.4K, Android 14,camera 100MP, NFC, cốc sạt 120W)",Voucher giảm  50%,1.409.000 ₫,Hải Phòng,https://img.lazcdn.com/g/p/28bcd5b0fedd6364f660f0ca0281250c.jpg_200x200q80.avif
https://www.lazada.vn/products/pdp-i2247241837.html,Sim vietnammobile giá rẻ hết hạn đăng kí,,10.000 ₫,Hồ Chí Minh,https://img.lazcdn.com/g/p/01246b2d75adcbbe670496142f3a08b8.jpg_200x200q80.avif
https://www.lazada.vn/products/pdp-i3137077852.html,"Điện thoại siêu phẩm SS_ z f0ld 5 (12GB/256GB)-Chính Hãng, mới 100% bảo hành 12 tháng toàn quốc",Voucher giảm  50%,1.600.000 ₫,Hà Nội,https://img.lazcdn.com/g/p/0d5701acf11a985233e8a97782ca1d35.jpg_200x200q80.avif
https://www.lazada.vn/products/pdp-i3137032822.html,"Điện thoại siêu phẩm mi Mi 15 Utra Cấu hình mạnh, cày game nặng siêu mượt (16+512GB) | Màn hình 6.73 bảo hành 12 tháng",Voucher giảm  50%,1.600.000 ₫,Hà Nội,https://img.lazcdn.com/g/p/e1b036f4d90d6246add04aa67b41a053.jpg_200x200q80.avif
https://www.lazada.vn/products/pdp-i2864847362.html,điện thoại Samsunq J3 Pro ram 2G bộ nhớ 16G bản 2 sim,Voucher giảm  53%,511.119 ₫,Hồ Chí Minh,https://img.lazcdn.com/g/p/9f835d69f93686865c300f4454c09bd8.jpg_200x200q80.avif
https://www.lazada.vn/products/pdp-i2946800775.html,"Điện thoại 4G giá rẻ Samsung Galaxy A51 2sim ram 6G/128G, Cấu hình Cao Chiến mọi Game mượt, Chụp ảnh đẹp, BSNTPN",,999.000 ₫,Hồ Chí Minh,https://img.lazcdn.com/g/p/abfd91b193e370cbfc843426ebd359fe.jpg_200x200q80.avif
https://www.lazada.vn/products/pdp-i3138977648.html,i16 Pro Max 512G điện thoại thông minh 6.8inch Màn hình HD đt ghi âm điện thoại rẻ cho học sinh 3G/4G/5G giá rẻ SIM kép,Voucher giảm  50%,1.398.000 ₫,Hà Nội,https://img.lazcdn.com/g/p/38f07b1e505a3d9793b012bf94db1cb9.jpg_200x200q80.avif
https://www.lazada.vn/products/pdp-i3132232757.html,"Điện thoại SS 23ut máy 2sim ram 12G/512G Chính Hãng, mới 100% bảo hành 12 tháng toàn quốc",,1.100.000 ₫,Hà Nội,https://img.lazcdn.com/g/p/e170e944b99f815e25255d8df549d265.jpg_200x200q80.avif
https://www.lazada.vn/products/pdp-i2862408970.html,điện thoại Samsunq J5 Prime ram 2G bộ nhớ 16G sài siêu bền,Voucher giảm  58%,456.707 ₫,Hồ Chí Minh,https://img.lazcdn.com/g/p/cd1cfeaecfd1f9d165fd99254e57e3b3.jpg_200x200q80.avif
https://www.lazada.vn/products/pdp-i3131341278.html,"Điện thoại Red.mi Note 11 pro 2sim ram 8G/128G, Cấu hình mạnh, cày game nặng siêu mượt, VÂN TAY OK",Voucher giảm  65%,560.000 ₫,Đồng Tháp,https://img.lazcdn.com/g/p/f76a01f1fcc8604a703c5fe313be751a.jpg_200x200q80.avif
https://www.lazada.vn/products/pdp-i2832729634.html,Điện thoại joy3 pin 5000 máy zin vỏ cũ,Voucher giảm  20%,955.350 ₫,Bạc Liêu,https://img.lazcdn.com/g/ff/kf/S0abe67ec55034f28a51f400c6bae3b4bm.jpg_200x200q80.avif
https://www.lazada.vn/products/pdp-i2320343765.html,Điện thoại di động S23 ultra Điện thoại phổ thông CPU Siêu điện thoại giá rẻ Mạng 4G điện thoại giá siêu rẻ Android điện thoại rẻ cho học sinh,Voucher giảm  46%,1.275.295 ₫,Hà Nội,https://img.lazcdn.com/g/p/bf34855e47a3fb1b225094eb4c43b064.jpg_200x200q80.avif
https://www.lazada.vn/products/pdp-i3137750708.html,"Điện thoại siêu bền Ulefone Armor 22(IP68/IP69K, Android 13, MediaTek Helio G96 Octa Core,màn hình 6,58 inch, Mạng: 4G)",Voucher giảm  50%,1.025.000 ₫,Long An,https://img.lazcdn.com/g/p/c0e18aeec00562463b0ec81d8ac5e2a6.jpg_200x200q80.avif
https://www.lazada.vn/products/pdp-i2601959261.html,sở hữu Điện thoại S23 Ultra mới 100% Android 6.8inch 2 SIM Cuộc gọi Chơi trò chơi thông minh 16+512GB máy CHÍNH HÃNG Vô cực  nặng mướt Chơi Game,Voucher giảm  50%,1.286.900 ₫,Hà Nội,https://img.lazcdn.com/g/p/2f9c9e26813b83ed2e513a6882b690f3.jpg_200x200q80.avif
https://www.lazada.vn/products/pdp-i3082574116.html,"Điện thoại 4G giá rẻ Samsung Galaxy A51 2sim ram 6G/128G, Cấu hình Cao Chiến mọi Game mượt, Chụp ảnh đẹp,máy đủ màu",,999.000 ₫,Hồ Chí Minh,https://img.lazcdn.com/g/p/25f1ba63b5498d8747457c0713578eb5.jpg_200x200q80.avif
https://www.lazada.vn/products/pdp-i3136995787.html,"Điện thoại SS 23ut máy 2sim ram 12G/512G Chính Hãng, bảo hành 12 tháng",Voucher giảm  50%,1.300.000 ₫,Hà Nội,https://img.lazcdn.com/g/p/f28660b3cb1fadc4bc0251d0b6a92bf2.jpg_200x200q80.avif
https://www.lazada.vn/products/pdp-i3137300161.html,"Điện thoạimi Mi 14 Utra Cấu hình mạnh, cày game nặng siêu mượt  (16+512GB) | Màn hình 6.73""",Voucher giảm  50%,1.400.000 ₫,Hồ Chí Minh,https://img.lazcdn.com/g/p/46adb94ff5bb2bb07e7386372409f852.jpg_200x200q80.avif
https://www.lazada.vn/products/pdp-i2946997116.html,"[ SALE -RẺ VÔ ĐỊCH ] Điện thoại 4G giá rẻ Samsung Galaxy A51 2sim ram 6G/128G, Cấu hình Cao Chiến mọi Game mượt, Chụp ảnh đẹp,BMM1",,999.000 ₫,Hồ Chí Minh,https://img.lazcdn.com/g/p/ba80465ccbe70feb5e8d16f9b5a40d5c.jpg_200x200q80.avif
https://www.lazada.vn/products/pdp-i3139057370.html,S23 Ultra HD điện thoại 7.3 inch bộ nhớ lớn 16 + 1TB Android điện thoại máy ảnh 48+108MP HD Pixel điện thoại di động,Voucher giảm  50%,928.000 ₫,Hà Nội,https://img.lazcdn.com/g/p/6c801c701ec143648e423fcb82772dcc.jpg_200x200q80.avif
https://www.lazada.vn/products/pdp-i2948336917.html,"[ SALE -RẺ VÔ ĐỊCH ] Điện thoại 4G giá rẻ cho học sinh Samsung Galaxy A6 Plus 2sim ram 4G/32G, Cấu hình Cao Chiến mọi Game mượt, Chụp ảnh đẹp, BSNT.PN",Voucher giảm  43%,227.000 ₫,Hồ Chí Minh,https://img.lazcdn.com/g/p/2e4a23729cb9884d5e338d9e3c85f00c.png_200x200q80.avif
https://www.lazada.vn/products/pdp-i3139524390.html,điện thoại O.P.F.9 Màn hình 6.3 inch Ram 4/64GB Pin 3500 mAh,Voucher giảm  45%,1.099.000 ₫,Hồ Chí Minh,https://img.lazcdn.com/g/p/8ffef561bcb5d4eca3e78fff25fab798.jpg_200x200q80.avif
https://www.lazada.vn/products/pdp-i3134916032.html,điện thoại 0PP0 A93s 5G (8GB/256GB) | Cấu hình Cao Chiến mọi Game mượt - Hàng chính hãng Bảo hành 12 tháng,,700.000 ₫,Hưng Yên,https://img.lazcdn.com/g/p/3300a8b7b35760c8ade39755f30469db.jpg_200x200q80.avif
https://www.lazada.vn/products/pdp-i3136349202.html,"Điện thoại SIÊU BỀN oukitel wp38(chống va đập,chống nước, Pin 10600 mAh,Ram 12Gb(6+6),Rom 256Gb,Màn hình 6.52 in,NFC)",Voucher giảm  50%,900.000 ₫,Đăk Lăk,https://img.lazcdn.com/g/p/0686787e1089e24efed41330ff931d78.jpg_200x200q80.avif
https://www.lazada.vn/products/pdp-i3138677637.html,"Điện thoại siêu phẩm SS_ z f0ld 4 256GB-Chính hãng mới 100%, Bảo hành chính hãng 12 tháng.",Voucher giảm  50%,1.400.000 ₫,Hải Phòng,https://img.lazcdn.com/g/p/f5eb29d04b110755db15abe4a296be1f.jpg_200x200q80.avif
https://www.lazada.vn/products/pdp-i3136812307.html,"Điện thoại chắc chắn unihertz Tank 3 (pin 23800mAh,sạc nhanh 120W, Ram 32GB(16+16),rom 512GB, ,5G , Android 13)",Voucher giảm  50%,1.459.000 ₫,Hồ Chí Minh,https://img.lazcdn.com/g/p/090bd6f35413f5c0997b8889162cf436.png_200x200q80.avif
https://www.lazada.vn/products/pdp-i3136224896.html,"Điện thoại SS 24ut máy 2sim mới 100% ram 12G/512G Hàng Chính Hãng, bảo hành 12 tháng",Voucher giảm  50%,1.550.000 ₫,Đăk Lăk,https://img.lazcdn.com/g/p/5d75944756c32a7fad2b4640e8135ecb.jpg_200x200q80.avif
https://www.lazada.vn/products/pdp-i2929733159.html,"[ SALE -RẺ VÔ ĐỊCH ] Điện thoại 4G giá rẻ Samsung Galaxy A70 2sim ram 6G/128G, Cấu hình Cao Chiến mọi Game mượt, Chụp ảnh đẹp, máy nhiều màu MS47",,229.000 ₫,Hồ Chí Minh,https://img.lazcdn.com/g/p/76d8c56d4d88909d7991894a2e7df94a.jpg_200x200q80.avif
https://www.lazada.vn/products/pdp-i2746629299.html,Điện Thoại Samsung Galaxy M35 5G - Hàng Chính Hãng,,8.790.000 ₫,Hà Nội,https://img.lazcdn.com/g/p/a93af6511dccde95fdd9a72b15a77d10.png_200x200q80.avif
https://www.lazada.vn/products/pdp-i3132206833.html,"Điện thoại chắc chắn Oukitel Wp21 Ultra(camera nhiệt ,FLIR,chống nước,chống sốc,pin 9800mAh,Ram 12Gb,Rom 256Gb)",,1.425.000 ₫,Hà Nội,https://img.lazcdn.com/g/p/dcab195e8762e8d11614fff0af838028.png_200x200q80.avif
https://www.lazada.vn/products/pdp-i3136635697.html,điện thoại 0PP0 A93s 5G (8GB/256GB) | Cấu hình Cao Chiến mọi Game mượt - Hàng chính hãng Bảo hành 12 tháng,Voucher giảm  50%,700.000 ₫,Lạng Sơn,https://img.lazcdn.com/g/p/3300a8b7b35760c8ade39755f30469db.jpg_200x200q80.avif
https://www.lazada.vn/products/pdp-i2636443995.html,Ốp điện thoại Urban Kitsune 2: Moon by The Runaway cho đủ dòng máy,,171.000 ₫,Hà Nội,https://img.lazcdn.com/g/p/deb300d4f64afc86eb253e1c30888d99.jpg_200x200q80.avif
https://www.lazada.vn/products/pdp-i3109552196.html,5G có 5Gb/ngày,,500.000 ₫,Hải Phòng,https://img.lazcdn.com/g/ff/kf/Sf1618a7f86944b3bb05245cfce7eceec6.jpg_200x200q80.avif
https://www.lazada.vn/products/pdp-i3137187754.html,"Điện thoại SS 22ut máy 2sim ram 12G/256G Chính Hãng, bảo hành 12 tháng",Voucher giảm  50%,1.200.000 ₫,Hồ Chí Minh,https://img.lazcdn.com/g/p/549fc3fa7ee835d11af459d03d8cbd37.jpg_200x200q80.avif
https://www.lazada.vn/products/pdp-i3137012686.html,điện thoại 0PP0 Ren08pr0 5G (12GB/256GB) | Cấu hình Cao Chiến mọi Game mượt - Hàng chính hãng Bảo hành 12 tháng,Voucher giảm  50%,900.000 ₫,Hà Nội,https://img.lazcdn.com/g/p/674c91cf325950e41cd7550b3f1864cd.jpg_200x200q80.avif
https://www.lazada.vn/products/pdp-i3129394020.html,"Điện thoại Samsung Galaxy S5 qua sử dụng ( Ram 2/16.  Android 7.1.2 , hỗ trợ 4G )",,499.000 ₫,Hồ Chí Minh,https://img.lazcdn.com/g/ff/kf/S09828be7e32a4b09bd0d58923fd75ff8r.jpg_200x200q80.avif
https://www.lazada.vn/products/pdp-i2414883712.html,Điện thoại Samsung Galaxy A54 5G 256GB (2023) - Hàng Chính Hãng,,11.490.000 ₫,Hồ Chí Minh,https://img.lazcdn.com/g/p/647af9d9b61bbff0107ac4f5d2618bfc.png_200x200q80.avif
https://www.lazada.vn/products/pdp-i2948267310.html,"Điện thoại 4G giá rẻ Samsung Galaxy A70 2sim ram 6G/128G, Cấu hình Cao Chiến mọi Game mượt, Chụp ảnh đẹp, BSNT",,999.000 ₫,Hồ Chí Minh,https://img.lazcdn.com/g/p/1c3f7d1a4c0d4f78db7225576880601d.jpg_200x200q80.avif
https://www.lazada.vn/products/pdp-i3137136146.html,"Điện thoại SS 24ut máy 2sim ram 12G/512G Chính Hãng, bảo hành 12 tháng",Voucher giảm  50%,1.500.000 ₫,Hà Nội,https://img.lazcdn.com/g/p/8f96d1f377a18e99452128126615f04d.jpg_200x200q80.avif
https://www.lazada.vn/products/pdp-i3138800345.html,"Điện thoại SS 22ut máy 2sim ram 12G/256G Chính Hãng, bảo hành 12 tháng",Voucher giảm  50%,1.200.000 ₫,Hải Phòng,https://img.lazcdn.com/g/p/549fc3fa7ee835d11af459d03d8cbd37.jpg_200x200q80.avif
https://www.lazada.vn/products/pdp-i2027575581.html,samsung j8 3g/32g MÁY ĐẸP KEENG KHÔNG TRẦY XƯỚC SIÊU MƯỢT SIÊU BỀN.,,1.100.000 ₫,Bạc Liêu,https://img.lazcdn.com/g/ff/kf/S3a8e9b07c77c43769576149b0650ed1fJ.jpg_200x200q80.avif
https://www.lazada.vn/products/pdp-i3135761302.html,"Điện thoại siêu phẩm SS_ A55 5G 128GB-Chính hãng newseal 100%, Bảo hành chính hãng 12 tháng.",,1.100.000 ₫,Đồng Tháp,https://img.lazcdn.com/g/p/1d3dc590396f33e0b4fe9062d507d14f.jpg_200x200q80.avif
https://www.lazada.vn/products/pdp-i3106402147.html,Điện thoại Samsung A06 5G Chính hãng Samsung Việt Nam Mới 100% Nguyên Seal,,2.590.000 ₫,Hà Nội,https://img.lazcdn.com/g/p/8fca1260ff930023bbc7de155cb68c05.jpg_200x200q80.avif
https://www.lazada.vn/products/pdp-i3136988812.html,[Chính hãng] Điện thoại 0pp0_FFind_X8 Pr0 (12GB/256GB) - Hàng chính hãng,Voucher giảm  50%,1.500.000 ₫,Hà Nội,https://img.lazcdn.com/g/p/0bcdfbf785cea87ae8ed481d946d566c.jpg_200x200q80.avif
https://www.lazada.vn/products/pdp-i2306671278.html,giá siêu rẻ S23 Ultra Điện Thoại Di Động Chính 7.3Inch Bộ Nhớ 16+512GB Hai Thẻ Sim Camera HD 32+64MP Pin 6800mAh điện thoại chính hãng giá rẻ,Voucher giảm  50%,1.296.000 ₫,Hà Nội,https://img.lazcdn.com/g/p/9e91d6faee92ca8b46eb632baf5161fa.jpg_200x200q80.avif
https://www.lazada.vn/products/pdp-i3137025919.html,"Điện thoạimi Mi 14 Utra Cấu hình mạnh, cày game nặng siêu mượt (16+512GB) mới 100% hàng chính hãng bảo hành 12 tháng toàn quốc",Voucher giảm  50%,1.400.000 ₫,Hà Nội,https://img.lazcdn.com/g/p/46adb94ff5bb2bb07e7386372409f852.jpg_200x200q80.avif
https://www.lazada.vn/products/pdp-i3138785369.html,"điện thoại 0PP0 Ren0 10pr0 5G (12GB/256GB) | Cấu hình Cao Chiến mọi Game mượt - Hàng chính hãng Bảo hành 12 tháng""",Voucher giảm  50%,1.100.000 ₫,Nam Định,https://img.lazcdn.com/g/p/8acf046fca9c180c128ddfd1239db733.jpg_200x200q80.avif
https://www.lazada.vn/products/pdp-i3137067384.html,"Điện thoại chắc chắn unihertz Tank 3 (pin  23800mAh,sạc nhanh  120W, Ram 32GB(16+16),rom  512GB, ,5G , Android 13)",Voucher giảm  50%,1.459.000 ₫,Hà Nội,https://img.lazcdn.com/g/p/a254e8c1c4db9d911c883a740dcc418f.jpg_200x200q80.avif
https://www.lazada.vn/products/pdp-i2659472206.html,Giá Học Sinh S23 Ultra Điện Thoại Full HD 7.3Inch Bộ Nhớ 8+256GB Camera HD Pin 6800mAh Chính Hãng Giá Rẻ,Voucher giảm  50%,1.178.660 ₫,Hà Nội,https://img.lazcdn.com/g/p/83ccf996d5a9c10b482fc1a579279eb7.jpg_200x200q80.avif
https://www.lazada.vn/products/pdp-i2946561788.html,"[ RẺ HỦY DIỆT ] điện thoại 4G Samsung Galaxy J8 2sim ram 3G/32G Chính Hãng, Chiến Game mượt, Chụp ảnh siêu đẹp - BSNT",Voucher giảm  43%,227.000 ₫,Hồ Chí Minh,https://img.lazcdn.com/g/p/eae70d287bdad82da8f9be4e6fa2dba0.jpg_200x200q80.avif
https://www.lazada.vn/products/pdp-i3138888435.html,điện thoại 0PP0 A93s 5G (8GB/256GB) | Cấu hình Cao Chiến mọi Game mượt - Hàng chính hãng Bảo hành 12 tháng,Voucher giảm  50%,700.000 ₫,Nam Định,https://img.lazcdn.com/g/p/3300a8b7b35760c8ade39755f30469db.jpg_200x200q80.avif
https://www.lazada.vn/products/pdp-i3138776351.html,"Điện thoạimi Mi 14 Utra Cấu hình mạnh, cày game nặng siêu mượt  (16+512GB) | Màn hình 6.73""",Voucher giảm  50%,1.400.000 ₫,Hải Phòng,https://img.lazcdn.com/g/p/46adb94ff5bb2bb07e7386372409f852.jpg_200x200q80.avif
https://www.lazada.vn/products/pdp-i2948381041.html,"[ SALE -RẺ VÔ ĐỊCH ] Điện thoại 4G giá rẻ Samsung Galaxy A70 2sim ram 6G/128G, Cấu hình Cao Chiến mọi Game mượt, Chụp ảnh đẹp BMS",,999.000 ₫,Hồ Chí Minh,https://img.lazcdn.com/g/p/8bb9d0949b4a1553e59d53aff6d2803f.jpg_200x200q80.avif
https://www.lazada.vn/products/pdp-i3136690170.html,"Điện thoại P0c0 X7pr0 Ram 12GB/256GB pin 6000 mAh máy chính hãng, bảo hành 12 tháng",Voucher giảm  50%,1.000.000 ₫,Lạng Sơn,https://img.lazcdn.com/g/p/4088d5ec3e9f7d10227ebacbfd214ddc.jpg_200x200q80.avif
https://www.lazada.vn/products/pdp-i3138794356.html,"Điện thoại SS 24ut máy 2sim ram 12G/512G Chính Hãng, bảo hành 12 tháng",Voucher giảm  50%,1.500.000 ₫,Hải Phòng,https://img.lazcdn.com/g/p/8f96d1f377a18e99452128126615f04d.jpg_200x200q80.avif
https://www.lazada.vn/products/pdp-i3051777186.html,Điện thoại 0PPP0 A1k 2SIM Bộ Nhớ Ram 2/32G Màn hình giọt nước zin đẹp,Voucher giảm  51%,695.466 ₫,Hồ Chí Minh,https://img.lazcdn.com/g/p/e794359bc1cd2f31280758b9a12d45b8.jpg_200x200q80.avif
https://www.lazada.vn/products/pdp-i3138888436.html,"Điện thoại Red.mi Note 14  2sim ram 8G/256G, Cấu hình mạnh, cày game nặng siêu mượt, máy chính hãng, bảo hành 12 tháng",Voucher giảm  50%,1.100.000 ₫,Nam Định,https://img.lazcdn.com/g/p/6916d972afb2767ad53265669d861ddc.jpg_200x200q80.avif
https://www.lazada.vn/products/pdp-i3137141533.html,"Điện thoại SS 24ut máy 2sim mới 100% ram 12G/512G Hàng Chính Hãng, bảo hành 12 tháng",Voucher giảm  50%,1.550.000 ₫,Hà Nội,https://img.lazcdn.com/g/p/5d75944756c32a7fad2b4640e8135ecb.jpg_200x200q80.avif
https://www.lazada.vn/products/pdp-i3138735500.html,"Điện thoại chắc chắn Oukitel Wp21 Ultra(camera nhiệt ,FLIR,chống nước,chống sốc,pin 9800mAh,Ram 12Gb,Rom 256Gb)",Voucher giảm  50%,1.459.000 ₫,Hải Phòng,https://img.lazcdn.com/g/p/ba969a01259cabd4746c1dee00ad9605.jpg_200x200q80.avif
https://www.lazada.vn/products/pdp-i2768919232.html,Samsung A01 Core androi go 11 siêu mượt hỗ trợ nhiều app giải trí,,480.000 ₫,Hồ Chí Minh,https://img.lazcdn.com/g/ff/kf/Saf884b7c56aa499ca216f20c6c798766O.jpg_200x200q80.avif
https://www.lazada.vn/products/pdp-i2597983952.html,"Điện thoại Gaming Redmi Note 5 Pro Chip Snap 636 bản 4/64G kèm thẻ nhớ, tay cầm gaming PS2, PSP, PS1",,290.000 ₫,Hà Nội,https://img.lazcdn.com/g/p/a056194d569fc3f30a2a62f3ddb70978.jpg_200x200q80.avif
https://www.lazada.vn/products/pdp-i2419226047.html,Điênk thoại giá rẻ kiểu dáng nhỏ gọn bền bỉ j5prime,Voucher giảm  44%,549.000 ₫,Bạc Liêu,https://img.lazcdn.com/g/ff/kf/S70372af53b1e4c9e934c5283c06236ddN.jpg_200x200q80.avif
https://www.lazada.vn/products/pdp-i3134867281.html,điện thoại 0PP0 A92 (8GB/128GB) | Cấu hình Cao Chiến mọi Game mượt - Hàng chính hãng Bảo hành 12 tháng,,720.000 ₫,Hưng Yên,https://img.lazcdn.com/g/p/6511a36f6bd5b3f1a264643cd4166036.jpg_200x200q80.avif
https://www.lazada.vn/products/pdp-i2101782504.html,"Điện Thoại Samsung Galaxy S22 5G 2 sim Mới Không Hộp , Mỹ chính hãng 8/128GB Snapdragon 8 Gen 1 | Kèm phụ kiện tại Playmobile",Voucher giảm  7%,7.436.520 ₫,Hà Nội,https://img.lazcdn.com/g/p/ee2a7702445486e1328f51970ff0125d.jpg_200x200q80.avif
https://www.lazada.vn/products/pdp-i2966270674.html,"Điện thoại Samsung Galaxy Note 10 Ram 8Gb/Rom256Gb Chính Hãng , Vân tay Ok",Voucher giảm  7%,2.793.000 ₫,Bạc Liêu,https://img.lazcdn.com/g/p/04837cb5c36c045b85f0b99aa20ed64b.jpg_200x200q80.avif
https://www.lazada.vn/products/pdp-i3136820219.html,"Điện thoại siêu bền Oukitel WP36(loa to Âm thanh 8D Triple-Cam,Pin 10600mAh,Ram16GB(8+8),Rom128GB,CPU MediaTek 8788)",Voucher giảm  50%,1.309.000 ₫,Hồ Chí Minh,https://img.lazcdn.com/g/p/3276665cbcf28b71f352caa8aca507b0.jpg_200x200q80.avif
https://www.lazada.vn/products/pdp-i2986275925.html,Samsung Galaxy S25 Ultra 12GB/256GB Chính Hãng,Voucher giảm  29%,26.390.000 ₫,Hà Nội,https://img.lazcdn.com/g/p/da21db62175213ee8635a506faa3f1ce.jpg_200x200q80.avif
https://www.lazada.vn/products/pdp-i2189078389.html,Canva Pro - Nâng cấp trên tài khoản Chính Chủ - 1 Năm,Voucher giảm  29%,249.000 ₫,Hồ Chí Minh,https://img.lazcdn.com/g/p/7d7246c71bd272ee2498b16343788578.jpg_200x200q80.avif
https://www.lazada.vn/products/pdp-i3137694819.html,"HOTWAV CYBER 13 Pro Điện thoại chắc chắn(pin 10800mAh,Ram 20Gb,rom 256GB, Octa Core,màn hình 6.6 inch, Android 13)",Voucher giảm  50%,1.122.000 ₫,Long An,https://img.lazcdn.com/g/p/a47cc5222494e80ef8c19e5b8cfe1cd3.jpg_200x200q80.avif
https://www.lazada.vn/products/pdp-i3136772525.html,"Điện thoại di động chắc chắn Oukitel WP32 Pro, RAM 24Gb(6GB + 18GB),ROM 256GB,Màn hình 6 inch HD,camera 20MP, NFC)",Voucher giảm  50%,1.025.000 ₫,Hồ Chí Minh,https://img.lazcdn.com/g/p/9b095e25df555170a3338be4f1e2e1ad.jpg_200x200q80.avif
https://www.lazada.vn/products/pdp-i3138985623.html,i15 Pro Max điện thoại thông minh 6.7 inch Màn hình HD 12G/512G điện thoại rẻ cho học sinh 3G/4G/5G đt giá rẻ SIM kép,Voucher giảm  50%,1.212.000 ₫,Hà Nội,https://img.lazcdn.com/g/p/3253ffcb62b71500212fa9995756e631.jpg_200x200q80.avif
https://www.lazada.vn/products/pdp-i2427205645.html,ĐIỆN THOẠI VỆ TINH XT LITE,,26.000.000 ₫,Hồ Chí Minh,https://img.lazcdn.com/g/p/99e0b4ebb376e2851bc0085ba09ed621.png_200x200q80.avif
https://www.lazada.vn/products/pdp-i2929666424.html,"SALE- RẺ HỦY DIỆT ] Điện thoại 4G giá rẻ Samsung Galaxy A6 Plus 2sim ram 4G/32G, Cấu hình Cao Chiến mọi Game mượt, Chụp ảnh đẹp, Game mượt-BM1",,229.000 ₫,Hồ Chí Minh,https://img.lazcdn.com/g/p/e7e655e4021eed2e27d1ac0180713e59.jpg_200x200q80.avif
https://www.lazada.vn/products/pdp-i3138639838.html,[Chính hãng]Điện thoại 0PP0_Ren0 13 5G - (BH 12 tháng Lỗi 1 đổi 1 trong 30 ngày),Voucher giảm  50%,1.400.000 ₫,Hải Phòng,https://img.lazcdn.com/g/p/a819fad4b27b1ec18e35d18ddb8f56a5.jpg_200x200q80.avif
https://www.lazada.vn/products/pdp-i3136835078.html,"Điện thoại Máy chiếu 8849 Tank 2 PRO (Màn hình 6,79 inch, 2.4K,Ram 24Gb(12 + 12GB),rom 512Gb,camera 100MP,Pin 23800mAh)",Voucher giảm  50%,1.409.000 ₫,Hồ Chí Minh,https://img.lazcdn.com/g/p/ece90aceb8ffb2bab09aff5956cce9ca.jpg_200x200q80.avif
https://www.lazada.vn/products/pdp-i3136746565.html,"[Chính hãng] Điện thoại 0pp0_FFind_X8 Pr0 (12GB/256GB) - Chính Hãng, mới 100% bảo hành 12 tháng toàn quốc",Voucher giảm  50%,1.500.000 ₫,Hồ Chí Minh,https://img.lazcdn.com/g/p/0bcdfbf785cea87ae8ed481d946d566c.jpg_200x200q80.avif
https://www.lazada.vn/products/pdp-i2847809512.html,điên thoại liên xô xưa á,,400.000 ₫,Hà Nội,https://img.lazcdn.com/g/p/0c2d40d8005de934bb61bd0b64a33783.jpg_200x200q80.avif
https://www.lazada.vn/products/pdp-i3139014943.html,i15 Pro Max điện thoại 6.7inch HD đt Đài FM Smartphone 16G/1TB điện thoại rẻ cho học sinh 3G/4G/5G giá rẻ ghi âm SIM kép,Voucher giảm  50%,1.212.000 ₫,Hà Nội,https://img.lazcdn.com/g/p/e22c8067d834b4918bcf09a3341b2dac.jpg_200x200q80.avif
https://www.lazada.vn/products/pdp-i3138862835.html,điện thoại 0PP0 A57 (128GB) | Cấu hình Cao Chiến mọi Game mượt - Hàng chính hãng Bảo hành 12 tháng,Voucher giảm  50%,730.000 ₫,Nam Định,https://img.lazcdn.com/g/p/857100c619ff722fa2778d31fb3f04a4.jpg_200x200q80.avif
https://www.lazada.vn/products/pdp-i3138865818.html,"Điện Thoại Oukitel WP38 4G | Pin 10600mAh, RAM 12GB, ROM 256GB, ANDROID 13",Voucher giảm  50%,1.227.500 ₫,Hải Phòng,https://img.lazcdn.com/g/p/f0cec3b869cb9509c2750bd87011e971.jpg_200x200q80.avif
https://www.lazada.vn/products/pdp-i3136845003.html,"Điện thoại SIÊU BỀN oukitel wp38(chống va đập,chống nước, Pin 10600 mAh,Ram 12Gb(6+6),Rom 256Gb,Màn hình 6.52 in,NFC)",Voucher giảm  50%,900.000 ₫,Thái Bình,https://img.lazcdn.com/g/p/0686787e1089e24efed41330ff931d78.jpg_200x200q80.avif
https://www.lazada.vn/products/pdp-i3139850510.html,"Điện thoạimi Mi 14 Utra Cấu hình mạnh, cày game nặng siêu mượt  (16+512GB) | Màn hình 6.73""",Voucher giảm  50%,1.400.000 ₫,Hà Nội,https://img.lazcdn.com/g/p/46adb94ff5bb2bb07e7386372409f852.jpg_200x200q80.avif
https://www.lazada.vn/products/pdp-i3134796751.html,"Điện thoại Redmi_n0te 14 pro plus Ram 12GB/512GB pin 5110 mAh máy chính hãng, bảo hành 12 tháng",,1.400.000 ₫,Tiền Giang,https://img.lazcdn.com/g/p/ab344f79b1c1a2f2eec197483ef796a0.jpg_200x200q80.avif
https://www.lazada.vn/products/pdp-i674848290.html,"Điện Thoại HTC U11- Chip 835-Ram 4GB, Chính Hãng Like New",,1.080.000 ₫,Hà Nội,https://img.lazcdn.com/g/p/0757cc4e8d9c90a4157a6961d5c51b84.jpg_200x200q80.avif
https://www.lazada.vn/products/pdp-i3136817256.html,"Điện thoại siêu phẩm mi Mi 15 Utra Cấu hình mạnh, cày game nặng siêu mượt (16+512GB) | Màn hình 6.73 bảo hành 12 tháng",Voucher giảm  50%,1.600.000 ₫,Hồ Chí Minh,https://img.lazcdn.com/g/p/e1b036f4d90d6246add04aa67b41a053.jpg_200x200q80.avif
https://www.lazada.vn/products/pdp-i2437150867.html,Điện thoại Samsung J7prime sóng 4G 2sim.Loa to sóng khỏe. BẢO HÀNH 6 THÁNG. 1 ĐỔI 1 TRONG 2 THÁNG,,395.000 ₫,Hải Dương,https://img.lazcdn.com/g/p/c507a864b97053b85f32ab3e3515db96.jpg_200x200q80.avif
https://www.lazada.vn/products/pdp-i3137280239.html,"Điện thoại mi Mi 15 Utra Cấu hình mạnh, cày game nặng siêu mượt (16+512GB) | Màn hình 6.73""",Voucher giảm  50%,1.600.000 ₫,Hồ Chí Minh,https://img.lazcdn.com/g/p/e1b036f4d90d6246add04aa67b41a053.jpg_200x200q80.avif
https://www.lazada.vn/products/pdp-i2298583737.html,dien thoai bản Quốc tế Mới 100% Android phone Pin Lớn 5600mAh Android Mobile Màn hình FHD handphone điện thoại giá rẻ,Voucher giảm  49%,1.235.445 ₫,Hà Nội,https://img.lazcdn.com/g/p/50de52f1922ab290326d3cfdaa36204f.jpg_200x200q80.avif
https://www.lazada.vn/products/pdp-i2369281126.html,Điện thoại samsung a20 (ảnh thật sp),Voucher giảm  50%,765.000 ₫,Hà Nội,https://img.lazcdn.com/g/p/e1c80d828f8ed1c9250c574fc80303e1.jpg_200x200q80.avif
https://www.lazada.vn/products/pdp-i2636543477.html,Ốp điện thoại Urban Kitsune 2: Dream by The Runaway cho đủ dòng máy,,171.000 ₫,Hà Nội,https://img.lazcdn.com/g/p/8b48b4bdc96c7dccb110c41f7f43629e.jpg_200x200q80.avif
https://www.lazada.vn/products/pdp-i3138670645.html,"Điện thoại chắc chắn Unihertz Tank (Pin khủng 22000mAh, RAM 22GB,Rom 256GB ,Chống nước ,Chống bụi Chống sốc, Face ID )",Voucher giảm  50%,1.309.000 ₫,Hải Phòng,https://img.lazcdn.com/g/p/448bed97859c0571ae5441068be0aa82.jpg_200x200q80.avif
https://www.lazada.vn/products/pdp-i3139975337.html,"Điện thoại siêu phẩm SS_ z f0ld 5 256GB-Chính hãng mới 100%, Bảo hành chính hãng 12 tháng.",Voucher giảm  50%,1.600.000 ₫,Hà Nội,https://img.lazcdn.com/g/p/6e1e3696a85a2b650580f645ba8f2fc7.jpg_200x200q80.avif
https://www.lazada.vn/products/pdp-i2877276991.html,Điện thoại 2 sim hỗ trợ 4G,,155.000 ₫,Bình Dương,https://img.lazcdn.com/g/ff/kf/S8447a2bf91f84612976646f470f4819cP.jpg_200x200q80.avif
https://www.lazada.vn/products/pdp-i3131293571.html,"Điện thoại siêu phẩm SS_ A72 5G 128GB-Chính hãng newseal 100%, Bảo hành chính hãng 12 tháng.",Voucher giảm  65%,574.000 ₫,Đồng Tháp,https://img.lazcdn.com/g/p/5902f9c37479817cea7fcb870f00bb93.jpg_200x200q80.avif
https://www.lazada.vn/products/pdp-i2788452736.html,"Big Sale,điện thoại Samsung Galaxy A50s Chính Hãng 2sim ram 4G/64G, Cày Tiktok Zalo FB Youtube, chơi Liên Quân-Free Fire-PUBG mượt mà",Voucher giảm  42%,750.000 ₫,Hồ Chí Minh,https://img.lazcdn.com/g/p/2749a29d0a0622f3120965059b9c1d05.jpg_200x200q80.avif
https://www.lazada.vn/products/pdp-i3137175148.html,[Chính hãng] Điện thoại Opp0 FFIND N3 FLIP (12GB/256GB) - Hàng chính hãng bảo hành 12 tháng trên toàn quốc,Voucher giảm  50%,1.475.000 ₫,Hà Nội,https://img.lazcdn.com/g/p/84bb3a579b9c193af18d6bbff6c37841.jpg_200x200q80.avif
https://www.lazada.vn/products/pdp-i2831759669.html,SAMSUNG S9PLUS LƯỚT WEB BAO MƯỢT MÁY ĐẸP BAO BỀN 6G/64G.,Voucher giảm  20%,1.930.000 ₫,Bạc Liêu,https://img.lazcdn.com/g/p/b796b8beea010acc8044edc27f663557.png_200x200q80.avif
https://www.lazada.vn/products/pdp-i3137129726.html,"Điện thoại siêu phẩm SS_ z f0ld 4 (12Gb/256GB)-Chính Hãng, mới 100% bảo hành 12 tháng toàn quốc",Voucher giảm  50%,1.400.000 ₫,Hà Nội,https://img.lazcdn.com/g/p/f5eb29d04b110755db15abe4a296be1f.jpg_200x200q80.avif
https://www.lazada.vn/products/pdp-i3137045450.html,"Điện thoạimi Mi 13 Utra Cấu hình mạnh, cày game nặng siêu mượt",Voucher giảm  50%,1.200.000 ₫,Hà Nội,https://img.lazcdn.com/g/p/9f7e6b4f58058bbdcdf56da994529595.jpg_200x200q80.avif
https://www.lazada.vn/products/pdp-i3009801936.html,"[ SALE KHỦNG - GIÁ SỐC ] điện thoại Samsung Galaxy A51 2sim ram 6G/128G máy Chính Hãng, Màn hình: Super AMOLED6.5""Full HD+, Camera sau: Chính 48 MP & Phụ 12 MP, 5 MP, 5 MP Camera trước: 32 MP LN1",,1.009.000 ₫,Hồ Chí Minh,https://img.lazcdn.com/g/p/25f1ba63b5498d8747457c0713578eb5.jpg_200x200q80.avif
https://www.lazada.vn/products/pdp-i3138873589.html,điện thoại 0PP0 A93 5G (8GB/128GB) | Cấu hình Cao Chiến mọi Game mượt - Hàng chính hãng Bảo hành 12 tháng,Voucher giảm  50%,750.000 ₫,Nam Định,https://img.lazcdn.com/g/p/ff9684b8acfbb55477c1e65c3b3c1771.jpg_200x200q80.avif
https://www.lazada.vn/products/pdp-i3136312463.html,"Điện thoại di động chắc chắn Oukitel WP32 Pro, RAM 24Gb(6GB + 18GB),ROM 256GB,Màn hình 6 inch HD,camera 20MP, NFC)",Voucher giảm  50%,1.025.000 ₫,Đăk Lăk,https://img.lazcdn.com/g/p/9b095e25df555170a3338be4f1e2e1ad.jpg_200x200q80.avif
https://www.lazada.vn/products/pdp-i2306662505.html,đt giá học sinh ，S23 Ultra Hình Full HD 7.3Inch Di Động Bộ Nhớ Lớn 8+256GB Camera HD 32+64MP Pin 6800mAh Điện thoại giá rẻ,,2.297.320 ₫,Hà Nội,https://img.lazcdn.com/g/p/f259e157c4a53cb811a1f0a3a58a1992.jpg_200x200q80.avif
https://www.lazada.vn/products/pdp-i2413426066.html,Điện thoại Samsung ZFlip 5 256GB - Hàng Chính Hãng,,25.990.000 ₫,Hồ Chí Minh,https://img.lazcdn.com/g/p/2a7bc46bfba364e1ce6be9840adfe9fa.png_200x200q80.avif
https://www.lazada.vn/products/pdp-i2713524449.html,"Điện Thoại Samsung Galaxy Z Flip6 - Hàng Chính Hãng, Mới 100%, Nguyên seal, Bảo hành 12 tháng",,28.990.000 ₫,Hồ Chí Minh,https://img.lazcdn.com/g/p/0ead29dd33ea0562e30ca014764f9e03.png_200x200q80.avif
https://www.lazada.vn/products/pdp-i2073730428.html,BM10 Pocket Mini GSM Mobile Phone Bluetooth Dialer Headset Cellphone,,198.021 ₫,China,https://img.lazcdn.com/g/p/3b6937454b7807d430aeb74a820711f7.jpg_200x200q80.avif
https://www.lazada.vn/products/pdp-i2369183202.html,"ĐIỆN THOẠI IP6G -  Bản 64GB - PYPASS LẮP SIM NGHE GỌI - GAME LIÊN QUÂN, ZAL00, FACEB00K, TIKT0K, YOUTUBE OK",Voucher giảm  11%,800.000 ₫,Thái Bình,https://img.lazcdn.com/g/p/7fbba7f3f8a33992b4bff830ef23de8e.jpg_200x200q80.avif
https://www.lazada.vn/products/pdp-i3132369202.html,"Điện thoại Ss M51 2sim ram 8G/128G, Hàng Chính Hãng, bảo hành 12 tháng Chụp ảnh đẹp, VÂN TAY OK",Voucher giảm  30%,490.000 ₫,Thanh Hóa,https://img.lazcdn.com/g/p/09690e5a3d594637b503730822509ecc.jpg_200x200q80.avif
https://www.lazada.vn/products/pdp-i3136673915.html,"Điện thoại Red.mi Note 11 pro 2sim ram 8G/128G, Chính Hãng, mới 100% bảo hành 12 tháng toàn quốc",Voucher giảm  50%,800.000 ₫,Hồ Chí Minh,https://img.lazcdn.com/g/p/8e7c9fdb8de580d820255bf4dcede2e1.jpg_200x200q80.avif
https://www.lazada.vn/products/pdp-i2413399688.html,"Điện thoại Xiaomi Mi 12, Snaρ 8 Gen 1, Quốc tế có Tiếng Việt, Pin 4.500mAh, sạc nhanh 67W, Fullbox - HỖ TRỢ TRẢ GÓP TỪ XA QUA THẺ TÍN DỤNG",,7.299.000 ₫,Vĩnh Phúc,https://img.lazcdn.com/g/ff/kf/S81d09274c57d477994a5d151c655e100p.jpg_200x200q80.avif
https://www.lazada.vn/products/pdp-i3137089928.html,[Chính hãng]Điện thoại 0PP0_Ren0 13 5G - (BH 12 tháng Lỗi 1 đổi 1 trong 30 ngày),Voucher giảm  50%,1.400.000 ₫,Hồ Chí Minh,https://img.lazcdn.com/g/p/a819fad4b27b1ec18e35d18ddb8f56a5.jpg_200x200q80.avif
https://www.lazada.vn/products/pdp-i2826927445.html,Điện thoại phổ thông Pin Lớn 6000mAh điện thoại Mạng 4G điện thoại rẻ Bộ nhớ 16+512GB điên thoại Mới 100% điện thoại giá rẻ,Voucher giảm  46%,1.015.955 ₫,Hà Nội,https://img.lazcdn.com/g/p/9bfc496c04730894b45daa3c223d2a2b.jpg_200x200q80.avif
https://www.lazada.vn/products/pdp-i2834040585.html,Điện thoại 4G H11 có 4G VoLTE - Cổng sạc TypeC Đèn pin,Voucher giảm  50%,199.000 ₫,Nghệ An,https://img.lazcdn.com/g/p/9f3d7d636d5f179ea1ca75db65387dab.jpg_200x200q80.avif
https://www.lazada.vn/products/pdp-i2215261953.html,Samsung galaxy S20 FE,,7.999.000 ₫,Tây Ninh,https://img.lazcdn.com/g/ff/kf/S93ffd4f35762433b86c62b5f24f396458.jpg_200x200q80.avif
https://www.lazada.vn/products/pdp-i2827838703.html,"rẻ điện thoai OPPPO K9X 2SIM MỚI, 8GB/256GB MÁY MỚI FULL CHỨC NĂNG.. HKP01 NGON BỔ RẺ....",Voucher giảm  24%,2.349.000 ₫,Hồ Chí Minh,https://img.lazcdn.com/g/p/7b75532ea3bd68324ce06e0aed077341.jpg_200x200q80.avif
https://www.lazada.vn/products/pdp-i2811755135.html,điện thoại samsung a10 cũ 97%,,645.000 ₫,Tuyên Quang,https://img.lazcdn.com/g/ff/kf/S6071bbfdae3141ebb592957b9d65c8138.jpg_200x200q80.avif
https://www.lazada.vn/products/pdp-i3082255791.html,"Điện thoại giá rẻ Samsung Galaxy A71 2sim ram 8G/128G, Cấu hình Cao Chiến mọi Game mượt, Chụp ảnh đẹp.",Voucher giảm  46%,999.000 ₫,Hồ Chí Minh,https://img.lazcdn.com/g/p/e1ffde343f03629eb9c7579cc40bde67.jpg_200x200q80.avif
https://www.lazada.vn/products/pdp-i3136167850.html,[Chính hãng] Điện thoại Opp0 FFIND N3 FLIP (12GB/256GB) - Hàng chính hãng bảo hành 12 tháng trên toàn quốc,Voucher giảm  50%,1.475.000 ₫,Đăk Lăk,https://img.lazcdn.com/g/p/84bb3a579b9c193af18d6bbff6c37841.jpg_200x200q80.avif
https://www.lazada.vn/products/pdp-i3137116226.html,"Điện thoại siêu phẩm SS_ A55 5G 128GB-Chính hãng newseal 100%, Bảo hành chính hãng 12 tháng.",Voucher giảm  50%,1.100.000 ₫,Hà Nội,https://img.lazcdn.com/g/p/1d3dc590396f33e0b4fe9062d507d14f.jpg_200x200q80.avif
https://www.lazada.vn/products/pdp-i3132214650.html,"Điện thoại Redmi_n0te 13pr Ram 8GB/128GB pin 5100 mAh máy chính hãng mới 100% , bảo hành 12 tháng toàn quốc",,1.200.000 ₫,Quảng Ngãi,https://img.lazcdn.com/g/p/10d35d63be0423d4a0df1d568beec0e5.jpg_200x200q80.avif
https://www.lazada.vn/products/pdp-i3138911175.html,"Điện thoại P0c0 X7pr0 Ram 12GB/256GB pin 6000 mAh máy chính hãng, bảo hành 12 tháng",Voucher giảm  50%,1.000.000 ₫,Nam Định,https://img.lazcdn.com/g/p/4088d5ec3e9f7d10227ebacbfd214ddc.jpg_200x200q80.avif
https://www.lazada.vn/products/pdp-i3070834924.html,điện thoại A53 2SIM mới 6GB/128GB siêu mượt,Voucher giảm  23%,1.179.000 ₫,Hồ Chí Minh,https://img.lazcdn.com/g/p/70af79b989e820ecfebbc07d48278db4.jpg_200x200q80.avif
https://www.lazada.vn/products/pdp-i3136710722.html,"Điện thoại Redmi_n0te 13pr Ram 8GB/128GB pin 5100 mAh máy chính hãng mới 100% , bảo hành 12 tháng toàn quốc",Voucher giảm  50%,1.200.000 ₫,Hồ Chí Minh,https://img.lazcdn.com/g/p/10d35d63be0423d4a0df1d568beec0e5.jpg_200x200q80.avif
https://www.lazada.vn/products/pdp-i2211115249.html,điện thoại Không thấm nước S23 Ultra Bộ Nhớ Lớn 12+512 GB Điện Thoại Di Động Máy ảnh HD 6.7 Inch Pin 5600 mAh Bền bỉ Hai Thẻ Sim Camera HD 24+48 MP Thời trang Thông minh điện thoại miễn phí vận chuyển dụng phổ biến,Voucher giảm  52%,1.198.224 ₫,Hà Nội,https://img.lazcdn.com/g/p/a421febdb5e8ffcab7b036f633be6a3a.png_200x200q80.avif
https://www.lazada.vn/products/pdp-i1665171957.html,Samsung  A20  Ram 3G/32G  máy đẹp keeng CẤU HÌNH siêu mượt.,Voucher giảm  28%,868.000 ₫,Bạc Liêu,https://img.lazcdn.com/g/ff/kf/S9f813c03230d4862962c2c0971db0929z.jpg_200x200q80.avif
https://www.lazada.vn/products/pdp-i3136313471.html,"Điện thoại Máy chiếu 8849 Tank 2 PRO (Màn hình 6,79 inch, 2.4K,Ram 24Gb(12 + 12GB),rom 512Gb,camera 100MP,Pin 23800mAh)",Voucher giảm  50%,1.409.000 ₫,Đăk Lăk,https://img.lazcdn.com/g/p/ece90aceb8ffb2bab09aff5956cce9ca.jpg_200x200q80.avif
https://www.lazada.vn/products/pdp-i3015755644.html,"[FREESHIP] ĐIỆN THOẠI 4G DÀNH CHO NGƯỜI GIÀ FORME Q8/N53, ITEL IT8010, PHIXEN 3210, VIETELL A35",,729.900 ₫,Hồ Chí Minh,https://img.lazcdn.com/g/p/93f2f9ed5e46b7a63aa5363fb464323f.jpg_200x200q80.avif
https://www.lazada.vn/products/pdp-i2559146643.html,test测试h Full HD Screen điện thoại,,1.940.869 ₫,Hà Nội,https://img.lazcdn.com/g/p/8c523cc6e25cf9eae1f8b7efc9d1602f.jpg_200x200q80.avif
https://www.lazada.vn/products/pdp-i3082470264.html,"[SALE- RẺ HỦY DIỆT ] Điện thoại 4G giá rẻ Samsung Galaxy A50s 2sim ram 4G/64G, Cấu hình Cao Chiến mọi Game mượt, Chụp ảnh đẹp",,999.000 ₫,Hồ Chí Minh,https://img.lazcdn.com/g/p/a2eeaedae8519a8c9cf0558eb1cd037b.jpg_200x200q80.avif
https://www.lazada.vn/products/pdp-i2403102060.html,Điện Thọai Samsung A01 giá rẻ Chiến Game,,650.000 ₫,Hồ Chí Minh,https://img.lazcdn.com/g/p/e49122017cb5845a8f10219c717f72e8.jpg_200x200q80.avif
https://www.lazada.vn/products/pdp-i3139808618.html,"Điện thoại chắc chắn unihertz Tank 3 (pin  23800mAh,sạc nhanh  120W, Ram 32GB(16+16),rom  512GB, ,5G , Android 13)",Voucher giảm  50%,1.459.000 ₫,Hà Nội,https://img.lazcdn.com/g/p/a254e8c1c4db9d911c883a740dcc418f.jpg_200x200q80.avif
https://www.lazada.vn/products/pdp-i3139047374.html,2025 i16 Pro Max 512G điện thoại di động 6.8inch HD đt điện thoại rẻ cho học sinh 3G/4G/5G giá rẻ SIM kép Smartphone,Voucher giảm  50%,1.396.000 ₫,Hà Nội,https://img.lazcdn.com/g/p/8ebf41af78dc16a4727838d5a547ba59.jpg_200x200q80.avif
https://www.lazada.vn/products/pdp-i2723049146.html,Điện thoại Samsung Galaxy Z Fold6,,43.990.000 ₫,Hồ Chí Minh,https://img.lazcdn.com/g/p/864b2a0179e7d6d7592720522bdb8473.png_200x200q80.avif
https://www.lazada.vn/products/pdp-i2729361124.html,Huyền Thoại Marvel - Stan Lee,,77.777 ₫,Gia Lai,https://img.lazcdn.com/g/p/156267836ca4dc4743f214b80abfffe5.jpg_200x200q80.avif
https://www.lazada.vn/products/pdp-i2636427981.html,Ốp điện thoại Urban Kitsune 2: Paradise by The Runaway cho đủ dòng máy,,171.000 ₫,Hà Nội,https://img.lazcdn.com/g/p/85b9dabacd3981761f33e4c80b8ff79e.jpg_200x200q80.avif
https://www.lazada.vn/products/pdp-i2166570712.html,"Điện thoại Samsung Galaxy Note 20 5G Mỹ 2 sim chính hãng 8/128GB Qualcom Snapdragon 865 , Kèm sạc 25w , máy đảm bảo Tại Playmobile",,6.790.000 ₫,Hà Nội,https://img.lazcdn.com/g/p/250fc6f21a87c1d51be81ead6bf50460.jpg_200x200q80.avif
https://www.lazada.vn/products/pdp-i2362552742.html,Điện thoại Samsung S21 Ultra 2 sim chip Snapdragon,,9.300.000 ₫,Nam Định,https://img.lazcdn.com/g/ff/kf/S96050d4e70144b179eb90b526ef64525b.jpg_200x200q80.avif
https://www.lazada.vn/products/pdp-i3138677638.html,"Điện thoại SS 23ut máy 2sim ram 12G/512G Chính Hãng, bảo hành 12 tháng",Voucher giảm  50%,1.300.000 ₫,Hải Phòng,https://img.lazcdn.com/g/p/f28660b3cb1fadc4bc0251d0b6a92bf2.jpg_200x200q80.avif
https://www.lazada.vn/products/pdp-i3139949536.html,"Điện thoại SS 22ut máy 2sim ram 12G/256G Chính Hãng, bảo hành 12 tháng",Voucher giảm  50%,1.200.000 ₫,Hà Nội,https://img.lazcdn.com/g/p/549fc3fa7ee835d11af459d03d8cbd37.jpg_200x200q80.avif
https://www.lazada.vn/products/pdp-i3136821198.html,"Điện thoạimi Mi 14 Utra Cấu hình mạnh, cày game nặng siêu mượt (16+512GB) mới 100% hàng chính hãng bảo hành 12 tháng toàn quốc",Voucher giảm  50%,1.400.000 ₫,Hồ Chí Minh,https://img.lazcdn.com/g/p/46adb94ff5bb2bb07e7386372409f852.jpg_200x200q80.avif
https://www.lazada.vn/products/pdp-i2610706273.html,Samsung J2 Prime 4G giá rẻ,Voucher giảm  48%,310.000 ₫,Bạc Liêu,https://img.lazcdn.com/g/ff/kf/Sd462f34f2b354f7e82d3f577b25137f9D.jpg_200x200q80.avif
